record_type,unit_id,unit_name,parent_code,month,monthly_share,circular_mean_month,mean_resultant_length
monthly_share,Abura_Asebu_Kwamankese,ABURA-ASEBU-KWAMANKESE,CZ,1,0.1666667165773435,3.6424375059160949,0.84378385037239512
monthly_share,Abura_Asebu_Kwamankese,ABURA-ASEBU-KWAMANKESE,CZ,2,0,3.6424375059160949,0.84378385037239512
monthly_share,Abura_Asebu_Kwamankese,ABURA-ASEBU-KWAMANKESE,CZ,3,0.0064102653415457969,3.6424375059160949,0.84378385037239512
monthly_share,Abura_Asebu_Kwamankese,ABURA-ASEBU-KWAMANKESE,CZ,4,0.80128206590917783,3.6424375059160949,0.84378385037239512
monthly_share,Abura_Asebu_Kwamankese,ABURA-ASEBU-KWAMANKESE,CZ,5,0.025640952171932779,3.6424375059160949,0.84378385037239512
monthly_share,Abura_Asebu_Kwamankese,ABURA-ASEBU-KWAMANKESE,CZ,6,0,3.6424375059160949,0.84378385037239512
monthly_share,Abura_Asebu_Kwamankese,ABURA-ASEBU-KWAMANKESE,CZ,7,0,3.6424375059160949,0.84378385037239512
monthly_share,Abura_Asebu_Kwamankese,ABURA-ASEBU-KWAMANKESE,CZ,8,0,3.6424375059160949,0.84378385037239512
monthly_share,Abura_Asebu_Kwamankese,ABURA-ASEBU-KWAMANKESE,CZ,9,0,3.6424375059160949,0.84378385037239512
monthly_share,Abura_Asebu_Kwamankese,ABURA-ASEBU-KWAMANKESE,CZ,10,0,3.6424375059160949,0.84378385037239512
monthly_share,Abura_Asebu_Kwamankese,ABURA-ASEBU-KWAMANKESE,CZ,11,0,3.6424375059160949,0.84378385037239512
monthly_share,Abura_Asebu_Kwamankese,ABURA-ASEBU-KWAMANKESE,CZ,12,0,3.6424375059160949,0.84378385037239512
monthly_share,Accra_Metropolis,ACCRA METROPOLIS,CZ,1,,,
monthly_share,Accra_Metropolis,ACCRA METROPOLIS,CZ,2,,,
monthly_share,Accra_Metropolis,ACCRA METROPOLIS,CZ,3,,,
monthly_share,Accra_Metropolis,ACCRA METROPOLIS,CZ,4,,,
monthly_share,Accra_Metropolis,ACCRA METROPOLIS,CZ,5,,,
monthly_share,Accra_Metropolis,ACCRA METROPOLIS,CZ,6,,,
monthly_share,Accra_Metropolis,ACCRA METROPOLIS,CZ,7,,,
monthly_share,Accra_Metropolis,ACCRA METROPOLIS,CZ,8,,,
monthly_share,Accra_Metropolis,ACCRA METROPOLIS,CZ,9,,,
monthly_share,Accra_Metropolis,ACCRA METROPOLIS,CZ,10,,,
monthly_share,Accra_Metropolis,ACCRA METROPOLIS,CZ,11,,,
monthly_share,Accra_Metropolis,ACCRA METROPOLIS,CZ,12,,,
monthly_share,Ada_East,ADA EAST,CZ,1,0.38043447353807452,0.84577933176250042,0.9120086642378098
monthly_share,Ada_East,ADA EAST,CZ,2,0.20652212239597079,0.84577933176250042,0.9120086642378098
monthly_share,Ada_East,ADA EAST,CZ,3,0.021739107960374197,0.84577933176250042,0.9120086642378098
monthly_share,Ada_East,ADA EAST,CZ,4,0,0.84577933176250042,0.9120086642378098
monthly_share,Ada_East,ADA EAST,CZ,5,0,0.84577933176250042,0.9120086642378098
monthly_share,Ada_East,ADA EAST,CZ,6,0,0.84577933176250042,0.9120086642378098
monthly_share,Ada_East,ADA EAST,CZ,7,0,0.84577933176250042,0.9120086642378098
monthly_share,Ada_East,ADA EAST,CZ,8,0,0.84577933176250042,0.9120086642378098
monthly_share,Ada_East,ADA EAST,CZ,9,0,0.84577933176250042,0.9120086642378098
monthly_share,Ada_East,ADA EAST,CZ,10,0,0.84577933176250042,0.9120086642378098
monthly_share,Ada_East,ADA EAST,CZ,11,0,0.84577933176250042,0.9120086642378098
monthly_share,Ada_East,ADA EAST,CZ,12,0.3913042961055806,0.84577933176250042,0.9120086642378098
monthly_share,Ada_West,ADA WEST,CZ,1,0.50000007549036851,0.30099834233222111,0.79643009899231765
monthly_share,Ada_West,ADA WEST,CZ,2,0,0.30099834233222111,0.79643009899231765
monthly_share,Ada_West,ADA WEST,CZ,3,0.032608737733303812,0.30099834233222111,0.79643009899231765
monthly_share,Ada_West,ADA WEST,CZ,4,0,0.30099834233222111,0.79643009899231765
monthly_share,Ada_West,ADA WEST,CZ,5,0,0.30099834233222111,0.79643009899231765
monthly_share,Ada_West,ADA WEST,CZ,6,0,0.30099834233222111,0.79643009899231765
monthly_share,Ada_West,ADA WEST,CZ,7,0,0.30099834233222111,0.79643009899231765
monthly_share,Ada_West,ADA WEST,CZ,8,0,0.30099834233222111,0.79643009899231765
monthly_share,Ada_West,ADA WEST,CZ,9,0.097825722909833851,0.30099834233222111,0.79643009899231765
monthly_share,Ada_West,ADA WEST,CZ,10,0,0.30099834233222111,0.79643009899231765
monthly_share,Ada_West,ADA WEST,CZ,11,0.11956552028561129,0.30099834233222111,0.79643009899231765
monthly_share,Ada_West,ADA WEST,CZ,12,0.24999994358088243,0.30099834233222111,0.79643009899231765
monthly_share,Adenta_Municipal,ADENTA MUNICIPAL,CZ,1,0,11.999999999999998,1
monthly_share,Adenta_Municipal,ADENTA MUNICIPAL,CZ,2,0,11.999999999999998,1
monthly_share,Adenta_Municipal,ADENTA MUNICIPAL,CZ,3,0,11.999999999999998,1
monthly_share,Adenta_Municipal,ADENTA MUNICIPAL,CZ,4,0,11.999999999999998,1
monthly_share,Adenta_Municipal,ADENTA MUNICIPAL,CZ,5,0,11.999999999999998,1
monthly_share,Adenta_Municipal,ADENTA MUNICIPAL,CZ,6,0,11.999999999999998,1
monthly_share,Adenta_Municipal,ADENTA MUNICIPAL,CZ,7,0,11.999999999999998,1
monthly_share,Adenta_Municipal,ADENTA MUNICIPAL,CZ,8,0,11.999999999999998,1
monthly_share,Adenta_Municipal,ADENTA MUNICIPAL,CZ,9,0,11.999999999999998,1
monthly_share,Adenta_Municipal,ADENTA MUNICIPAL,CZ,10,0,11.999999999999998,1
monthly_share,Adenta_Municipal,ADENTA MUNICIPAL,CZ,11,0,11.999999999999998,1
monthly_share,Adenta_Municipal,ADENTA MUNICIPAL,CZ,12,1,11.999999999999998,1
monthly_share,Ahanta_West_Municipal,AHANTA WEST MUNICIPAL,CZ,1,0.11999992069054227,2.455009676120067,0.8474759983003235
monthly_share,Ahanta_West_Municipal,AHANTA WEST MUNICIPAL,CZ,2,0.15999989132966633,2.455009676120067,0.8474759983003235
monthly_share,Ahanta_West_Municipal,AHANTA WEST MUNICIPAL,CZ,3,0.60000046322338119,2.455009676120067,0.8474759983003235
monthly_share,Ahanta_West_Municipal,AHANTA WEST MUNICIPAL,CZ,4,0.039999830268402467,2.455009676120067,0.8474759983003235
monthly_share,Ahanta_West_Municipal,AHANTA WEST MUNICIPAL,CZ,5,0,2.455009676120067,0.8474759983003235
monthly_share,Ahanta_West_Municipal,AHANTA WEST MUNICIPAL,CZ,6,0,2.455009676120067,0.8474759983003235
monthly_share,Ahanta_West_Municipal,AHANTA WEST MUNICIPAL,CZ,7,0,2.455009676120067,0.8474759983003235
monthly_share,Ahanta_West_Municipal,AHANTA WEST MUNICIPAL,CZ,8,0,2.455009676120067,0.8474759983003235
monthly_share,Ahanta_West_Municipal,AHANTA WEST MUNICIPAL,CZ,9,0,2.455009676120067,0.8474759983003235
monthly_share,Ahanta_West_Municipal,AHANTA WEST MUNICIPAL,CZ,10,0,2.455009676120067,0.8474759983003235
monthly_share,Ahanta_West_Municipal,AHANTA WEST MUNICIPAL,CZ,11,0.039999973563514091,2.455009676120067,0.8474759983003235
monthly_share,Ahanta_West_Municipal,AHANTA WEST MUNICIPAL,CZ,12,0.03999992092449349,2.455009676120067,0.8474759983003235
monthly_share,Ajumako_Enyan_Essiam,AJUMAKO-ENYAN-ESSIAM,CZ,1,0.0056818296285858242,3.6493863671445159,0.96485822876644411
monthly_share,Ajumako_Enyan_Essiam,AJUMAKO-ENYAN-ESSIAM,CZ,2,0,3.6493863671445159,0.96485822876644411
monthly_share,Ajumako_Enyan_Essiam,AJUMAKO-ENYAN-ESSIAM,CZ,3,0.34090884600018689,3.6493863671445159,0.96485822876644411
monthly_share,Ajumako_Enyan_Essiam,AJUMAKO-ENYAN-ESSIAM,CZ,4,0.65340932437122734,3.6493863671445159,0.96485822876644411
monthly_share,Ajumako_Enyan_Essiam,AJUMAKO-ENYAN-ESSIAM,CZ,5,0,3.6493863671445159,0.96485822876644411
monthly_share,Ajumako_Enyan_Essiam,AJUMAKO-ENYAN-ESSIAM,CZ,6,0,3.6493863671445159,0.96485822876644411
monthly_share,Ajumako_Enyan_Essiam,AJUMAKO-ENYAN-ESSIAM,CZ,7,0,3.6493863671445159,0.96485822876644411
monthly_share,Ajumako_Enyan_Essiam,AJUMAKO-ENYAN-ESSIAM,CZ,8,0,3.6493863671445159,0.96485822876644411
monthly_share,Ajumako_Enyan_Essiam,AJUMAKO-ENYAN-ESSIAM,CZ,9,0,3.6493863671445159,0.96485822876644411
monthly_share,Ajumako_Enyan_Essiam,AJUMAKO-ENYAN-ESSIAM,CZ,10,0,3.6493863671445159,0.96485822876644411
monthly_share,Ajumako_Enyan_Essiam,AJUMAKO-ENYAN-ESSIAM,CZ,11,0,3.6493863671445159,0.96485822876644411
monthly_share,Ajumako_Enyan_Essiam,AJUMAKO-ENYAN-ESSIAM,CZ,12,0,3.6493863671445159,0.96485822876644411
monthly_share,Akatsi_North,AKATSI NORTH,CZ,1,0.72118272902785285,0.92490999251479877,0.96309274224122154
monthly_share,Akatsi_North,AKATSI NORTH,CZ,2,0.10155687990893524,0.92490999251479877,0.96309274224122154
monthly_share,Akatsi_North,AKATSI NORTH,CZ,3,7.1418557356549693e-05,0.92490999251479877,0.96309274224122154
monthly_share,Akatsi_North,AKATSI NORTH,CZ,4,7.1418103126280478e-05,0.92490999251479877,0.96309274224122154
monthly_share,Akatsi_North,AKATSI NORTH,CZ,5,0,0.92490999251479877,0.96309274224122154
monthly_share,Akatsi_North,AKATSI NORTH,CZ,6,0,0.92490999251479877,0.96309274224122154
monthly_share,Akatsi_North,AKATSI NORTH,CZ,7,0,0.92490999251479877,0.96309274224122154
monthly_share,Akatsi_North,AKATSI NORTH,CZ,8,0,0.92490999251479877,0.96309274224122154
monthly_share,Akatsi_North,AKATSI NORTH,CZ,9,0,0.92490999251479877,0.96309274224122154
monthly_share,Akatsi_North,AKATSI NORTH,CZ,10,0,0.92490999251479877,0.96309274224122154
monthly_share,Akatsi_North,AKATSI NORTH,CZ,11,0.00057134880344087758,0.92490999251479877,0.96309274224122154
monthly_share,Akatsi_North,AKATSI NORTH,CZ,12,0.17654620559928821,0.92490999251479877,0.96309274224122154
monthly_share,Akatsi_South,AKATSI SOUTH,CZ,1,0.58236592059684322,1.2716707393044415,0.92480105885632513
monthly_share,Akatsi_South,AKATSI SOUTH,CZ,2,0.23974661870119762,1.2716707393044415,0.92480105885632513
monthly_share,Akatsi_South,AKATSI SOUTH,CZ,3,0.069206516523777351,1.2716707393044415,0.92480105885632513
monthly_share,Akatsi_South,AKATSI SOUTH,CZ,4,0.0037593747325511523,1.2716707393044415,0.92480105885632513
monthly_share,Akatsi_South,AKATSI SOUTH,CZ,5,0,1.2716707393044415,0.92480105885632513
monthly_share,Akatsi_South,AKATSI SOUTH,CZ,6,0,1.2716707393044415,0.92480105885632513
monthly_share,Akatsi_South,AKATSI SOUTH,CZ,7,0,1.2716707393044415,0.92480105885632513
monthly_share,Akatsi_South,AKATSI SOUTH,CZ,8,0,1.2716707393044415,0.92480105885632513
monthly_share,Akatsi_South,AKATSI SOUTH,CZ,9,0,1.2716707393044415,0.92480105885632513
monthly_share,Akatsi_South,AKATSI SOUTH,CZ,10,0,1.2716707393044415,0.92480105885632513
monthly_share,Akatsi_South,AKATSI SOUTH,CZ,11,0,1.2716707393044415,0.92480105885632513
monthly_share,Akatsi_South,AKATSI SOUTH,CZ,12,0.10492156944563057,1.2716707393044415,0.92480105885632513
monthly_share,Anloga,ANLOGA,CZ,1,0.45054961062306592,1.5239630654149949,0.85791511495623951
monthly_share,Anloga,ANLOGA,CZ,2,0.13186813480793516,1.5239630654149949,0.85791511495623951
monthly_share,Anloga,ANLOGA,CZ,3,0.27472518665477025,1.5239630654149949,0.85791511495623951
monthly_share,Anloga,ANLOGA,CZ,4,0,1.5239630654149949,0.85791511495623951
monthly_share,Anloga,ANLOGA,CZ,5,0,1.5239630654149949,0.85791511495623951
monthly_share,Anloga,ANLOGA,CZ,6,0,1.5239630654149949,0.85791511495623951
monthly_share,Anloga,ANLOGA,CZ,7,0,1.5239630654149949,0.85791511495623951
monthly_share,Anloga,ANLOGA,CZ,8,0,1.5239630654149949,0.85791511495623951
monthly_share,Anloga,ANLOGA,CZ,9,0,1.5239630654149949,0.85791511495623951
monthly_share,Anloga,ANLOGA,CZ,10,0,1.5239630654149949,0.85791511495623951
monthly_share,Anloga,ANLOGA,CZ,11,0,1.5239630654149949,0.85791511495623951
monthly_share,Anloga,ANLOGA,CZ,12,0.14285706791422864,1.5239630654149949,0.85791511495623951
monthly_share,Ashaiman_Municipal,ASHAIMAN MUNICIPAL,CZ,1,,,
monthly_share,Ashaiman_Municipal,ASHAIMAN MUNICIPAL,CZ,2,,,
monthly_share,Ashaiman_Municipal,ASHAIMAN MUNICIPAL,CZ,3,,,
monthly_share,Ashaiman_Municipal,ASHAIMAN MUNICIPAL,CZ,4,,,
monthly_share,Ashaiman_Municipal,ASHAIMAN MUNICIPAL,CZ,5,,,
monthly_share,Ashaiman_Municipal,ASHAIMAN MUNICIPAL,CZ,6,,,
monthly_share,Ashaiman_Municipal,ASHAIMAN MUNICIPAL,CZ,7,,,
monthly_share,Ashaiman_Municipal,ASHAIMAN MUNICIPAL,CZ,8,,,
monthly_share,Ashaiman_Municipal,ASHAIMAN MUNICIPAL,CZ,9,,,
monthly_share,Ashaiman_Municipal,ASHAIMAN MUNICIPAL,CZ,10,,,
monthly_share,Ashaiman_Municipal,ASHAIMAN MUNICIPAL,CZ,11,,,
monthly_share,Ashaiman_Municipal,ASHAIMAN MUNICIPAL,CZ,12,,,
monthly_share,Awutu_Senya,AWUTU SENYA,CZ,1,0.26530632411139432,2.2723449138290124,0.75510052122741478
monthly_share,Awutu_Senya,AWUTU SENYA,CZ,2,0.28571484776871936,2.2723449138290124,0.75510052122741478
monthly_share,Awutu_Senya,AWUTU SENYA,CZ,3,0.020408167071406354,2.2723449138290124,0.75510052122741478
monthly_share,Awutu_Senya,AWUTU SENYA,CZ,4,0.34693816583384429,2.2723449138290124,0.75510052122741478
monthly_share,Awutu_Senya,AWUTU SENYA,CZ,5,0,2.2723449138290124,0.75510052122741478
monthly_share,Awutu_Senya,AWUTU SENYA,CZ,6,0,2.2723449138290124,0.75510052122741478
monthly_share,Awutu_Senya,AWUTU SENYA,CZ,7,0,2.2723449138290124,0.75510052122741478
monthly_share,Awutu_Senya,AWUTU SENYA,CZ,8,0,2.2723449138290124,0.75510052122741478
monthly_share,Awutu_Senya,AWUTU SENYA,CZ,9,0,2.2723449138290124,0.75510052122741478
monthly_share,Awutu_Senya,AWUTU SENYA,CZ,10,0,2.2723449138290124,0.75510052122741478
monthly_share,Awutu_Senya,AWUTU SENYA,CZ,11,0,2.2723449138290124,0.75510052122741478
monthly_share,Awutu_Senya,AWUTU SENYA,CZ,12,0.081632495214635614,2.2723449138290124,0.75510052122741478
monthly_share,Awutu_Senya_East,AWUTU SENYA EAST,CZ,1,0.069444327801648137,3.3583708011901354,0.79441099141968474
monthly_share,Awutu_Senya_East,AWUTU SENYA EAST,CZ,2,0.1527787778088904,3.3583708011901354,0.79441099141968474
monthly_share,Awutu_Senya_East,AWUTU SENYA EAST,CZ,3,0,3.3583708011901354,0.79441099141968474
monthly_share,Awutu_Senya_East,AWUTU SENYA EAST,CZ,4,0.70833259400331272,3.3583708011901354,0.79441099141968474
monthly_share,Awutu_Senya_East,AWUTU SENYA EAST,CZ,5,0,3.3583708011901354,0.79441099141968474
monthly_share,Awutu_Senya_East,AWUTU SENYA EAST,CZ,6,0,3.3583708011901354,0.79441099141968474
monthly_share,Awutu_Senya_East,AWUTU SENYA EAST,CZ,7,0,3.3583708011901354,0.79441099141968474
monthly_share,Awutu_Senya_East,AWUTU SENYA EAST,CZ,8,0,3.3583708011901354,0.79441099141968474
monthly_share,Awutu_Senya_East,AWUTU SENYA EAST,CZ,9,0,3.3583708011901354,0.79441099141968474
monthly_share,Awutu_Senya_East,AWUTU SENYA EAST,CZ,10,0,3.3583708011901354,0.79441099141968474
monthly_share,Awutu_Senya_East,AWUTU SENYA EAST,CZ,11,0,3.3583708011901354,0.79441099141968474
monthly_share,Awutu_Senya_East,AWUTU SENYA EAST,CZ,12,0.069444300386148683,3.3583708011901354,0.79441099141968474
monthly_share,Ayawaso_West,AYAWASO WEST,CZ,1,,,
monthly_share,Ayawaso_West,AYAWASO WEST,CZ,2,,,
monthly_share,Ayawaso_West,AYAWASO WEST,CZ,3,,,
monthly_share,Ayawaso_West,AYAWASO WEST,CZ,4,,,
monthly_share,Ayawaso_West,AYAWASO WEST,CZ,5,,,
monthly_share,Ayawaso_West,AYAWASO WEST,CZ,6,,,
monthly_share,Ayawaso_West,AYAWASO WEST,CZ,7,,,
monthly_share,Ayawaso_West,AYAWASO WEST,CZ,8,,,
monthly_share,Ayawaso_West,AYAWASO WEST,CZ,9,,,
monthly_share,Ayawaso_West,AYAWASO WEST,CZ,10,,,
monthly_share,Ayawaso_West,AYAWASO WEST,CZ,11,,,
monthly_share,Ayawaso_West,AYAWASO WEST,CZ,12,,,
monthly_share,Cape_Coast_Metropolitan,CAPE COAST METROPOLITAN,CZ,1,0,3.1978458900129514,0.76636843811284794
monthly_share,Cape_Coast_Metropolitan,CAPE COAST METROPOLITAN,CZ,2,0,3.1978458900129514,0.76636843811284794
monthly_share,Cape_Coast_Metropolitan,CAPE COAST METROPOLITAN,CZ,3,0.49999958419358426,3.1978458900129514,0.76636843811284794
monthly_share,Cape_Coast_Metropolitan,CAPE COAST METROPOLITAN,CZ,4,0.37500084646306064,3.1978458900129514,0.76636843811284794
monthly_share,Cape_Coast_Metropolitan,CAPE COAST METROPOLITAN,CZ,5,0,3.1978458900129514,0.76636843811284794
monthly_share,Cape_Coast_Metropolitan,CAPE COAST METROPOLITAN,CZ,6,0,3.1978458900129514,0.76636843811284794
monthly_share,Cape_Coast_Metropolitan,CAPE COAST METROPOLITAN,CZ,7,0,3.1978458900129514,0.76636843811284794
monthly_share,Cape_Coast_Metropolitan,CAPE COAST METROPOLITAN,CZ,8,0,3.1978458900129514,0.76636843811284794
monthly_share,Cape_Coast_Metropolitan,CAPE COAST METROPOLITAN,CZ,9,0,3.1978458900129514,0.76636843811284794
monthly_share,Cape_Coast_Metropolitan,CAPE COAST METROPOLITAN,CZ,10,0,3.1978458900129514,0.76636843811284794
monthly_share,Cape_Coast_Metropolitan,CAPE COAST METROPOLITAN,CZ,11,0.12499956934335511,3.1978458900129514,0.76636843811284794
monthly_share,Cape_Coast_Metropolitan,CAPE COAST METROPOLITAN,CZ,12,0,3.1978458900129514,0.76636843811284794
monthly_share,Central_Tongu,CENTRAL TONGU,CZ,1,0.64388212305162029,0.94172813650201093,0.94320144810453488
monthly_share,Central_Tongu,CENTRAL TONGU,CZ,2,0.14027411163447603,0.94172813650201093,0.94320144810453488
monthly_share,Central_Tongu,CENTRAL TONGU,CZ,3,0.010702916168973765,0.94172813650201093,0.94320144810453488
monthly_share,Central_Tongu,CENTRAL TONGU,CZ,4,0,0.94172813650201093,0.94320144810453488
monthly_share,Central_Tongu,CENTRAL TONGU,CZ,5,0,0.94172813650201093,0.94320144810453488
monthly_share,Central_Tongu,CENTRAL TONGU,CZ,6,0,0.94172813650201093,0.94320144810453488
monthly_share,Central_Tongu,CENTRAL TONGU,CZ,7,0,0.94172813650201093,0.94320144810453488
monthly_share,Central_Tongu,CENTRAL TONGU,CZ,8,0,0.94172813650201093,0.94320144810453488
monthly_share,Central_Tongu,CENTRAL TONGU,CZ,9,0,0.94172813650201093,0.94320144810453488
monthly_share,Central_Tongu,CENTRAL TONGU,CZ,10,0,0.94172813650201093,0.94320144810453488
monthly_share,Central_Tongu,CENTRAL TONGU,CZ,11,0.015324770005646733,0.94172813650201093,0.94320144810453488
monthly_share,Central_Tongu,CENTRAL TONGU,CZ,12,0.18981607913928311,0.94172813650201093,0.94320144810453488
monthly_share,Effia_Kwesimintsim_Municipal,EFFIA KWESIMINTSIM MUNICIPAL,CZ,1,1,1,1
monthly_share,Effia_Kwesimintsim_Municipal,EFFIA KWESIMINTSIM MUNICIPAL,CZ,2,0,1,1
monthly_share,Effia_Kwesimintsim_Municipal,EFFIA KWESIMINTSIM MUNICIPAL,CZ,3,0,1,1
monthly_share,Effia_Kwesimintsim_Municipal,EFFIA KWESIMINTSIM MUNICIPAL,CZ,4,0,1,1
monthly_share,Effia_Kwesimintsim_Municipal,EFFIA KWESIMINTSIM MUNICIPAL,CZ,5,0,1,1
monthly_share,Effia_Kwesimintsim_Municipal,EFFIA KWESIMINTSIM MUNICIPAL,CZ,6,0,1,1
monthly_share,Effia_Kwesimintsim_Municipal,EFFIA KWESIMINTSIM MUNICIPAL,CZ,7,0,1,1
monthly_share,Effia_Kwesimintsim_Municipal,EFFIA KWESIMINTSIM MUNICIPAL,CZ,8,0,1,1
monthly_share,Effia_Kwesimintsim_Municipal,EFFIA KWESIMINTSIM MUNICIPAL,CZ,9,0,1,1
monthly_share,Effia_Kwesimintsim_Municipal,EFFIA KWESIMINTSIM MUNICIPAL,CZ,10,0,1,1
monthly_share,Effia_Kwesimintsim_Municipal,EFFIA KWESIMINTSIM MUNICIPAL,CZ,11,0,1,1
monthly_share,Effia_Kwesimintsim_Municipal,EFFIA KWESIMINTSIM MUNICIPAL,CZ,12,0,1,1
monthly_share,Effutu_Municipal,EFFUTU MUNICIPAL,CZ,1,0.27225123393463269,1.5720523233774584,0.62039601605088301
monthly_share,Effutu_Municipal,EFFUTU MUNICIPAL,CZ,2,0.03141359852737656,1.5720523233774584,0.62039601605088301
monthly_share,Effutu_Municipal,EFFUTU MUNICIPAL,CZ,3,0,1.5720523233774584,0.62039601605088301
monthly_share,Effutu_Municipal,EFFUTU MUNICIPAL,CZ,4,0.32460761539387772,1.5720523233774584,0.62039601605088301
monthly_share,Effutu_Municipal,EFFUTU MUNICIPAL,CZ,5,0.020942439591375091,1.5720523233774584,0.62039601605088301
monthly_share,Effutu_Municipal,EFFUTU MUNICIPAL,CZ,6,0,1.5720523233774584,0.62039601605088301
monthly_share,Effutu_Municipal,EFFUTU MUNICIPAL,CZ,7,0,1.5720523233774584,0.62039601605088301
monthly_share,Effutu_Municipal,EFFUTU MUNICIPAL,CZ,8,0,1.5720523233774584,0.62039601605088301
monthly_share,Effutu_Municipal,EFFUTU MUNICIPAL,CZ,9,0,1.5720523233774584,0.62039601605088301
monthly_share,Effutu_Municipal,EFFUTU MUNICIPAL,CZ,10,0,1.5720523233774584,0.62039601605088301
monthly_share,Effutu_Municipal,EFFUTU MUNICIPAL,CZ,11,0,1.5720523233774584,0.62039601605088301
monthly_share,Effutu_Municipal,EFFUTU MUNICIPAL,CZ,12,0.35078511255273787,1.5720523233774584,0.62039601605088301
monthly_share,Ekumfi,EKUMFI,CZ,1,0.023121381798322366,3.2717410657321735,0.9473798271928221
monthly_share,Ekumfi,EKUMFI,CZ,2,0,3.2717410657321735,0.9473798271928221
monthly_share,Ekumfi,EKUMFI,CZ,3,0.66358378740705326,3.2717410657321735,0.9473798271928221
monthly_share,Ekumfi,EKUMFI,CZ,4,0.29595378910008152,3.2717410657321735,0.9473798271928221
monthly_share,Ekumfi,EKUMFI,CZ,5,0.012716769290348359,3.2717410657321735,0.9473798271928221
monthly_share,Ekumfi,EKUMFI,CZ,6,0,3.2717410657321735,0.9473798271928221
monthly_share,Ekumfi,EKUMFI,CZ,7,0,3.2717410657321735,0.9473798271928221
monthly_share,Ekumfi,EKUMFI,CZ,8,0,3.2717410657321735,0.9473798271928221
monthly_share,Ekumfi,EKUMFI,CZ,9,0,3.2717410657321735,0.9473798271928221
monthly_share,Ekumfi,EKUMFI,CZ,10,0,3.2717410657321735,0.9473798271928221
monthly_share,Ekumfi,EKUMFI,CZ,11,0,3.2717410657321735,0.9473798271928221
monthly_share,Ekumfi,EKUMFI,CZ,12,0.0046242724041943651,3.2717410657321735,0.9473798271928221
monthly_share,Ellembelle,ELLEMBELLE,CZ,1,0.52907126325474285,1.5080630442381446,0.94798524763823999
monthly_share,Ellembelle,ELLEMBELLE,CZ,2,0.44185909251950273,1.5080630442381446,0.94798524763823999
monthly_share,Ellembelle,ELLEMBELLE,CZ,3,0.0058139347959006733,1.5080630442381446,0.94798524763823999
monthly_share,Ellembelle,ELLEMBELLE,CZ,4,0.023255709429853902,1.5080630442381446,0.94798524763823999
monthly_share,Ellembelle,ELLEMBELLE,CZ,5,0,1.5080630442381446,0.94798524763823999
monthly_share,Ellembelle,ELLEMBELLE,CZ,6,0,1.5080630442381446,0.94798524763823999
monthly_share,Ellembelle,ELLEMBELLE,CZ,7,0,1.5080630442381446,0.94798524763823999
monthly_share,Ellembelle,ELLEMBELLE,CZ,8,0,1.5080630442381446,0.94798524763823999
monthly_share,Ellembelle,ELLEMBELLE,CZ,9,0,1.5080630442381446,0.94798524763823999
monthly_share,Ellembelle,ELLEMBELLE,CZ,10,0,1.5080630442381446,0.94798524763823999
monthly_share,Ellembelle,ELLEMBELLE,CZ,11,0,1.5080630442381446,0.94798524763823999
monthly_share,Ellembelle,ELLEMBELLE,CZ,12,0,1.5080630442381446,0.94798524763823999
monthly_share,Ga_Central_Municipal,GA CENTRAL MUNICIPAL,CZ,1,,,
monthly_share,Ga_Central_Municipal,GA CENTRAL MUNICIPAL,CZ,2,,,
monthly_share,Ga_Central_Municipal,GA CENTRAL MUNICIPAL,CZ,3,,,
monthly_share,Ga_Central_Municipal,GA CENTRAL MUNICIPAL,CZ,4,,,
monthly_share,Ga_Central_Municipal,GA CENTRAL MUNICIPAL,CZ,5,,,
monthly_share,Ga_Central_Municipal,GA CENTRAL MUNICIPAL,CZ,6,,,
monthly_share,Ga_Central_Municipal,GA CENTRAL MUNICIPAL,CZ,7,,,
monthly_share,Ga_Central_Municipal,GA CENTRAL MUNICIPAL,CZ,8,,,
monthly_share,Ga_Central_Municipal,GA CENTRAL MUNICIPAL,CZ,9,,,
monthly_share,Ga_Central_Municipal,GA CENTRAL MUNICIPAL,CZ,10,,,
monthly_share,Ga_Central_Municipal,GA CENTRAL MUNICIPAL,CZ,11,,,
monthly_share,Ga_Central_Municipal,GA CENTRAL MUNICIPAL,CZ,12,,,
monthly_share,Ga_East,GA EAST,CZ,1,0.24999983779379376,0.67152731456009462,0.9129888088979895
monthly_share,Ga_East,GA EAST,CZ,2,0.2187500319843223,0.67152731456009462,0.9129888088979895
monthly_share,Ga_East,GA EAST,CZ,3,0,0.67152731456009462,0.9129888088979895
monthly_share,Ga_East,GA EAST,CZ,4,0,0.67152731456009462,0.9129888088979895
monthly_share,Ga_East,GA EAST,CZ,5,0,0.67152731456009462,0.9129888088979895
monthly_share,Ga_East,GA EAST,CZ,6,0,0.67152731456009462,0.9129888088979895
monthly_share,Ga_East,GA EAST,CZ,7,0,0.67152731456009462,0.9129888088979895
monthly_share,Ga_East,GA EAST,CZ,8,0,0.67152731456009462,0.9129888088979895
monthly_share,Ga_East,GA EAST,CZ,9,0,0.67152731456009462,0.9129888088979895
monthly_share,Ga_East,GA EAST,CZ,10,0,0.67152731456009462,0.9129888088979895
monthly_share,Ga_East,GA EAST,CZ,11,0,0.67152731456009462,0.9129888088979895
monthly_share,Ga_East,GA EAST,CZ,12,0.53125013022188383,0.67152731456009462,0.9129888088979895
monthly_share,Ga_North_Municipal,GA NORTH MUNICIPAL,CZ,1,0.55645164439301065,1.1987421358578141,0.88930189598374954
monthly_share,Ga_North_Municipal,GA NORTH MUNICIPAL,CZ,2,0.10483862956698825,1.1987421358578141,0.88930189598374954
monthly_share,Ga_North_Municipal,GA NORTH MUNICIPAL,CZ,3,0.15322583907299508,1.1987421358578141,0.88930189598374954
monthly_share,Ga_North_Municipal,GA NORTH MUNICIPAL,CZ,4,0,1.1987421358578141,0.88930189598374954
monthly_share,Ga_North_Municipal,GA NORTH MUNICIPAL,CZ,5,0,1.1987421358578141,0.88930189598374954
monthly_share,Ga_North_Municipal,GA NORTH MUNICIPAL,CZ,6,0,1.1987421358578141,0.88930189598374954
monthly_share,Ga_North_Municipal,GA NORTH MUNICIPAL,CZ,7,0,1.1987421358578141,0.88930189598374954
monthly_share,Ga_North_Municipal,GA NORTH MUNICIPAL,CZ,8,0,1.1987421358578141,0.88930189598374954
monthly_share,Ga_North_Municipal,GA NORTH MUNICIPAL,CZ,9,0,1.1987421358578141,0.88930189598374954
monthly_share,Ga_North_Municipal,GA NORTH MUNICIPAL,CZ,10,0,1.1987421358578141,0.88930189598374954
monthly_share,Ga_North_Municipal,GA NORTH MUNICIPAL,CZ,11,0,1.1987421358578141,0.88930189598374954
monthly_share,Ga_North_Municipal,GA NORTH MUNICIPAL,CZ,12,0.18548388696700607,1.1987421358578141,0.88930189598374954
monthly_share,Ga_South_Municipal,GA SOUTH MUNICIPAL,CZ,1,0.40000089483336382,1.6022503298350244,0.96731181418546197
monthly_share,Ga_South_Municipal,GA SOUTH MUNICIPAL,CZ,2,0.59999910516663624,1.6022503298350244,0.96731181418546197
monthly_share,Ga_South_Municipal,GA SOUTH MUNICIPAL,CZ,3,0,1.6022503298350244,0.96731181418546197
monthly_share,Ga_South_Municipal,GA SOUTH MUNICIPAL,CZ,4,0,1.6022503298350244,0.96731181418546197
monthly_share,Ga_South_Municipal,GA SOUTH MUNICIPAL,CZ,5,0,1.6022503298350244,0.96731181418546197
monthly_share,Ga_South_Municipal,GA SOUTH MUNICIPAL,CZ,6,0,1.6022503298350244,0.96731181418546197
monthly_share,Ga_South_Municipal,GA SOUTH MUNICIPAL,CZ,7,0,1.6022503298350244,0.96731181418546197
monthly_share,Ga_South_Municipal,GA SOUTH MUNICIPAL,CZ,8,0,1.6022503298350244,0.96731181418546197
monthly_share,Ga_South_Municipal,GA SOUTH MUNICIPAL,CZ,9,0,1.6022503298350244,0.96731181418546197
monthly_share,Ga_South_Municipal,GA SOUTH MUNICIPAL,CZ,10,0,1.6022503298350244,0.96731181418546197
monthly_share,Ga_South_Municipal,GA SOUTH MUNICIPAL,CZ,11,0,1.6022503298350244,0.96731181418546197
monthly_share,Ga_South_Municipal,GA SOUTH MUNICIPAL,CZ,12,0,1.6022503298350244,0.96731181418546197
monthly_share,Ga_West_Municipal,GA WEST MUNICIPAL,CZ,1,1,1,1
monthly_share,Ga_West_Municipal,GA WEST MUNICIPAL,CZ,2,0,1,1
monthly_share,Ga_West_Municipal,GA WEST MUNICIPAL,CZ,3,0,1,1
monthly_share,Ga_West_Municipal,GA WEST MUNICIPAL,CZ,4,0,1,1
monthly_share,Ga_West_Municipal,GA WEST MUNICIPAL,CZ,5,0,1,1
monthly_share,Ga_West_Municipal,GA WEST MUNICIPAL,CZ,6,0,1,1
monthly_share,Ga_West_Municipal,GA WEST MUNICIPAL,CZ,7,0,1,1
monthly_share,Ga_West_Municipal,GA WEST MUNICIPAL,CZ,8,0,1,1
monthly_share,Ga_West_Municipal,GA WEST MUNICIPAL,CZ,9,0,1,1
monthly_share,Ga_West_Municipal,GA WEST MUNICIPAL,CZ,10,0,1,1
monthly_share,Ga_West_Municipal,GA WEST MUNICIPAL,CZ,11,0,1,1
monthly_share,Ga_West_Municipal,GA WEST MUNICIPAL,CZ,12,0,1,1
monthly_share,Gomoa_Central,GOMOA CENTRAL,CZ,1,0.45405977148617549,1.1124759180568,0.76979748686139049
monthly_share,Gomoa_Central,GOMOA CENTRAL,CZ,2,0.10042745624519196,1.1124759180568,0.76979748686139049
monthly_share,Gomoa_Central,GOMOA CENTRAL,CZ,3,0.067307694885228531,1.1124759180568,0.76979748686139049
monthly_share,Gomoa_Central,GOMOA CENTRAL,CZ,4,0.094017163306821472,1.1124759180568,0.76979748686139049
monthly_share,Gomoa_Central,GOMOA CENTRAL,CZ,5,0.0096153765703473736,1.1124759180568,0.76979748686139049
monthly_share,Gomoa_Central,GOMOA CENTRAL,CZ,6,0,1.1124759180568,0.76979748686139049
monthly_share,Gomoa_Central,GOMOA CENTRAL,CZ,7,0,1.1124759180568,0.76979748686139049
monthly_share,Gomoa_Central,GOMOA CENTRAL,CZ,8,0,1.1124759180568,0.76979748686139049
monthly_share,Gomoa_Central,GOMOA CENTRAL,CZ,9,0,1.1124759180568,0.76979748686139049
monthly_share,Gomoa_Central,GOMOA CENTRAL,CZ,10,0.029914515421312876,1.1124759180568,0.76979748686139049
monthly_share,Gomoa_Central,GOMOA CENTRAL,CZ,11,0.036324779381927866,1.1124759180568,0.76979748686139049
monthly_share,Gomoa_Central,GOMOA CENTRAL,CZ,12,0.20833324270299472,1.1124759180568,0.76979748686139049
monthly_share,Gomoa_East,GOMOA EAST,CZ,1,0.26517859345396189,2.730397209017386,0.77373861785107623
monthly_share,Gomoa_East,GOMOA EAST,CZ,2,0.100892711698908,2.730397209017386,0.77373861785107623
monthly_share,Gomoa_East,GOMOA EAST,CZ,3,0.22142868410614194,2.730397209017386,0.77373861785107623
monthly_share,Gomoa_East,GOMOA EAST,CZ,4,0.36250008708653692,2.730397209017386,0.77373861785107623
monthly_share,Gomoa_East,GOMOA EAST,CZ,5,0.021428554822631292,2.730397209017386,0.77373861785107623
monthly_share,Gomoa_East,GOMOA EAST,CZ,6,0,2.730397209017386,0.77373861785107623
monthly_share,Gomoa_East,GOMOA EAST,CZ,7,0,2.730397209017386,0.77373861785107623
monthly_share,Gomoa_East,GOMOA EAST,CZ,8,0,2.730397209017386,0.77373861785107623
monthly_share,Gomoa_East,GOMOA EAST,CZ,9,0,2.730397209017386,0.77373861785107623
monthly_share,Gomoa_East,GOMOA EAST,CZ,10,0,2.730397209017386,0.77373861785107623
monthly_share,Gomoa_East,GOMOA EAST,CZ,11,0,2.730397209017386,0.77373861785107623
monthly_share,Gomoa_East,GOMOA EAST,CZ,12,0.028571368831820036,2.730397209017386,0.77373861785107623
monthly_share,Gomoa_West,GOMOA WEST,CZ,1,0.10271883208403555,3.4533417769023647,0.84672133656836757
monthly_share,Gomoa_West,GOMOA WEST,CZ,2,0.0030211432244728045,3.4533417769023647,0.84672133656836757
monthly_share,Gomoa_West,GOMOA WEST,CZ,3,0.2477346792425261,3.4533417769023647,0.84672133656836757
monthly_share,Gomoa_West,GOMOA WEST,CZ,4,0.60876109738460038,3.4533417769023647,0.84672133656836757
monthly_share,Gomoa_West,GOMOA WEST,CZ,5,0.009063430777772526,3.4533417769023647,0.84672133656836757
monthly_share,Gomoa_West,GOMOA WEST,CZ,6,0,3.4533417769023647,0.84672133656836757
monthly_share,Gomoa_West,GOMOA WEST,CZ,7,0,3.4533417769023647,0.84672133656836757
monthly_share,Gomoa_West,GOMOA WEST,CZ,8,0,3.4533417769023647,0.84672133656836757
monthly_share,Gomoa_West,GOMOA WEST,CZ,9,0,3.4533417769023647,0.84672133656836757
monthly_share,Gomoa_West,GOMOA WEST,CZ,10,0.012084559314335634,3.4533417769023647,0.84672133656836757
monthly_share,Gomoa_West,GOMOA WEST,CZ,11,0,3.4533417769023647,0.84672133656836757
monthly_share,Gomoa_West,GOMOA WEST,CZ,12,0.016616257972257093,3.4533417769023647,0.84672133656836757
monthly_share,Jomoro,JOMORO,CZ,1,0.6862733030166186,1.5953732508488778,0.88583166765290178
monthly_share,Jomoro,JOMORO,CZ,2,0,1.5953732508488778,0.88583166765290178
monthly_share,Jomoro,JOMORO,CZ,3,0.31372669698338135,1.5953732508488778,0.88583166765290178
monthly_share,Jomoro,JOMORO,CZ,4,0,1.5953732508488778,0.88583166765290178
monthly_share,Jomoro,JOMORO,CZ,5,0,1.5953732508488778,0.88583166765290178
monthly_share,Jomoro,JOMORO,CZ,6,0,1.5953732508488778,0.88583166765290178
monthly_share,Jomoro,JOMORO,CZ,7,0,1.5953732508488778,0.88583166765290178
monthly_share,Jomoro,JOMORO,CZ,8,0,1.5953732508488778,0.88583166765290178
monthly_share,Jomoro,JOMORO,CZ,9,0,1.5953732508488778,0.88583166765290178
monthly_share,Jomoro,JOMORO,CZ,10,0,1.5953732508488778,0.88583166765290178
monthly_share,Jomoro,JOMORO,CZ,11,0,1.5953732508488778,0.88583166765290178
monthly_share,Jomoro,JOMORO,CZ,12,0,1.5953732508488778,0.88583166765290178
monthly_share,Keta_Municipal,KETA MUNICIPAL,CZ,1,0.34289466361162357,1.5727731677773047,0.86582832744331895
monthly_share,Keta_Municipal,KETA MUNICIPAL,CZ,2,0.33116010176187044,1.5727731677773047,0.86582832744331895
monthly_share,Keta_Municipal,KETA MUNICIPAL,CZ,3,0.17731412228992835,1.5727731677773047,0.86582832744331895
monthly_share,Keta_Municipal,KETA MUNICIPAL,CZ,4,0.013037794531248545,1.5727731677773047,0.86582832744331895
monthly_share,Keta_Municipal,KETA MUNICIPAL,CZ,5,0,1.5727731677773047,0.86582832744331895
monthly_share,Keta_Municipal,KETA MUNICIPAL,CZ,6,0,1.5727731677773047,0.86582832744331895
monthly_share,Keta_Municipal,KETA MUNICIPAL,CZ,7,0,1.5727731677773047,0.86582832744331895
monthly_share,Keta_Municipal,KETA MUNICIPAL,CZ,8,0,1.5727731677773047,0.86582832744331895
monthly_share,Keta_Municipal,KETA MUNICIPAL,CZ,9,0,1.5727731677773047,0.86582832744331895
monthly_share,Keta_Municipal,KETA MUNICIPAL,CZ,10,0,1.5727731677773047,0.86582832744331895
monthly_share,Keta_Municipal,KETA MUNICIPAL,CZ,11,0.023468091443470934,1.5727731677773047,0.86582832744331895
monthly_share,Keta_Municipal,KETA MUNICIPAL,CZ,12,0.11212522636185815,1.5727731677773047,0.86582832744331895
monthly_share,Ketu_North,KETU NORTH,CZ,1,0.73707219964353288,0.97363760287086087,0.9645996601900545
monthly_share,Ketu_North,KETU NORTH,CZ,2,0.11740703493793313,0.97363760287086087,0.9645996601900545
monthly_share,Ketu_North,KETU NORTH,CZ,3,0.00058266027220831755,0.97363760287086087,0.9645996601900545
monthly_share,Ketu_North,KETU NORTH,CZ,4,0,0.97363760287086087,0.9645996601900545
monthly_share,Ketu_North,KETU NORTH,CZ,5,0,0.97363760287086087,0.9645996601900545
monthly_share,Ketu_North,KETU NORTH,CZ,6,0,0.97363760287086087,0.9645996601900545
monthly_share,Ketu_North,KETU NORTH,CZ,7,0,0.97363760287086087,0.9645996601900545
monthly_share,Ketu_North,KETU NORTH,CZ,8,0,0.97363760287086087,0.9645996601900545
monthly_share,Ketu_North,KETU NORTH,CZ,9,0,0.97363760287086087,0.9645996601900545
monthly_share,Ketu_North,KETU NORTH,CZ,10,0,0.97363760287086087,0.9645996601900545
monthly_share,Ketu_North,KETU NORTH,CZ,11,0.0001456657549106245,0.97363760287086087,0.9645996601900545
monthly_share,Ketu_North,KETU NORTH,CZ,12,0.14479243939141512,0.97363760287086087,0.9645996601900545
monthly_share,Ketu_South,KETU SOUTH,CZ,1,0.23913088526779461,0.26162585048492382,0.93096908029340597
monthly_share,Ketu_South,KETU SOUTH,CZ,2,0.065217216900695804,0.26162585048492382,0.93096908029340597
monthly_share,Ketu_South,KETU SOUTH,CZ,3,0,0.26162585048492382,0.93096908029340597
monthly_share,Ketu_South,KETU SOUTH,CZ,4,0,0.26162585048492382,0.93096908029340597
monthly_share,Ketu_South,KETU SOUTH,CZ,5,0,0.26162585048492382,0.93096908029340597
monthly_share,Ketu_South,KETU SOUTH,CZ,6,0,0.26162585048492382,0.93096908029340597
monthly_share,Ketu_South,KETU SOUTH,CZ,7,0,0.26162585048492382,0.93096908029340597
monthly_share,Ketu_South,KETU SOUTH,CZ,8,0,0.26162585048492382,0.93096908029340597
monthly_share,Ketu_South,KETU SOUTH,CZ,9,0,0.26162585048492382,0.93096908029340597
monthly_share,Ketu_South,KETU SOUTH,CZ,10,0,0.26162585048492382,0.93096908029340597
monthly_share,Ketu_South,KETU SOUTH,CZ,11,0.097826116582340181,0.26162585048492382,0.93096908029340597
monthly_share,Ketu_South,KETU SOUTH,CZ,12,0.5978257812491693,0.26162585048492382,0.93096908029340597
monthly_share,Komenda_Edina_Eguafo_Abirem_Municipal,KOMENDA-EDINA-EGUAFO-ABIREM MUNICIPAL,CZ,1,0.11366704918044472,3.316564340793529,0.81401718072390195
monthly_share,Komenda_Edina_Eguafo_Abirem_Municipal,KOMENDA-EDINA-EGUAFO-ABIREM MUNICIPAL,CZ,2,0.10419479189159242,3.316564340793529,0.81401718072390195
monthly_share,Komenda_Edina_Eguafo_Abirem_Municipal,KOMENDA-EDINA-EGUAFO-ABIREM MUNICIPAL,CZ,3,0.10148843533730716,3.316564340793529,0.81401718072390195
monthly_share,Komenda_Edina_Eguafo_Abirem_Municipal,KOMENDA-EDINA-EGUAFO-ABIREM MUNICIPAL,CZ,4,0.64005434460817889,3.316564340793529,0.81401718072390195
monthly_share,Komenda_Edina_Eguafo_Abirem_Municipal,KOMENDA-EDINA-EGUAFO-ABIREM MUNICIPAL,CZ,5,0.0027063635782918309,3.316564340793529,0.81401718072390195
monthly_share,Komenda_Edina_Eguafo_Abirem_Municipal,KOMENDA-EDINA-EGUAFO-ABIREM MUNICIPAL,CZ,6,0,3.316564340793529,0.81401718072390195
monthly_share,Komenda_Edina_Eguafo_Abirem_Municipal,KOMENDA-EDINA-EGUAFO-ABIREM MUNICIPAL,CZ,7,0,3.316564340793529,0.81401718072390195
monthly_share,Komenda_Edina_Eguafo_Abirem_Municipal,KOMENDA-EDINA-EGUAFO-ABIREM MUNICIPAL,CZ,8,0,3.316564340793529,0.81401718072390195
monthly_share,Komenda_Edina_Eguafo_Abirem_Municipal,KOMENDA-EDINA-EGUAFO-ABIREM MUNICIPAL,CZ,9,0,3.316564340793529,0.81401718072390195
monthly_share,Komenda_Edina_Eguafo_Abirem_Municipal,KOMENDA-EDINA-EGUAFO-ABIREM MUNICIPAL,CZ,10,0,3.316564340793529,0.81401718072390195
monthly_share,Komenda_Edina_Eguafo_Abirem_Municipal,KOMENDA-EDINA-EGUAFO-ABIREM MUNICIPAL,CZ,11,0.0027063576425116385,3.316564340793529,0.81401718072390195
monthly_share,Komenda_Edina_Eguafo_Abirem_Municipal,KOMENDA-EDINA-EGUAFO-ABIREM MUNICIPAL,CZ,12,0.035182657761673231,3.316564340793529,0.81401718072390195
monthly_share,Kpone_Katamanso,KPONE KATAMANSO,CZ,1,0.39999972000121842,0.49305065157801309,0.95299116949893647
monthly_share,Kpone_Katamanso,KPONE KATAMANSO,CZ,2,0.05000005135747887,0.49305065157801309,0.95299116949893647
monthly_share,Kpone_Katamanso,KPONE KATAMANSO,CZ,3,0,0.49305065157801309,0.95299116949893647
monthly_share,Kpone_Katamanso,KPONE KATAMANSO,CZ,4,0,0.49305065157801309,0.95299116949893647
monthly_share,Kpone_Katamanso,KPONE KATAMANSO,CZ,5,0,0.49305065157801309,0.95299116949893647
monthly_share,Kpone_Katamanso,KPONE KATAMANSO,CZ,6,0,0.49305065157801309,0.95299116949893647
monthly_share,Kpone_Katamanso,KPONE KATAMANSO,CZ,7,0,0.49305065157801309,0.95299116949893647
monthly_share,Kpone_Katamanso,KPONE KATAMANSO,CZ,8,0,0.49305065157801309,0.95299116949893647
monthly_share,Kpone_Katamanso,KPONE KATAMANSO,CZ,9,0,0.49305065157801309,0.95299116949893647
monthly_share,Kpone_Katamanso,KPONE KATAMANSO,CZ,10,0,0.49305065157801309,0.95299116949893647
monthly_share,Kpone_Katamanso,KPONE KATAMANSO,CZ,11,0,0.49305065157801309,0.95299116949893647
monthly_share,Kpone_Katamanso,KPONE KATAMANSO,CZ,12,0.55000022864130271,0.49305065157801309,0.95299116949893647
monthly_share,La_Dade_Kotopon,LA DADE-KOTOPON,CZ,1,,,
monthly_share,La_Dade_Kotopon,LA DADE-KOTOPON,CZ,2,,,
monthly_share,La_Dade_Kotopon,LA DADE-KOTOPON,CZ,3,,,
monthly_share,La_Dade_Kotopon,LA DADE-KOTOPON,CZ,4,,,
monthly_share,La_Dade_Kotopon,LA DADE-KOTOPON,CZ,5,,,
monthly_share,La_Dade_Kotopon,LA DADE-KOTOPON,CZ,6,,,
monthly_share,La_Dade_Kotopon,LA DADE-KOTOPON,CZ,7,,,
monthly_share,La_Dade_Kotopon,LA DADE-KOTOPON,CZ,8,,,
monthly_share,La_Dade_Kotopon,LA DADE-KOTOPON,CZ,9,,,
monthly_share,La_Dade_Kotopon,LA DADE-KOTOPON,CZ,10,,,
monthly_share,La_Dade_Kotopon,LA DADE-KOTOPON,CZ,11,,,
monthly_share,La_Dade_Kotopon,LA DADE-KOTOPON,CZ,12,,,
monthly_share,La_Nkwantanang_Madina,LA-NKWANTANANG-MADINA,CZ,1,0.45098018967249115,0.44984022486807262,0.96625905853875749
monthly_share,La_Nkwantanang_Madina,LA-NKWANTANANG-MADINA,CZ,2,0,0.44984022486807262,0.96625905853875749
monthly_share,La_Nkwantanang_Madina,LA-NKWANTANANG-MADINA,CZ,3,0,0.44984022486807262,0.96625905853875749
monthly_share,La_Nkwantanang_Madina,LA-NKWANTANANG-MADINA,CZ,4,0,0.44984022486807262,0.96625905853875749
monthly_share,La_Nkwantanang_Madina,LA-NKWANTANANG-MADINA,CZ,5,0,0.44984022486807262,0.96625905853875749
monthly_share,La_Nkwantanang_Madina,LA-NKWANTANANG-MADINA,CZ,6,0,0.44984022486807262,0.96625905853875749
monthly_share,La_Nkwantanang_Madina,LA-NKWANTANANG-MADINA,CZ,7,0,0.44984022486807262,0.96625905853875749
monthly_share,La_Nkwantanang_Madina,LA-NKWANTANANG-MADINA,CZ,8,0,0.44984022486807262,0.96625905853875749
monthly_share,La_Nkwantanang_Madina,LA-NKWANTANANG-MADINA,CZ,9,0,0.44984022486807262,0.96625905853875749
monthly_share,La_Nkwantanang_Madina,LA-NKWANTANANG-MADINA,CZ,10,0,0.44984022486807262,0.96625905853875749
monthly_share,La_Nkwantanang_Madina,LA-NKWANTANANG-MADINA,CZ,11,0,0.44984022486807262,0.96625905853875749
monthly_share,La_Nkwantanang_Madina,LA-NKWANTANANG-MADINA,CZ,12,0.54901981032750891,0.44984022486807262,0.96625905853875749
monthly_share,Ledzokuku_Municipal,LEDZOKUKU MUNICIPAL,CZ,1,,,
monthly_share,Ledzokuku_Municipal,LEDZOKUKU MUNICIPAL,CZ,2,,,
monthly_share,Ledzokuku_Municipal,LEDZOKUKU MUNICIPAL,CZ,3,,,
monthly_share,Ledzokuku_Municipal,LEDZOKUKU MUNICIPAL,CZ,4,,,
monthly_share,Ledzokuku_Municipal,LEDZOKUKU MUNICIPAL,CZ,5,,,
monthly_share,Ledzokuku_Municipal,LEDZOKUKU MUNICIPAL,CZ,6,,,
monthly_share,Ledzokuku_Municipal,LEDZOKUKU MUNICIPAL,CZ,7,,,
monthly_share,Ledzokuku_Municipal,LEDZOKUKU MUNICIPAL,CZ,8,,,
monthly_share,Ledzokuku_Municipal,LEDZOKUKU MUNICIPAL,CZ,9,,,
monthly_share,Ledzokuku_Municipal,LEDZOKUKU MUNICIPAL,CZ,10,,,
monthly_share,Ledzokuku_Municipal,LEDZOKUKU MUNICIPAL,CZ,11,,,
monthly_share,Ledzokuku_Municipal,LEDZOKUKU MUNICIPAL,CZ,12,,,
monthly_share,Mfantseman_Municipal,MFANTSEMAN MUNICIPAL,CZ,1,0.22399997682047015,3.3973605191771123,0.80559116837950151
monthly_share,Mfantseman_Municipal,MFANTSEMAN MUNICIPAL,CZ,2,0,3.3973605191771123,0.80559116837950151
monthly_share,Mfantseman_Municipal,MFANTSEMAN MUNICIPAL,CZ,3,0.064000003654261714,3.3973605191771123,0.80559116837950151
monthly_share,Mfantseman_Municipal,MFANTSEMAN MUNICIPAL,CZ,4,0.70000002728414079,3.3973605191771123,0.80559116837950151
monthly_share,Mfantseman_Municipal,MFANTSEMAN MUNICIPAL,CZ,5,0.011999992241127373,3.3973605191771123,0.80559116837950151
monthly_share,Mfantseman_Municipal,MFANTSEMAN MUNICIPAL,CZ,6,0,3.3973605191771123,0.80559116837950151
monthly_share,Mfantseman_Municipal,MFANTSEMAN MUNICIPAL,CZ,7,0,3.3973605191771123,0.80559116837950151
monthly_share,Mfantseman_Municipal,MFANTSEMAN MUNICIPAL,CZ,8,0,3.3973605191771123,0.80559116837950151
monthly_share,Mfantseman_Municipal,MFANTSEMAN MUNICIPAL,CZ,9,0,3.3973605191771123,0.80559116837950151
monthly_share,Mfantseman_Municipal,MFANTSEMAN MUNICIPAL,CZ,10,0,3.3973605191771123,0.80559116837950151
monthly_share,Mfantseman_Municipal,MFANTSEMAN MUNICIPAL,CZ,11,0,3.3973605191771123,0.80559116837950151
monthly_share,Mfantseman_Municipal,MFANTSEMAN MUNICIPAL,CZ,12,0,3.3973605191771123,0.80559116837950151
monthly_share,Mpohor,MPOHOR,CZ,1,0.85185218806389951,0.89186416710385075,0.98172514389201682
monthly_share,Mpohor,MPOHOR,CZ,2,0.01851852912386499,0.89186416710385075,0.98172514389201682
monthly_share,Mpohor,MPOHOR,CZ,3,0,0.89186416710385075,0.98172514389201682
monthly_share,Mpohor,MPOHOR,CZ,4,0,0.89186416710385075,0.98172514389201682
monthly_share,Mpohor,MPOHOR,CZ,5,0,0.89186416710385075,0.98172514389201682
monthly_share,Mpohor,MPOHOR,CZ,6,0,0.89186416710385075,0.98172514389201682
monthly_share,Mpohor,MPOHOR,CZ,7,0,0.89186416710385075,0.98172514389201682
monthly_share,Mpohor,MPOHOR,CZ,8,0,0.89186416710385075,0.98172514389201682
monthly_share,Mpohor,MPOHOR,CZ,9,0,0.89186416710385075,0.98172514389201682
monthly_share,Mpohor,MPOHOR,CZ,10,0,0.89186416710385075,0.98172514389201682
monthly_share,Mpohor,MPOHOR,CZ,11,0,0.89186416710385075,0.98172514389201682
monthly_share,Mpohor,MPOHOR,CZ,12,0.12962928281223546,0.89186416710385075,0.98172514389201682
monthly_share,Ningo_Prampram,NINGO/PRAMPRAM,CZ,1,0.44036339972050659,0.18274897207830776,0.82729333717149645
monthly_share,Ningo_Prampram,NINGO/PRAMPRAM,CZ,2,0.023937283061665222,0.18274897207830776,0.82729333717149645
monthly_share,Ningo_Prampram,NINGO/PRAMPRAM,CZ,3,0,0.18274897207830776,0.82729333717149645
monthly_share,Ningo_Prampram,NINGO/PRAMPRAM,CZ,4,0,0.18274897207830776,0.82729333717149645
monthly_share,Ningo_Prampram,NINGO/PRAMPRAM,CZ,5,0,0.18274897207830776,0.82729333717149645
monthly_share,Ningo_Prampram,NINGO/PRAMPRAM,CZ,6,0,0.18274897207830776,0.82729333717149645
monthly_share,Ningo_Prampram,NINGO/PRAMPRAM,CZ,7,0,0.18274897207830776,0.82729333717149645
monthly_share,Ningo_Prampram,NINGO/PRAMPRAM,CZ,8,0,0.18274897207830776,0.82729333717149645
monthly_share,Ningo_Prampram,NINGO/PRAMPRAM,CZ,9,0.056954159947411404,0.18274897207830776,0.82729333717149645
monthly_share,Ningo_Prampram,NINGO/PRAMPRAM,CZ,10,0.076351535893812258,0.18274897207830776,0.82729333717149645
monthly_share,Ningo_Prampram,NINGO/PRAMPRAM,CZ,11,0.07758975795451746,0.18274897207830776,0.82729333717149645
monthly_share,Ningo_Prampram,NINGO/PRAMPRAM,CZ,12,0.32480386342208722,0.18274897207830776,0.82729333717149645
monthly_share,Nzema_East,NZEMA EAST,CZ,1,0.73333342187707928,1.4461192492183876,0.868523082275515
monthly_share,Nzema_East,NZEMA EAST,CZ,2,0.099999959789766765,1.4461192492183876,0.868523082275515
monthly_share,Nzema_East,NZEMA EAST,CZ,3,0.083333361561729408,1.4461192492183876,0.868523082275515
monthly_share,Nzema_East,NZEMA EAST,CZ,4,0.049999962835996566,1.4461192492183876,0.868523082275515
monthly_share,Nzema_East,NZEMA EAST,CZ,5,0.033333293935428047,1.4461192492183876,0.868523082275515
monthly_share,Nzema_East,NZEMA EAST,CZ,6,0,1.4461192492183876,0.868523082275515
monthly_share,Nzema_East,NZEMA EAST,CZ,7,0,1.4461192492183876,0.868523082275515
monthly_share,Nzema_East,NZEMA EAST,CZ,8,0,1.4461192492183876,0.868523082275515
monthly_share,Nzema_East,NZEMA EAST,CZ,9,0,1.4461192492183876,0.868523082275515
monthly_share,Nzema_East,NZEMA EAST,CZ,10,0,1.4461192492183876,0.868523082275515
monthly_share,Nzema_East,NZEMA EAST,CZ,11,0,1.4461192492183876,0.868523082275515
monthly_share,Nzema_East,NZEMA EAST,CZ,12,0,1.4461192492183876,0.868523082275515
monthly_share,Okaikwei_North_Municipal,OKAIKWEI NORTH MUNICIPAL,CZ,1,1,1,1
monthly_share,Okaikwei_North_Municipal,OKAIKWEI NORTH MUNICIPAL,CZ,2,0,1,1
monthly_share,Okaikwei_North_Municipal,OKAIKWEI NORTH MUNICIPAL,CZ,3,0,1,1
monthly_share,Okaikwei_North_Municipal,OKAIKWEI NORTH MUNICIPAL,CZ,4,0,1,1
monthly_share,Okaikwei_North_Municipal,OKAIKWEI NORTH MUNICIPAL,CZ,5,0,1,1
monthly_share,Okaikwei_North_Municipal,OKAIKWEI NORTH MUNICIPAL,CZ,6,0,1,1
monthly_share,Okaikwei_North_Municipal,OKAIKWEI NORTH MUNICIPAL,CZ,7,0,1,1
monthly_share,Okaikwei_North_Municipal,OKAIKWEI NORTH MUNICIPAL,CZ,8,0,1,1
monthly_share,Okaikwei_North_Municipal,OKAIKWEI NORTH MUNICIPAL,CZ,9,0,1,1
monthly_share,Okaikwei_North_Municipal,OKAIKWEI NORTH MUNICIPAL,CZ,10,0,1,1
monthly_share,Okaikwei_North_Municipal,OKAIKWEI NORTH MUNICIPAL,CZ,11,0,1,1
monthly_share,Okaikwei_North_Municipal,OKAIKWEI NORTH MUNICIPAL,CZ,12,0,1,1
monthly_share,Sekondi_Takoradi_Metropolis,SEKONDI TAKORADI METROPOLIS,CZ,1,1,1,1
monthly_share,Sekondi_Takoradi_Metropolis,SEKONDI TAKORADI METROPOLIS,CZ,2,0,1,1
monthly_share,Sekondi_Takoradi_Metropolis,SEKONDI TAKORADI METROPOLIS,CZ,3,0,1,1
monthly_share,Sekondi_Takoradi_Metropolis,SEKONDI TAKORADI METROPOLIS,CZ,4,0,1,1
monthly_share,Sekondi_Takoradi_Metropolis,SEKONDI TAKORADI METROPOLIS,CZ,5,0,1,1
monthly_share,Sekondi_Takoradi_Metropolis,SEKONDI TAKORADI METROPOLIS,CZ,6,0,1,1
monthly_share,Sekondi_Takoradi_Metropolis,SEKONDI TAKORADI METROPOLIS,CZ,7,0,1,1
monthly_share,Sekondi_Takoradi_Metropolis,SEKONDI TAKORADI METROPOLIS,CZ,8,0,1,1
monthly_share,Sekondi_Takoradi_Metropolis,SEKONDI TAKORADI METROPOLIS,CZ,9,0,1,1
monthly_share,Sekondi_Takoradi_Metropolis,SEKONDI TAKORADI METROPOLIS,CZ,10,0,1,1
monthly_share,Sekondi_Takoradi_Metropolis,SEKONDI TAKORADI METROPOLIS,CZ,11,0,1,1
monthly_share,Sekondi_Takoradi_Metropolis,SEKONDI TAKORADI METROPOLIS,CZ,12,0,1,1
monthly_share,Shai_Osudoku,SHAI OSUDOKU,CZ,1,0.60572802307480245,0.89236216616163588,0.91733195497078224
monthly_share,Shai_Osudoku,SHAI OSUDOKU,CZ,2,0.14844858732927271,0.89236216616163588,0.91733195497078224
monthly_share,Shai_Osudoku,SHAI OSUDOKU,CZ,3,0.0084725613919225708,0.89236216616163588,0.91733195497078224
monthly_share,Shai_Osudoku,SHAI OSUDOKU,CZ,4,0,0.89236216616163588,0.91733195497078224
monthly_share,Shai_Osudoku,SHAI OSUDOKU,CZ,5,0,0.89236216616163588,0.91733195497078224
monthly_share,Shai_Osudoku,SHAI OSUDOKU,CZ,6,0,0.89236216616163588,0.91733195497078224
monthly_share,Shai_Osudoku,SHAI OSUDOKU,CZ,7,0,0.89236216616163588,0.91733195497078224
monthly_share,Shai_Osudoku,SHAI OSUDOKU,CZ,8,0,0.89236216616163588,0.91733195497078224
monthly_share,Shai_Osudoku,SHAI OSUDOKU,CZ,9,0.012768457085478423,0.89236216616163588,0.91733195497078224
monthly_share,Shai_Osudoku,SHAI OSUDOKU,CZ,10,0.0023866266675922638,0.89236216616163588,0.91733195497078224
monthly_share,Shai_Osudoku,SHAI OSUDOKU,CZ,11,0.023747044043709462,0.89236216616163588,0.91733195497078224
monthly_share,Shai_Osudoku,SHAI OSUDOKU,CZ,12,0.19844870040722212,0.89236216616163588,0.91733195497078224
monthly_share,Shama,SHAMA,CZ,1,0.14814813791889184,3.6288850929667618,0.86313392695483737
monthly_share,Shama,SHAMA,CZ,2,0,3.6288850929667618,0.86313392695483737
monthly_share,Shama,SHAMA,CZ,3,0.037037030418106485,3.6288850929667618,0.86313392695483737
monthly_share,Shama,SHAMA,CZ,4,0.81481483166300173,3.6288850929667618,0.86313392695483737
monthly_share,Shama,SHAMA,CZ,5,0,3.6288850929667618,0.86313392695483737
monthly_share,Shama,SHAMA,CZ,6,0,3.6288850929667618,0.86313392695483737
monthly_share,Shama,SHAMA,CZ,7,0,3.6288850929667618,0.86313392695483737
monthly_share,Shama,SHAMA,CZ,8,0,3.6288850929667618,0.86313392695483737
monthly_share,Shama,SHAMA,CZ,9,0,3.6288850929667618,0.86313392695483737
monthly_share,Shama,SHAMA,CZ,10,0,3.6288850929667618,0.86313392695483737
monthly_share,Shama,SHAMA,CZ,11,0,3.6288850929667618,0.86313392695483737
monthly_share,Shama,SHAMA,CZ,12,0,3.6288850929667618,0.86313392695483737
monthly_share,South_Tongu,SOUTH TONGU,CZ,1,0.48486046709248626,1.3985580624278369,0.90184812767793443
monthly_share,South_Tongu,SOUTH TONGU,CZ,2,0.28784907224214024,1.3985580624278369,0.90184812767793443
monthly_share,South_Tongu,SOUTH TONGU,CZ,3,0.11797083487428794,1.3985580624278369,0.90184812767793443
monthly_share,South_Tongu,SOUTH TONGU,CZ,4,0.00039323734493420582,1.3985580624278369,0.90184812767793443
monthly_share,South_Tongu,SOUTH TONGU,CZ,5,0,1.3985580624278369,0.90184812767793443
monthly_share,South_Tongu,SOUTH TONGU,CZ,6,0,1.3985580624278369,0.90184812767793443
monthly_share,South_Tongu,SOUTH TONGU,CZ,7,0,1.3985580624278369,0.90184812767793443
monthly_share,South_Tongu,SOUTH TONGU,CZ,8,0,1.3985580624278369,0.90184812767793443
monthly_share,South_Tongu,SOUTH TONGU,CZ,9,0,1.3985580624278369,0.90184812767793443
monthly_share,South_Tongu,SOUTH TONGU,CZ,10,0,1.3985580624278369,0.90184812767793443
monthly_share,South_Tongu,SOUTH TONGU,CZ,11,0.014156440120137037,1.3985580624278369,0.90184812767793443
monthly_share,South_Tongu,SOUTH TONGU,CZ,12,0.094769948326014319,1.3985580624278369,0.90184812767793443
monthly_share,Tarkwa_Nsuaem,TARKWA NSUAEM,CZ,1,0.93103440339004795,1.0582908062991025,0.97859451488988802
monthly_share,Tarkwa_Nsuaem,TARKWA NSUAEM,CZ,2,0.017241359446468738,1.0582908062991025,0.97859451488988802
monthly_share,Tarkwa_Nsuaem,TARKWA NSUAEM,CZ,3,0.034482872674980306,1.0582908062991025,0.97859451488988802
monthly_share,Tarkwa_Nsuaem,TARKWA NSUAEM,CZ,4,0,1.0582908062991025,0.97859451488988802
monthly_share,Tarkwa_Nsuaem,TARKWA NSUAEM,CZ,5,0,1.0582908062991025,0.97859451488988802
monthly_share,Tarkwa_Nsuaem,TARKWA NSUAEM,CZ,6,0,1.0582908062991025,0.97859451488988802
monthly_share,Tarkwa_Nsuaem,TARKWA NSUAEM,CZ,7,0,1.0582908062991025,0.97859451488988802
monthly_share,Tarkwa_Nsuaem,TARKWA NSUAEM,CZ,8,0,1.0582908062991025,0.97859451488988802
monthly_share,Tarkwa_Nsuaem,TARKWA NSUAEM,CZ,9,0,1.0582908062991025,0.97859451488988802
monthly_share,Tarkwa_Nsuaem,TARKWA NSUAEM,CZ,10,0,1.0582908062991025,0.97859451488988802
monthly_share,Tarkwa_Nsuaem,TARKWA NSUAEM,CZ,11,0,1.0582908062991025,0.97859451488988802
monthly_share,Tarkwa_Nsuaem,TARKWA NSUAEM,CZ,12,0.017241364488502931,1.0582908062991025,0.97859451488988802
monthly_share,Tema_Metropolitan,TEMA METROPOLITAN,CZ,1,,,
monthly_share,Tema_Metropolitan,TEMA METROPOLITAN,CZ,2,,,
monthly_share,Tema_Metropolitan,TEMA METROPOLITAN,CZ,3,,,
monthly_share,Tema_Metropolitan,TEMA METROPOLITAN,CZ,4,,,
monthly_share,Tema_Metropolitan,TEMA METROPOLITAN,CZ,5,,,
monthly_share,Tema_Metropolitan,TEMA METROPOLITAN,CZ,6,,,
monthly_share,Tema_Metropolitan,TEMA METROPOLITAN,CZ,7,,,
monthly_share,Tema_Metropolitan,TEMA METROPOLITAN,CZ,8,,,
monthly_share,Tema_Metropolitan,TEMA METROPOLITAN,CZ,9,,,
monthly_share,Tema_Metropolitan,TEMA METROPOLITAN,CZ,10,,,
monthly_share,Tema_Metropolitan,TEMA METROPOLITAN,CZ,11,,,
monthly_share,Tema_Metropolitan,TEMA METROPOLITAN,CZ,12,,,
monthly_share,Tema_West_Municipal,TEMA WEST MUNICIPAL,CZ,1,,,
monthly_share,Tema_West_Municipal,TEMA WEST MUNICIPAL,CZ,2,,,
monthly_share,Tema_West_Municipal,TEMA WEST MUNICIPAL,CZ,3,,,
monthly_share,Tema_West_Municipal,TEMA WEST MUNICIPAL,CZ,4,,,
monthly_share,Tema_West_Municipal,TEMA WEST MUNICIPAL,CZ,5,,,
monthly_share,Tema_West_Municipal,TEMA WEST MUNICIPAL,CZ,6,,,
monthly_share,Tema_West_Municipal,TEMA WEST MUNICIPAL,CZ,7,,,
monthly_share,Tema_West_Municipal,TEMA WEST MUNICIPAL,CZ,8,,,
monthly_share,Tema_West_Municipal,TEMA WEST MUNICIPAL,CZ,9,,,
monthly_share,Tema_West_Municipal,TEMA WEST MUNICIPAL,CZ,10,,,
monthly_share,Tema_West_Municipal,TEMA WEST MUNICIPAL,CZ,11,,,
monthly_share,Tema_West_Municipal,TEMA WEST MUNICIPAL,CZ,12,,,
monthly_share,Weija_Gbawe_Municipal,WEIJA GBAWE MUNICIPAL,CZ,1,1,1,1
monthly_share,Weija_Gbawe_Municipal,WEIJA GBAWE MUNICIPAL,CZ,2,0,1,1
monthly_share,Weija_Gbawe_Municipal,WEIJA GBAWE MUNICIPAL,CZ,3,0,1,1
monthly_share,Weija_Gbawe_Municipal,WEIJA GBAWE MUNICIPAL,CZ,4,0,1,1
monthly_share,Weija_Gbawe_Municipal,WEIJA GBAWE MUNICIPAL,CZ,5,0,1,1
monthly_share,Weija_Gbawe_Municipal,WEIJA GBAWE MUNICIPAL,CZ,6,0,1,1
monthly_share,Weija_Gbawe_Municipal,WEIJA GBAWE MUNICIPAL,CZ,7,0,1,1
monthly_share,Weija_Gbawe_Municipal,WEIJA GBAWE MUNICIPAL,CZ,8,0,1,1
monthly_share,Weija_Gbawe_Municipal,WEIJA GBAWE MUNICIPAL,CZ,9,0,1,1
monthly_share,Weija_Gbawe_Municipal,WEIJA GBAWE MUNICIPAL,CZ,10,0,1,1
monthly_share,Weija_Gbawe_Municipal,WEIJA GBAWE MUNICIPAL,CZ,11,0,1,1
monthly_share,Weija_Gbawe_Municipal,WEIJA GBAWE MUNICIPAL,CZ,12,0,1,1
monthly_share,Abuakwa_North,ABUAKWA NORTH,FZ,1,0.34615365636152767,1.657104952238146,0.96920313157773674
monthly_share,Abuakwa_North,ABUAKWA NORTH,FZ,2,0.65384634363847227,1.657104952238146,0.96920313157773674
monthly_share,Abuakwa_North,ABUAKWA NORTH,FZ,3,0,1.657104952238146,0.96920313157773674
monthly_share,Abuakwa_North,ABUAKWA NORTH,FZ,4,0,1.657104952238146,0.96920313157773674
monthly_share,Abuakwa_North,ABUAKWA NORTH,FZ,5,0,1.657104952238146,0.96920313157773674
monthly_share,Abuakwa_North,ABUAKWA NORTH,FZ,6,0,1.657104952238146,0.96920313157773674
monthly_share,Abuakwa_North,ABUAKWA NORTH,FZ,7,0,1.657104952238146,0.96920313157773674
monthly_share,Abuakwa_North,ABUAKWA NORTH,FZ,8,0,1.657104952238146,0.96920313157773674
monthly_share,Abuakwa_North,ABUAKWA NORTH,FZ,9,0,1.657104952238146,0.96920313157773674
monthly_share,Abuakwa_North,ABUAKWA NORTH,FZ,10,0,1.657104952238146,0.96920313157773674
monthly_share,Abuakwa_North,ABUAKWA NORTH,FZ,11,0,1.657104952238146,0.96920313157773674
monthly_share,Abuakwa_North,ABUAKWA NORTH,FZ,12,0,1.657104952238146,0.96920313157773674
monthly_share,Abuakwa_South,ABUAKWA SOUTH,FZ,1,0.070175446786836279,1.9491549380109672,0.98859814713532435
monthly_share,Abuakwa_South,ABUAKWA SOUTH,FZ,2,0.91228062354109074,1.9491549380109672,0.98859814713532435
monthly_share,Abuakwa_South,ABUAKWA SOUTH,FZ,3,0.017543929672072928,1.9491549380109672,0.98859814713532435
monthly_share,Abuakwa_South,ABUAKWA SOUTH,FZ,4,0,1.9491549380109672,0.98859814713532435
monthly_share,Abuakwa_South,ABUAKWA SOUTH,FZ,5,0,1.9491549380109672,0.98859814713532435
monthly_share,Abuakwa_South,ABUAKWA SOUTH,FZ,6,0,1.9491549380109672,0.98859814713532435
monthly_share,Abuakwa_South,ABUAKWA SOUTH,FZ,7,0,1.9491549380109672,0.98859814713532435
monthly_share,Abuakwa_South,ABUAKWA SOUTH,FZ,8,0,1.9491549380109672,0.98859814713532435
monthly_share,Abuakwa_South,ABUAKWA SOUTH,FZ,9,0,1.9491549380109672,0.98859814713532435
monthly_share,Abuakwa_South,ABUAKWA SOUTH,FZ,10,0,1.9491549380109672,0.98859814713532435
monthly_share,Abuakwa_South,ABUAKWA SOUTH,FZ,11,0,1.9491549380109672,0.98859814713532435
monthly_share,Abuakwa_South,ABUAKWA SOUTH,FZ,12,0,1.9491549380109672,0.98859814713532435
monthly_share,Achiase,ACHIASE,FZ,1,0.96666658109086279,1.0560513931967614,0.98375693029682632
monthly_share,Achiase,ACHIASE,FZ,2,0,1.0560513931967614,0.98375693029682632
monthly_share,Achiase,ACHIASE,FZ,3,0.033333418909137241,1.0560513931967614,0.98375693029682632
monthly_share,Achiase,ACHIASE,FZ,4,0,1.0560513931967614,0.98375693029682632
monthly_share,Achiase,ACHIASE,FZ,5,0,1.0560513931967614,0.98375693029682632
monthly_share,Achiase,ACHIASE,FZ,6,0,1.0560513931967614,0.98375693029682632
monthly_share,Achiase,ACHIASE,FZ,7,0,1.0560513931967614,0.98375693029682632
monthly_share,Achiase,ACHIASE,FZ,8,0,1.0560513931967614,0.98375693029682632
monthly_share,Achiase,ACHIASE,FZ,9,0,1.0560513931967614,0.98375693029682632
monthly_share,Achiase,ACHIASE,FZ,10,0,1.0560513931967614,0.98375693029682632
monthly_share,Achiase,ACHIASE,FZ,11,0,1.0560513931967614,0.98375693029682632
monthly_share,Achiase,ACHIASE,FZ,12,0,1.0560513931967614,0.98375693029682632
monthly_share,Adaklu,ADAKLU,FZ,1,0.53689386613698953,0.67957903382725071,0.93721381322171904
monthly_share,Adaklu,ADAKLU,FZ,2,0.086129555605186398,0.67957903382725071,0.93721381322171904
monthly_share,Adaklu,ADAKLU,FZ,3,0.0016250844880950166,0.67957903382725071,0.93721381322171904
monthly_share,Adaklu,ADAKLU,FZ,4,0,0.67957903382725071,0.93721381322171904
monthly_share,Adaklu,ADAKLU,FZ,5,0,0.67957903382725071,0.93721381322171904
monthly_share,Adaklu,ADAKLU,FZ,6,0,0.67957903382725071,0.93721381322171904
monthly_share,Adaklu,ADAKLU,FZ,7,0,0.67957903382725071,0.93721381322171904
monthly_share,Adaklu,ADAKLU,FZ,8,0,0.67957903382725071,0.93721381322171904
monthly_share,Adaklu,ADAKLU,FZ,9,0,0.67957903382725071,0.93721381322171904
monthly_share,Adaklu,ADAKLU,FZ,10,2.1960548385098348e-05,0.67957903382725071,0.93721381322171904
monthly_share,Adaklu,ADAKLU,FZ,11,0.036300949296069793,0.67957903382725071,0.93721381322171904
monthly_share,Adaklu,ADAKLU,FZ,12,0.33902858392527407,0.67957903382725071,0.93721381322171904
monthly_share,Adansi_Akrofuom,ADANSI AKROFUOM,FZ,1,0,11.999999999999998,1
monthly_share,Adansi_Akrofuom,ADANSI AKROFUOM,FZ,2,0,11.999999999999998,1
monthly_share,Adansi_Akrofuom,ADANSI AKROFUOM,FZ,3,0,11.999999999999998,1
monthly_share,Adansi_Akrofuom,ADANSI AKROFUOM,FZ,4,0,11.999999999999998,1
monthly_share,Adansi_Akrofuom,ADANSI AKROFUOM,FZ,5,0,11.999999999999998,1
monthly_share,Adansi_Akrofuom,ADANSI AKROFUOM,FZ,6,0,11.999999999999998,1
monthly_share,Adansi_Akrofuom,ADANSI AKROFUOM,FZ,7,0,11.999999999999998,1
monthly_share,Adansi_Akrofuom,ADANSI AKROFUOM,FZ,8,0,11.999999999999998,1
monthly_share,Adansi_Akrofuom,ADANSI AKROFUOM,FZ,9,0,11.999999999999998,1
monthly_share,Adansi_Akrofuom,ADANSI AKROFUOM,FZ,10,0,11.999999999999998,1
monthly_share,Adansi_Akrofuom,ADANSI AKROFUOM,FZ,11,0,11.999999999999998,1
monthly_share,Adansi_Akrofuom,ADANSI AKROFUOM,FZ,12,1,11.999999999999998,1
monthly_share,Adansi_Asokwa,ADANSI ASOKWA,FZ,1,0,2.7525406404801718,0.84124862869006345
monthly_share,Adansi_Asokwa,ADANSI ASOKWA,FZ,2,0.52173859831335578,2.7525406404801718,0.84124862869006345
monthly_share,Adansi_Asokwa,ADANSI ASOKWA,FZ,3,0.043478251886863557,2.7525406404801718,0.84124862869006345
monthly_share,Adansi_Asokwa,ADANSI ASOKWA,FZ,4,0.39130472309572328,2.7525406404801718,0.84124862869006345
monthly_share,Adansi_Asokwa,ADANSI ASOKWA,FZ,5,0,2.7525406404801718,0.84124862869006345
monthly_share,Adansi_Asokwa,ADANSI ASOKWA,FZ,6,0,2.7525406404801718,0.84124862869006345
monthly_share,Adansi_Asokwa,ADANSI ASOKWA,FZ,7,0,2.7525406404801718,0.84124862869006345
monthly_share,Adansi_Asokwa,ADANSI ASOKWA,FZ,8,0,2.7525406404801718,0.84124862869006345
monthly_share,Adansi_Asokwa,ADANSI ASOKWA,FZ,9,0,2.7525406404801718,0.84124862869006345
monthly_share,Adansi_Asokwa,ADANSI ASOKWA,FZ,10,0,2.7525406404801718,0.84124862869006345
monthly_share,Adansi_Asokwa,ADANSI ASOKWA,FZ,11,0,2.7525406404801718,0.84124862869006345
monthly_share,Adansi_Asokwa,ADANSI ASOKWA,FZ,12,0.043478426704057417,2.7525406404801718,0.84124862869006345
monthly_share,Adansi_North,ADANSI NORTH,FZ,1,0.033898390769662723,1.9197592222171136,0.94029083242333777
monthly_share,Adansi_North,ADANSI NORTH,FZ,2,0.77966096429913134,1.9197592222171136,0.94029083242333777
monthly_share,Adansi_North,ADANSI NORTH,FZ,3,0.10169488608356332,1.9197592222171136,0.94029083242333777
monthly_share,Adansi_North,ADANSI NORTH,FZ,4,0,1.9197592222171136,0.94029083242333777
monthly_share,Adansi_North,ADANSI NORTH,FZ,5,0,1.9197592222171136,0.94029083242333777
monthly_share,Adansi_North,ADANSI NORTH,FZ,6,0,1.9197592222171136,0.94029083242333777
monthly_share,Adansi_North,ADANSI NORTH,FZ,7,0,1.9197592222171136,0.94029083242333777
monthly_share,Adansi_North,ADANSI NORTH,FZ,8,0,1.9197592222171136,0.94029083242333777
monthly_share,Adansi_North,ADANSI NORTH,FZ,9,0,1.9197592222171136,0.94029083242333777
monthly_share,Adansi_North,ADANSI NORTH,FZ,10,0,1.9197592222171136,0.94029083242333777
monthly_share,Adansi_North,ADANSI NORTH,FZ,11,0,1.9197592222171136,0.94029083242333777
monthly_share,Adansi_North,ADANSI NORTH,FZ,12,0.084745758847642641,1.9197592222171136,0.94029083242333777
monthly_share,Adansi_South,ADANSI SOUTH,FZ,1,0,2.2004566045763112,0.96952267960089478
monthly_share,Adansi_South,ADANSI SOUTH,FZ,2,0.81355928836020308,2.2004566045763112,0.96952267960089478
monthly_share,Adansi_South,ADANSI SOUTH,FZ,3,0.16610174918799339,2.2004566045763112,0.96952267960089478
monthly_share,Adansi_South,ADANSI SOUTH,FZ,4,0.013559307640357243,2.2004566045763112,0.96952267960089478
monthly_share,Adansi_South,ADANSI SOUTH,FZ,5,0.0067796548114461858,2.2004566045763112,0.96952267960089478
monthly_share,Adansi_South,ADANSI SOUTH,FZ,6,0,2.2004566045763112,0.96952267960089478
monthly_share,Adansi_South,ADANSI SOUTH,FZ,7,0,2.2004566045763112,0.96952267960089478
monthly_share,Adansi_South,ADANSI SOUTH,FZ,8,0,2.2004566045763112,0.96952267960089478
monthly_share,Adansi_South,ADANSI SOUTH,FZ,9,0,2.2004566045763112,0.96952267960089478
monthly_share,Adansi_South,ADANSI SOUTH,FZ,10,0,2.2004566045763112,0.96952267960089478
monthly_share,Adansi_South,ADANSI SOUTH,FZ,11,0,2.2004566045763112,0.96952267960089478
monthly_share,Adansi_South,ADANSI SOUTH,FZ,12,0,2.2004566045763112,0.96952267960089478
monthly_share,Afadzato_South,AFADZATO SOUTH,FZ,1,0.39746451380643971,1.4727540277769673,0.94316516439163023
monthly_share,Afadzato_South,AFADZATO SOUTH,FZ,2,0.51476844291952883,1.4727540277769673,0.94316516439163023
monthly_share,Afadzato_South,AFADZATO SOUTH,FZ,3,0.012672866703870278,1.4727540277769673,0.94316516439163023
monthly_share,Afadzato_South,AFADZATO SOUTH,FZ,4,0.00020946965714674584,1.4727540277769673,0.94316516439163023
monthly_share,Afadzato_South,AFADZATO SOUTH,FZ,5,0,1.4727540277769673,0.94316516439163023
monthly_share,Afadzato_South,AFADZATO SOUTH,FZ,6,0,1.4727540277769673,0.94316516439163023
monthly_share,Afadzato_South,AFADZATO SOUTH,FZ,7,0,1.4727540277769673,0.94316516439163023
monthly_share,Afadzato_South,AFADZATO SOUTH,FZ,8,0,1.4727540277769673,0.94316516439163023
monthly_share,Afadzato_South,AFADZATO SOUTH,FZ,9,0,1.4727540277769673,0.94316516439163023
monthly_share,Afadzato_South,AFADZATO SOUTH,FZ,10,0,1.4727540277769673,0.94316516439163023
monthly_share,Afadzato_South,AFADZATO SOUTH,FZ,11,0.00010473315949195143,1.4727540277769673,0.94316516439163023
monthly_share,Afadzato_South,AFADZATO SOUTH,FZ,12,0.074779973753522536,1.4727540277769673,0.94316516439163023
monthly_share,Afigya_Kwabre_North,AFIGYA KWABRE NORTH,FZ,1,0,2.227019723211777,0.95692908265626231
monthly_share,Afigya_Kwabre_North,AFIGYA KWABRE NORTH,FZ,2,0.82608730756655713,2.227019723211777,0.95692908265626231
monthly_share,Afigya_Kwabre_North,AFIGYA KWABRE NORTH,FZ,3,0.1014491261187536,2.227019723211777,0.95692908265626231
monthly_share,Afigya_Kwabre_North,AFIGYA KWABRE NORTH,FZ,4,0.072463566314689129,2.227019723211777,0.95692908265626231
monthly_share,Afigya_Kwabre_North,AFIGYA KWABRE NORTH,FZ,5,0,2.227019723211777,0.95692908265626231
monthly_share,Afigya_Kwabre_North,AFIGYA KWABRE NORTH,FZ,6,0,2.227019723211777,0.95692908265626231
monthly_share,Afigya_Kwabre_North,AFIGYA KWABRE NORTH,FZ,7,0,2.227019723211777,0.95692908265626231
monthly_share,Afigya_Kwabre_North,AFIGYA KWABRE NORTH,FZ,8,0,2.227019723211777,0.95692908265626231
monthly_share,Afigya_Kwabre_North,AFIGYA KWABRE NORTH,FZ,9,0,2.227019723211777,0.95692908265626231
monthly_share,Afigya_Kwabre_North,AFIGYA KWABRE NORTH,FZ,10,0,2.227019723211777,0.95692908265626231
monthly_share,Afigya_Kwabre_North,AFIGYA KWABRE NORTH,FZ,11,0,2.227019723211777,0.95692908265626231
monthly_share,Afigya_Kwabre_North,AFIGYA KWABRE NORTH,FZ,12,0,2.227019723211777,0.95692908265626231
monthly_share,Afigya_Kwabre_South,AFIGYA KWABRE SOUTH,FZ,1,0.1249995773736237,2.3055989958388725,0.78454114221305249
monthly_share,Afigya_Kwabre_South,AFIGYA KWABRE SOUTH,FZ,2,0.12499992461259234,2.3055989958388725,0.78454114221305249
monthly_share,Afigya_Kwabre_South,AFIGYA KWABRE SOUTH,FZ,3,0.62500046374678042,2.3055989958388725,0.78454114221305249
monthly_share,Afigya_Kwabre_South,AFIGYA KWABRE SOUTH,FZ,4,0,2.3055989958388725,0.78454114221305249
monthly_share,Afigya_Kwabre_South,AFIGYA KWABRE SOUTH,FZ,5,0,2.3055989958388725,0.78454114221305249
monthly_share,Afigya_Kwabre_South,AFIGYA KWABRE SOUTH,FZ,6,0,2.3055989958388725,0.78454114221305249
monthly_share,Afigya_Kwabre_South,AFIGYA KWABRE SOUTH,FZ,7,0,2.3055989958388725,0.78454114221305249
monthly_share,Afigya_Kwabre_South,AFIGYA KWABRE SOUTH,FZ,8,0,2.3055989958388725,0.78454114221305249
monthly_share,Afigya_Kwabre_South,AFIGYA KWABRE SOUTH,FZ,9,0,2.3055989958388725,0.78454114221305249
monthly_share,Afigya_Kwabre_South,AFIGYA KWABRE SOUTH,FZ,10,0,2.3055989958388725,0.78454114221305249
monthly_share,Afigya_Kwabre_South,AFIGYA KWABRE SOUTH,FZ,11,0.12500003426700346,2.3055989958388725,0.78454114221305249
monthly_share,Afigya_Kwabre_South,AFIGYA KWABRE SOUTH,FZ,12,0,2.3055989958388725,0.78454114221305249
monthly_share,Agona_East,AGONA EAST,FZ,1,0.45161310451857406,0.57010337837728997,0.93233908638260177
monthly_share,Agona_East,AGONA EAST,FZ,2,0,0.57010337837728997,0.93233908638260177
monthly_share,Agona_East,AGONA EAST,FZ,3,0.048386970947195233,0.57010337837728997,0.93233908638260177
monthly_share,Agona_East,AGONA EAST,FZ,4,0,0.57010337837728997,0.93233908638260177
monthly_share,Agona_East,AGONA EAST,FZ,5,0,0.57010337837728997,0.93233908638260177
monthly_share,Agona_East,AGONA EAST,FZ,6,0,0.57010337837728997,0.93233908638260177
monthly_share,Agona_East,AGONA EAST,FZ,7,0,0.57010337837728997,0.93233908638260177
monthly_share,Agona_East,AGONA EAST,FZ,8,0,0.57010337837728997,0.93233908638260177
monthly_share,Agona_East,AGONA EAST,FZ,9,0,0.57010337837728997,0.93233908638260177
monthly_share,Agona_East,AGONA EAST,FZ,10,0,0.57010337837728997,0.93233908638260177
monthly_share,Agona_East,AGONA EAST,FZ,11,0,0.57010337837728997,0.93233908638260177
monthly_share,Agona_East,AGONA EAST,FZ,12,0.49999992453423076,0.57010337837728997,0.93233908638260177
monthly_share,Agona_West_Municipal,AGONA WEST MUNICIPAL,FZ,1,0,2.8787637848110519,0.9852375572533042
monthly_share,Agona_West_Municipal,AGONA WEST MUNICIPAL,FZ,2,0.12500006396928773,2.8787637848110519,0.9852375572533042
monthly_share,Agona_West_Municipal,AGONA WEST MUNICIPAL,FZ,3,0.87499993603071224,2.8787637848110519,0.9852375572533042
monthly_share,Agona_West_Municipal,AGONA WEST MUNICIPAL,FZ,4,0,2.8787637848110519,0.9852375572533042
monthly_share,Agona_West_Municipal,AGONA WEST MUNICIPAL,FZ,5,0,2.8787637848110519,0.9852375572533042
monthly_share,Agona_West_Municipal,AGONA WEST MUNICIPAL,FZ,6,0,2.8787637848110519,0.9852375572533042
monthly_share,Agona_West_Municipal,AGONA WEST MUNICIPAL,FZ,7,0,2.8787637848110519,0.9852375572533042
monthly_share,Agona_West_Municipal,AGONA WEST MUNICIPAL,FZ,8,0,2.8787637848110519,0.9852375572533042
monthly_share,Agona_West_Municipal,AGONA WEST MUNICIPAL,FZ,9,0,2.8787637848110519,0.9852375572533042
monthly_share,Agona_West_Municipal,AGONA WEST MUNICIPAL,FZ,10,0,2.8787637848110519,0.9852375572533042
monthly_share,Agona_West_Municipal,AGONA WEST MUNICIPAL,FZ,11,0,2.8787637848110519,0.9852375572533042
monthly_share,Agona_West_Municipal,AGONA WEST MUNICIPAL,FZ,12,0,2.8787637848110519,0.9852375572533042
monthly_share,Agotime_Ziope,AGOTIME ZIOPE,FZ,1,0.64480214647583389,0.93444625720341001,0.95096997607614941
monthly_share,Agotime_Ziope,AGOTIME ZIOPE,FZ,2,0.14653132878338548,0.93444625720341001,0.95096997607614941
monthly_share,Agotime_Ziope,AGOTIME ZIOPE,FZ,3,0.00025155657787475949,0.93444625720341001,0.95096997607614941
monthly_share,Agotime_Ziope,AGOTIME ZIOPE,FZ,4,0,0.93444625720341001,0.95096997607614941
monthly_share,Agotime_Ziope,AGOTIME ZIOPE,FZ,5,0,0.93444625720341001,0.95096997607614941
monthly_share,Agotime_Ziope,AGOTIME ZIOPE,FZ,6,0,0.93444625720341001,0.95096997607614941
monthly_share,Agotime_Ziope,AGOTIME ZIOPE,FZ,7,0,0.93444625720341001,0.95096997607614941
monthly_share,Agotime_Ziope,AGOTIME ZIOPE,FZ,8,0,0.93444625720341001,0.95096997607614941
monthly_share,Agotime_Ziope,AGOTIME ZIOPE,FZ,9,0,0.93444625720341001,0.95096997607614941
monthly_share,Agotime_Ziope,AGOTIME ZIOPE,FZ,10,0,0.93444625720341001,0.95096997607614941
monthly_share,Agotime_Ziope,AGOTIME ZIOPE,FZ,11,0.0052198171692679207,0.93444625720341001,0.95096997607614941
monthly_share,Agotime_Ziope,AGOTIME ZIOPE,FZ,12,0.20319515099363811,0.93444625720341001,0.95096997607614941
monthly_share,Ahafo_Ano_North,AHAFO ANO NORTH,FZ,1,0.070833648440772001,1.992286520584631,0.95766261729703506
monthly_share,Ahafo_Ano_North,AHAFO ANO NORTH,FZ,2,0.77499970598196455,1.992286520584631,0.95766261729703506
monthly_share,Ahafo_Ano_North,AHAFO ANO NORTH,FZ,3,0.12083324971055598,1.992286520584631,0.95766261729703506
monthly_share,Ahafo_Ano_North,AHAFO ANO NORTH,FZ,4,0,1.992286520584631,0.95766261729703506
monthly_share,Ahafo_Ano_North,AHAFO ANO NORTH,FZ,5,0,1.992286520584631,0.95766261729703506
monthly_share,Ahafo_Ano_North,AHAFO ANO NORTH,FZ,6,0,1.992286520584631,0.95766261729703506
monthly_share,Ahafo_Ano_North,AHAFO ANO NORTH,FZ,7,0,1.992286520584631,0.95766261729703506
monthly_share,Ahafo_Ano_North,AHAFO ANO NORTH,FZ,8,0,1.992286520584631,0.95766261729703506
monthly_share,Ahafo_Ano_North,AHAFO ANO NORTH,FZ,9,0,1.992286520584631,0.95766261729703506
monthly_share,Ahafo_Ano_North,AHAFO ANO NORTH,FZ,10,0,1.992286520584631,0.95766261729703506
monthly_share,Ahafo_Ano_North,AHAFO ANO NORTH,FZ,11,0,1.992286520584631,0.95766261729703506
monthly_share,Ahafo_Ano_North,AHAFO ANO NORTH,FZ,12,0.033333395866707416,1.992286520584631,0.95766261729703506
monthly_share,Ahafo_Ano_South_East,AHAFO ANO SOUTH EAST,FZ,1,0.17647038114204994,1.6113576974533772,0.84646170713049984
monthly_share,Ahafo_Ano_South_East,AHAFO ANO SOUTH EAST,FZ,2,0.52100752479340928,1.6113576974533772,0.84646170713049984
monthly_share,Ahafo_Ano_South_East,AHAFO ANO SOUTH EAST,FZ,3,0.03361352112873741,1.6113576974533772,0.84646170713049984
monthly_share,Ahafo_Ano_South_East,AHAFO ANO SOUTH EAST,FZ,4,0.058823820466124319,1.6113576974533772,0.84646170713049984
monthly_share,Ahafo_Ano_South_East,AHAFO ANO SOUTH EAST,FZ,5,0.016806759642910365,1.6113576974533772,0.84646170713049984
monthly_share,Ahafo_Ano_South_East,AHAFO ANO SOUTH EAST,FZ,6,0,1.6113576974533772,0.84646170713049984
monthly_share,Ahafo_Ano_South_East,AHAFO ANO SOUTH EAST,FZ,7,0,1.6113576974533772,0.84646170713049984
monthly_share,Ahafo_Ano_South_East,AHAFO ANO SOUTH EAST,FZ,8,0,1.6113576974533772,0.84646170713049984
monthly_share,Ahafo_Ano_South_East,AHAFO ANO SOUTH EAST,FZ,9,0,1.6113576974533772,0.84646170713049984
monthly_share,Ahafo_Ano_South_East,AHAFO ANO SOUTH EAST,FZ,10,0,1.6113576974533772,0.84646170713049984
monthly_share,Ahafo_Ano_South_East,AHAFO ANO SOUTH EAST,FZ,11,0,1.6113576974533772,0.84646170713049984
monthly_share,Ahafo_Ano_South_East,AHAFO ANO SOUTH EAST,FZ,12,0.19327799282676875,1.6113576974533772,0.84646170713049984
monthly_share,Ahafo_Ano_South_West,AHAFO ANO SOUTH WEST,FZ,1,0.30102788049097146,1.7106555433503792,0.96811004572510873
monthly_share,Ahafo_Ano_South_West,AHAFO ANO SOUTH WEST,FZ,2,0.68722462131804518,1.7106555433503792,0.96811004572510873
monthly_share,Ahafo_Ano_South_West,AHAFO ANO SOUTH WEST,FZ,3,0.0088106090709837003,1.7106555433503792,0.96811004572510873
monthly_share,Ahafo_Ano_South_West,AHAFO ANO SOUTH WEST,FZ,4,0.0014684428424597401,1.7106555433503792,0.96811004572510873
monthly_share,Ahafo_Ano_South_West,AHAFO ANO SOUTH WEST,FZ,5,0,1.7106555433503792,0.96811004572510873
monthly_share,Ahafo_Ano_South_West,AHAFO ANO SOUTH WEST,FZ,6,0,1.7106555433503792,0.96811004572510873
monthly_share,Ahafo_Ano_South_West,AHAFO ANO SOUTH WEST,FZ,7,0,1.7106555433503792,0.96811004572510873
monthly_share,Ahafo_Ano_South_West,AHAFO ANO SOUTH WEST,FZ,8,0,1.7106555433503792,0.96811004572510873
monthly_share,Ahafo_Ano_South_West,AHAFO ANO SOUTH WEST,FZ,9,0,1.7106555433503792,0.96811004572510873
monthly_share,Ahafo_Ano_South_West,AHAFO ANO SOUTH WEST,FZ,10,0,1.7106555433503792,0.96811004572510873
monthly_share,Ahafo_Ano_South_West,AHAFO ANO SOUTH WEST,FZ,11,0,1.7106555433503792,0.96811004572510873
monthly_share,Ahafo_Ano_South_West,AHAFO ANO SOUTH WEST,FZ,12,0.0014684462775398108,1.7106555433503792,0.96811004572510873
monthly_share,Akwapem_North,AKWAPEM NORTH,FZ,1,0.25739654612428292,1.6307937868977267,0.91560646535392487
monthly_share,Akwapem_North,AKWAPEM NORTH,FZ,2,0.60650901335993168,1.6307937868977267,0.91560646535392487
monthly_share,Akwapem_North,AKWAPEM NORTH,FZ,3,0.0029585725744925412,1.6307937868977267,0.91560646535392487
monthly_share,Akwapem_North,AKWAPEM NORTH,FZ,4,0.038461411673695663,1.6307937868977267,0.91560646535392487
monthly_share,Akwapem_North,AKWAPEM NORTH,FZ,5,0,1.6307937868977267,0.91560646535392487
monthly_share,Akwapem_North,AKWAPEM NORTH,FZ,6,0,1.6307937868977267,0.91560646535392487
monthly_share,Akwapem_North,AKWAPEM NORTH,FZ,7,0,1.6307937868977267,0.91560646535392487
monthly_share,Akwapem_North,AKWAPEM NORTH,FZ,8,0,1.6307937868977267,0.91560646535392487
monthly_share,Akwapem_North,AKWAPEM NORTH,FZ,9,0,1.6307937868977267,0.91560646535392487
monthly_share,Akwapem_North,AKWAPEM NORTH,FZ,10,0,1.6307937868977267,0.91560646535392487
monthly_share,Akwapem_North,AKWAPEM NORTH,FZ,11,0,1.6307937868977267,0.91560646535392487
monthly_share,Akwapem_North,AKWAPEM NORTH,FZ,12,0.094674456267597157,1.6307937868977267,0.91560646535392487
monthly_share,Akwapem_South,AKWAPEM SOUTH,FZ,1,0.090550939610074876,2.3746034526323951,0.78239797671377054
monthly_share,Akwapem_South,AKWAPEM SOUTH,FZ,2,0.46850430149958328,2.3746034526323951,0.78239797671377054
monthly_share,Akwapem_South,AKWAPEM SOUTH,FZ,3,0,2.3746034526323951,0.78239797671377054
monthly_share,Akwapem_South,AKWAPEM SOUTH,FZ,4,0.33464594160770328,2.3746034526323951,0.78239797671377054
monthly_share,Akwapem_South,AKWAPEM SOUTH,FZ,5,0,2.3746034526323951,0.78239797671377054
monthly_share,Akwapem_South,AKWAPEM SOUTH,FZ,6,0,2.3746034526323951,0.78239797671377054
monthly_share,Akwapem_South,AKWAPEM SOUTH,FZ,7,0,2.3746034526323951,0.78239797671377054
monthly_share,Akwapem_South,AKWAPEM SOUTH,FZ,8,0,2.3746034526323951,0.78239797671377054
monthly_share,Akwapem_South,AKWAPEM SOUTH,FZ,9,0,2.3746034526323951,0.78239797671377054
monthly_share,Akwapem_South,AKWAPEM SOUTH,FZ,10,0,2.3746034526323951,0.78239797671377054
monthly_share,Akwapem_South,AKWAPEM SOUTH,FZ,11,0,2.3746034526323951,0.78239797671377054
monthly_share,Akwapem_South,AKWAPEM SOUTH,FZ,12,0.10629881728263872,2.3746034526323951,0.78239797671377054
monthly_share,Akyem_Mansa,AKYEM MANSA,FZ,1,0.0041840852177496349,2.0029326992680971,0.99734856965910235
monthly_share,Akyem_Mansa,AKYEM MANSA,FZ,2,0.99163182467039224,2.0029326992680971,0.99734856965910235
monthly_share,Akyem_Mansa,AKYEM MANSA,FZ,3,0,2.0029326992680971,0.99734856965910235
monthly_share,Akyem_Mansa,AKYEM MANSA,FZ,4,0.0041840901118580277,2.0029326992680971,0.99734856965910235
monthly_share,Akyem_Mansa,AKYEM MANSA,FZ,5,0,2.0029326992680971,0.99734856965910235
monthly_share,Akyem_Mansa,AKYEM MANSA,FZ,6,0,2.0029326992680971,0.99734856965910235
monthly_share,Akyem_Mansa,AKYEM MANSA,FZ,7,0,2.0029326992680971,0.99734856965910235
monthly_share,Akyem_Mansa,AKYEM MANSA,FZ,8,0,2.0029326992680971,0.99734856965910235
monthly_share,Akyem_Mansa,AKYEM MANSA,FZ,9,0,2.0029326992680971,0.99734856965910235
monthly_share,Akyem_Mansa,AKYEM MANSA,FZ,10,0,2.0029326992680971,0.99734856965910235
monthly_share,Akyem_Mansa,AKYEM MANSA,FZ,11,0,2.0029326992680971,0.99734856965910235
monthly_share,Akyem_Mansa,AKYEM MANSA,FZ,12,0,2.0029326992680971,0.99734856965910235
monthly_share,Amansie_Central,AMANSIE CENTRAL,FZ,1,1,1,1
monthly_share,Amansie_Central,AMANSIE CENTRAL,FZ,2,0,1,1
monthly_share,Amansie_Central,AMANSIE CENTRAL,FZ,3,0,1,1
monthly_share,Amansie_Central,AMANSIE CENTRAL,FZ,4,0,1,1
monthly_share,Amansie_Central,AMANSIE CENTRAL,FZ,5,0,1,1
monthly_share,Amansie_Central,AMANSIE CENTRAL,FZ,6,0,1,1
monthly_share,Amansie_Central,AMANSIE CENTRAL,FZ,7,0,1,1
monthly_share,Amansie_Central,AMANSIE CENTRAL,FZ,8,0,1,1
monthly_share,Amansie_Central,AMANSIE CENTRAL,FZ,9,0,1,1
monthly_share,Amansie_Central,AMANSIE CENTRAL,FZ,10,0,1,1
monthly_share,Amansie_Central,AMANSIE CENTRAL,FZ,11,0,1,1
monthly_share,Amansie_Central,AMANSIE CENTRAL,FZ,12,0,1,1
monthly_share,Amansie_South,AMANSIE SOUTH,FZ,1,0.1257484661834091,2.0401220329117242,0.95951230371451424
monthly_share,Amansie_South,AMANSIE SOUTH,FZ,2,0.71257499803723412,2.0401220329117242,0.95951230371451424
monthly_share,Amansie_South,AMANSIE SOUTH,FZ,3,0.15568850732652706,2.0401220329117242,0.95951230371451424
monthly_share,Amansie_South,AMANSIE SOUTH,FZ,4,0.0059880284528296378,2.0401220329117242,0.95951230371451424
monthly_share,Amansie_South,AMANSIE SOUTH,FZ,5,0,2.0401220329117242,0.95951230371451424
monthly_share,Amansie_South,AMANSIE SOUTH,FZ,6,0,2.0401220329117242,0.95951230371451424
monthly_share,Amansie_South,AMANSIE SOUTH,FZ,7,0,2.0401220329117242,0.95951230371451424
monthly_share,Amansie_South,AMANSIE SOUTH,FZ,8,0,2.0401220329117242,0.95951230371451424
monthly_share,Amansie_South,AMANSIE SOUTH,FZ,9,0,2.0401220329117242,0.95951230371451424
monthly_share,Amansie_South,AMANSIE SOUTH,FZ,10,0,2.0401220329117242,0.95951230371451424
monthly_share,Amansie_South,AMANSIE SOUTH,FZ,11,0,2.0401220329117242,0.95951230371451424
monthly_share,Amansie_South,AMANSIE SOUTH,FZ,12,0,2.0401220329117242,0.95951230371451424
monthly_share,Amansie_West,AMANSIE WEST,FZ,1,0.64705868465675265,1.8437823170579788,0.7779527641912819
monthly_share,Amansie_West,AMANSIE WEST,FZ,2,0.019607821467386426,1.8437823170579788,0.7779527641912819
monthly_share,Amansie_West,AMANSIE WEST,FZ,3,0.078431569685799771,1.8437823170579788,0.7779527641912819
monthly_share,Amansie_West,AMANSIE WEST,FZ,4,0.25490192419006119,1.8437823170579788,0.7779527641912819
monthly_share,Amansie_West,AMANSIE WEST,FZ,5,0,1.8437823170579788,0.7779527641912819
monthly_share,Amansie_West,AMANSIE WEST,FZ,6,0,1.8437823170579788,0.7779527641912819
monthly_share,Amansie_West,AMANSIE WEST,FZ,7,0,1.8437823170579788,0.7779527641912819
monthly_share,Amansie_West,AMANSIE WEST,FZ,8,0,1.8437823170579788,0.7779527641912819
monthly_share,Amansie_West,AMANSIE WEST,FZ,9,0,1.8437823170579788,0.7779527641912819
monthly_share,Amansie_West,AMANSIE WEST,FZ,10,0,1.8437823170579788,0.7779527641912819
monthly_share,Amansie_West,AMANSIE WEST,FZ,11,0,1.8437823170579788,0.7779527641912819
monthly_share,Amansie_West,AMANSIE WEST,FZ,12,0,1.8437823170579788,0.7779527641912819
monthly_share,Aowin,AOWIN,FZ,1,0,2,1
monthly_share,Aowin,AOWIN,FZ,2,1,2,1
monthly_share,Aowin,AOWIN,FZ,3,0,2,1
monthly_share,Aowin,AOWIN,FZ,4,0,2,1
monthly_share,Aowin,AOWIN,FZ,5,0,2,1
monthly_share,Aowin,AOWIN,FZ,6,0,2,1
monthly_share,Aowin,AOWIN,FZ,7,0,2,1
monthly_share,Aowin,AOWIN,FZ,8,0,2,1
monthly_share,Aowin,AOWIN,FZ,9,0,2,1
monthly_share,Aowin,AOWIN,FZ,10,0,2,1
monthly_share,Aowin,AOWIN,FZ,11,0,2,1
monthly_share,Aowin,AOWIN,FZ,12,0,2,1
monthly_share,Asante_Akim_Central_Municipal,ASANTE AKIM CENTRAL MUNICIPAL,FZ,1,0.71917773399406226,1.1604164617793882,0.96074990634649515
monthly_share,Asante_Akim_Central_Municipal,ASANTE AKIM CENTRAL MUNICIPAL,FZ,2,0.22602745891310597,1.1604164617793882,0.96074990634649515
monthly_share,Asante_Akim_Central_Municipal,ASANTE AKIM CENTRAL MUNICIPAL,FZ,3,0,1.1604164617793882,0.96074990634649515
monthly_share,Asante_Akim_Central_Municipal,ASANTE AKIM CENTRAL MUNICIPAL,FZ,4,0,1.1604164617793882,0.96074990634649515
monthly_share,Asante_Akim_Central_Municipal,ASANTE AKIM CENTRAL MUNICIPAL,FZ,5,0,1.1604164617793882,0.96074990634649515
monthly_share,Asante_Akim_Central_Municipal,ASANTE AKIM CENTRAL MUNICIPAL,FZ,6,0,1.1604164617793882,0.96074990634649515
monthly_share,Asante_Akim_Central_Municipal,ASANTE AKIM CENTRAL MUNICIPAL,FZ,7,0,1.1604164617793882,0.96074990634649515
monthly_share,Asante_Akim_Central_Municipal,ASANTE AKIM CENTRAL MUNICIPAL,FZ,8,0,1.1604164617793882,0.96074990634649515
monthly_share,Asante_Akim_Central_Municipal,ASANTE AKIM CENTRAL MUNICIPAL,FZ,9,0,1.1604164617793882,0.96074990634649515
monthly_share,Asante_Akim_Central_Municipal,ASANTE AKIM CENTRAL MUNICIPAL,FZ,10,0,1.1604164617793882,0.96074990634649515
monthly_share,Asante_Akim_Central_Municipal,ASANTE AKIM CENTRAL MUNICIPAL,FZ,11,0.013698727810272013,1.1604164617793882,0.96074990634649515
monthly_share,Asante_Akim_Central_Municipal,ASANTE AKIM CENTRAL MUNICIPAL,FZ,12,0.041096079282559692,1.1604164617793882,0.96074990634649515
monthly_share,Asante_Akim_North,ASANTE AKIM NORTH,FZ,1,0.53679292667312928,0.81034388415677583,0.92811273267712691
monthly_share,Asante_Akim_North,ASANTE AKIM NORTH,FZ,2,0.12508034788606337,0.81034388415677583,0.92811273267712691
monthly_share,Asante_Akim_North,ASANTE AKIM NORTH,FZ,3,0.016307832092951051,0.81034388415677583,0.92811273267712691
monthly_share,Asante_Akim_North,ASANTE AKIM NORTH,FZ,4,0.00028116852773357444,0.81034388415677583,0.92811273267712691
monthly_share,Asante_Akim_North,ASANTE AKIM NORTH,FZ,5,0,0.81034388415677583,0.92811273267712691
monthly_share,Asante_Akim_North,ASANTE AKIM NORTH,FZ,6,0,0.81034388415677583,0.92811273267712691
monthly_share,Asante_Akim_North,ASANTE AKIM NORTH,FZ,7,0,0.81034388415677583,0.92811273267712691
monthly_share,Asante_Akim_North,ASANTE AKIM NORTH,FZ,8,0,0.81034388415677583,0.92811273267712691
monthly_share,Asante_Akim_North,ASANTE AKIM NORTH,FZ,9,0,0.81034388415677583,0.92811273267712691
monthly_share,Asante_Akim_North,ASANTE AKIM NORTH,FZ,10,0,0.81034388415677583,0.92811273267712691
monthly_share,Asante_Akim_North,ASANTE AKIM NORTH,FZ,11,0.022373071611098874,0.81034388415677583,0.92811273267712691
monthly_share,Asante_Akim_North,ASANTE AKIM NORTH,FZ,12,0.2991646532090238,0.81034388415677583,0.92811273267712691
monthly_share,Asante_Akim_South,ASANTE AKIM SOUTH,FZ,1,0.62021609755506346,1.2806027734311798,0.95859647490540556
monthly_share,Asante_Akim_South,ASANTE AKIM SOUTH,FZ,2,0.32875388753059676,1.2806027734311798,0.95859647490540556
monthly_share,Asante_Akim_South,ASANTE AKIM SOUTH,FZ,3,0,1.2806027734311798,0.95859647490540556
monthly_share,Asante_Akim_South,ASANTE AKIM SOUTH,FZ,4,0.00098135423284452473,1.2806027734311798,0.95859647490540556
monthly_share,Asante_Akim_South,ASANTE AKIM SOUTH,FZ,5,0,1.2806027734311798,0.95859647490540556
monthly_share,Asante_Akim_South,ASANTE AKIM SOUTH,FZ,6,0,1.2806027734311798,0.95859647490540556
monthly_share,Asante_Akim_South,ASANTE AKIM SOUTH,FZ,7,0,1.2806027734311798,0.95859647490540556
monthly_share,Asante_Akim_South,ASANTE AKIM SOUTH,FZ,8,0,1.2806027734311798,0.95859647490540556
monthly_share,Asante_Akim_South,ASANTE AKIM SOUTH,FZ,9,0,1.2806027734311798,0.95859647490540556
monthly_share,Asante_Akim_South,ASANTE AKIM SOUTH,FZ,10,0,1.2806027734311798,0.95859647490540556
monthly_share,Asante_Akim_South,ASANTE AKIM SOUTH,FZ,11,0,1.2806027734311798,0.95859647490540556
monthly_share,Asante_Akim_South,ASANTE AKIM SOUTH,FZ,12,0.050048660681495181,1.2806027734311798,0.95859647490540556
monthly_share,Asene_Akroso_Manso,ASENE AKROSO MANSO,FZ,1,0,2,1
monthly_share,Asene_Akroso_Manso,ASENE AKROSO MANSO,FZ,2,1,2,1
monthly_share,Asene_Akroso_Manso,ASENE AKROSO MANSO,FZ,3,0,2,1
monthly_share,Asene_Akroso_Manso,ASENE AKROSO MANSO,FZ,4,0,2,1
monthly_share,Asene_Akroso_Manso,ASENE AKROSO MANSO,FZ,5,0,2,1
monthly_share,Asene_Akroso_Manso,ASENE AKROSO MANSO,FZ,6,0,2,1
monthly_share,Asene_Akroso_Manso,ASENE AKROSO MANSO,FZ,7,0,2,1
monthly_share,Asene_Akroso_Manso,ASENE AKROSO MANSO,FZ,8,0,2,1
monthly_share,Asene_Akroso_Manso,ASENE AKROSO MANSO,FZ,9,0,2,1
monthly_share,Asene_Akroso_Manso,ASENE AKROSO MANSO,FZ,10,0,2,1
monthly_share,Asene_Akroso_Manso,ASENE AKROSO MANSO,FZ,11,0,2,1
monthly_share,Asene_Akroso_Manso,ASENE AKROSO MANSO,FZ,12,0,2,1
monthly_share,Asikuma_Odoben_Brakwa,ASIKUMA-ODOBEN-BRAKWA,FZ,1,0,3.2953158907940812,0.90902485980431647
monthly_share,Asikuma_Odoben_Brakwa,ASIKUMA-ODOBEN-BRAKWA,FZ,2,0.23999957761485158,3.2953158907940812,0.90902485980431647
monthly_share,Asikuma_Odoben_Brakwa,ASIKUMA-ODOBEN-BRAKWA,FZ,3,0.24000010106363009,3.2953158907940812,0.90902485980431647
monthly_share,Asikuma_Odoben_Brakwa,ASIKUMA-ODOBEN-BRAKWA,FZ,4,0.5200003213215183,3.2953158907940812,0.90902485980431647
monthly_share,Asikuma_Odoben_Brakwa,ASIKUMA-ODOBEN-BRAKWA,FZ,5,0,3.2953158907940812,0.90902485980431647
monthly_share,Asikuma_Odoben_Brakwa,ASIKUMA-ODOBEN-BRAKWA,FZ,6,0,3.2953158907940812,0.90902485980431647
monthly_share,Asikuma_Odoben_Brakwa,ASIKUMA-ODOBEN-BRAKWA,FZ,7,0,3.2953158907940812,0.90902485980431647
monthly_share,Asikuma_Odoben_Brakwa,ASIKUMA-ODOBEN-BRAKWA,FZ,8,0,3.2953158907940812,0.90902485980431647
monthly_share,Asikuma_Odoben_Brakwa,ASIKUMA-ODOBEN-BRAKWA,FZ,9,0,3.2953158907940812,0.90902485980431647
monthly_share,Asikuma_Odoben_Brakwa,ASIKUMA-ODOBEN-BRAKWA,FZ,10,0,3.2953158907940812,0.90902485980431647
monthly_share,Asikuma_Odoben_Brakwa,ASIKUMA-ODOBEN-BRAKWA,FZ,11,0,3.2953158907940812,0.90902485980431647
monthly_share,Asikuma_Odoben_Brakwa,ASIKUMA-ODOBEN-BRAKWA,FZ,12,0,3.2953158907940812,0.90902485980431647
monthly_share,Asokore_Mampong_Municipal,ASOKORE MAMPONG MUNICIPAL,FZ,1,,,
monthly_share,Asokore_Mampong_Municipal,ASOKORE MAMPONG MUNICIPAL,FZ,2,,,
monthly_share,Asokore_Mampong_Municipal,ASOKORE MAMPONG MUNICIPAL,FZ,3,,,
monthly_share,Asokore_Mampong_Municipal,ASOKORE MAMPONG MUNICIPAL,FZ,4,,,
monthly_share,Asokore_Mampong_Municipal,ASOKORE MAMPONG MUNICIPAL,FZ,5,,,
monthly_share,Asokore_Mampong_Municipal,ASOKORE MAMPONG MUNICIPAL,FZ,6,,,
monthly_share,Asokore_Mampong_Municipal,ASOKORE MAMPONG MUNICIPAL,FZ,7,,,
monthly_share,Asokore_Mampong_Municipal,ASOKORE MAMPONG MUNICIPAL,FZ,8,,,
monthly_share,Asokore_Mampong_Municipal,ASOKORE MAMPONG MUNICIPAL,FZ,9,,,
monthly_share,Asokore_Mampong_Municipal,ASOKORE MAMPONG MUNICIPAL,FZ,10,,,
monthly_share,Asokore_Mampong_Municipal,ASOKORE MAMPONG MUNICIPAL,FZ,11,,,
monthly_share,Asokore_Mampong_Municipal,ASOKORE MAMPONG MUNICIPAL,FZ,12,,,
monthly_share,Asokwa_Municipal,ASOKWA MUNICIPAL,FZ,1,,,
monthly_share,Asokwa_Municipal,ASOKWA MUNICIPAL,FZ,2,,,
monthly_share,Asokwa_Municipal,ASOKWA MUNICIPAL,FZ,3,,,
monthly_share,Asokwa_Municipal,ASOKWA MUNICIPAL,FZ,4,,,
monthly_share,Asokwa_Municipal,ASOKWA MUNICIPAL,FZ,5,,,
monthly_share,Asokwa_Municipal,ASOKWA MUNICIPAL,FZ,6,,,
monthly_share,Asokwa_Municipal,ASOKWA MUNICIPAL,FZ,7,,,
monthly_share,Asokwa_Municipal,ASOKWA MUNICIPAL,FZ,8,,,
monthly_share,Asokwa_Municipal,ASOKWA MUNICIPAL,FZ,9,,,
monthly_share,Asokwa_Municipal,ASOKWA MUNICIPAL,FZ,10,,,
monthly_share,Asokwa_Municipal,ASOKWA MUNICIPAL,FZ,11,,,
monthly_share,Asokwa_Municipal,ASOKWA MUNICIPAL,FZ,12,,,
monthly_share,Assin_Fosu,ASSIN FOSU,FZ,1,0,2,1
monthly_share,Assin_Fosu,ASSIN FOSU,FZ,2,1,2,1
monthly_share,Assin_Fosu,ASSIN FOSU,FZ,3,0,2,1
monthly_share,Assin_Fosu,ASSIN FOSU,FZ,4,0,2,1
monthly_share,Assin_Fosu,ASSIN FOSU,FZ,5,0,2,1
monthly_share,Assin_Fosu,ASSIN FOSU,FZ,6,0,2,1
monthly_share,Assin_Fosu,ASSIN FOSU,FZ,7,0,2,1
monthly_share,Assin_Fosu,ASSIN FOSU,FZ,8,0,2,1
monthly_share,Assin_Fosu,ASSIN FOSU,FZ,9,0,2,1
monthly_share,Assin_Fosu,ASSIN FOSU,FZ,10,0,2,1
monthly_share,Assin_Fosu,ASSIN FOSU,FZ,11,0,2,1
monthly_share,Assin_Fosu,ASSIN FOSU,FZ,12,0,2,1
monthly_share,Assin_North,ASSIN NORTH,FZ,1,0.032786687793258343,2.2937515195253173,0.96305017121038461
monthly_share,Assin_North,ASSIN NORTH,FZ,2,0.63934378206274756,2.2937515195253173,0.96305017121038461
monthly_share,Assin_North,ASSIN NORTH,FZ,3,0.32786953014399411,2.2937515195253173,0.96305017121038461
monthly_share,Assin_North,ASSIN NORTH,FZ,4,0,2.2937515195253173,0.96305017121038461
monthly_share,Assin_North,ASSIN NORTH,FZ,5,0,2.2937515195253173,0.96305017121038461
monthly_share,Assin_North,ASSIN NORTH,FZ,6,0,2.2937515195253173,0.96305017121038461
monthly_share,Assin_North,ASSIN NORTH,FZ,7,0,2.2937515195253173,0.96305017121038461
monthly_share,Assin_North,ASSIN NORTH,FZ,8,0,2.2937515195253173,0.96305017121038461
monthly_share,Assin_North,ASSIN NORTH,FZ,9,0,2.2937515195253173,0.96305017121038461
monthly_share,Assin_North,ASSIN NORTH,FZ,10,0,2.2937515195253173,0.96305017121038461
monthly_share,Assin_North,ASSIN NORTH,FZ,11,0,2.2937515195253173,0.96305017121038461
monthly_share,Assin_North,ASSIN NORTH,FZ,12,0,2.2937515195253173,0.96305017121038461
monthly_share,Assin_South,ASSIN SOUTH,FZ,1,0,2,1
monthly_share,Assin_South,ASSIN SOUTH,FZ,2,1,2,1
monthly_share,Assin_South,ASSIN SOUTH,FZ,3,0,2,1
monthly_share,Assin_South,ASSIN SOUTH,FZ,4,0,2,1
monthly_share,Assin_South,ASSIN SOUTH,FZ,5,0,2,1
monthly_share,Assin_South,ASSIN SOUTH,FZ,6,0,2,1
monthly_share,Assin_South,ASSIN SOUTH,FZ,7,0,2,1
monthly_share,Assin_South,ASSIN SOUTH,FZ,8,0,2,1
monthly_share,Assin_South,ASSIN SOUTH,FZ,9,0,2,1
monthly_share,Assin_South,ASSIN SOUTH,FZ,10,0,2,1
monthly_share,Assin_South,ASSIN SOUTH,FZ,11,0,2,1
monthly_share,Assin_South,ASSIN SOUTH,FZ,12,0,2,1
monthly_share,Asunafo_South,ASUNAFO SOUTH,FZ,1,0.071428644964227517,1.9547253310736175,0.97494248063131528
monthly_share,Asunafo_South,ASUNAFO SOUTH,FZ,2,0.85714269536833987,1.9547253310736175,0.97494248063131528
monthly_share,Asunafo_South,ASUNAFO SOUTH,FZ,3,0.054511260961505673,1.9547253310736175,0.97494248063131528
monthly_share,Asunafo_South,ASUNAFO SOUTH,FZ,4,0,1.9547253310736175,0.97494248063131528
monthly_share,Asunafo_South,ASUNAFO SOUTH,FZ,5,0,1.9547253310736175,0.97494248063131528
monthly_share,Asunafo_South,ASUNAFO SOUTH,FZ,6,0,1.9547253310736175,0.97494248063131528
monthly_share,Asunafo_South,ASUNAFO SOUTH,FZ,7,0,1.9547253310736175,0.97494248063131528
monthly_share,Asunafo_South,ASUNAFO SOUTH,FZ,8,0,1.9547253310736175,0.97494248063131528
monthly_share,Asunafo_South,ASUNAFO SOUTH,FZ,9,0,1.9547253310736175,0.97494248063131528
monthly_share,Asunafo_South,ASUNAFO SOUTH,FZ,10,0,1.9547253310736175,0.97494248063131528
monthly_share,Asunafo_South,ASUNAFO SOUTH,FZ,11,0,1.9547253310736175,0.97494248063131528
monthly_share,Asunafo_South,ASUNAFO SOUTH,FZ,12,0.016917398705926952,1.9547253310736175,0.97494248063131528
monthly_share,Asuogyaman,ASUOGYAMAN,FZ,1,0.51764288308672368,1.0811499765518762,0.91061904135850325
monthly_share,Asuogyaman,ASUOGYAMAN,FZ,2,0.20298301356134521,1.0811499765518762,0.91061904135850325
monthly_share,Asuogyaman,ASUOGYAMAN,FZ,3,0.054928861812837626,1.0811499765518762,0.91061904135850325
monthly_share,Asuogyaman,ASUOGYAMAN,FZ,4,0.0030920229416282951,1.0811499765518762,0.91061904135850325
monthly_share,Asuogyaman,ASUOGYAMAN,FZ,5,0,1.0811499765518762,0.91061904135850325
monthly_share,Asuogyaman,ASUOGYAMAN,FZ,6,0,1.0811499765518762,0.91061904135850325
monthly_share,Asuogyaman,ASUOGYAMAN,FZ,7,0,1.0811499765518762,0.91061904135850325
monthly_share,Asuogyaman,ASUOGYAMAN,FZ,8,0,1.0811499765518762,0.91061904135850325
monthly_share,Asuogyaman,ASUOGYAMAN,FZ,9,0,1.0811499765518762,0.91061904135850325
monthly_share,Asuogyaman,ASUOGYAMAN,FZ,10,0,1.0811499765518762,0.91061904135850325
monthly_share,Asuogyaman,ASUOGYAMAN,FZ,11,0.0076391493263020336,1.0811499765518762,0.91061904135850325
monthly_share,Asuogyaman,ASUOGYAMAN,FZ,12,0.21371406927116307,1.0811499765518762,0.91061904135850325
monthly_share,Atiwa_East,ATIWA EAST,FZ,1,0.39015180019421308,1.1642240850629517,0.92030960807894535
monthly_share,Atiwa_East,ATIWA EAST,FZ,2,0.37878747326916345,1.1642240850629517,0.92030960807894535
monthly_share,Atiwa_East,ATIWA EAST,FZ,3,0.0037878458176922127,1.1642240850629517,0.92030960807894535
monthly_share,Atiwa_East,ATIWA EAST,FZ,4,0,1.1642240850629517,0.92030960807894535
monthly_share,Atiwa_East,ATIWA EAST,FZ,5,0,1.1642240850629517,0.92030960807894535
monthly_share,Atiwa_East,ATIWA EAST,FZ,6,0,1.1642240850629517,0.92030960807894535
monthly_share,Atiwa_East,ATIWA EAST,FZ,7,0,1.1642240850629517,0.92030960807894535
monthly_share,Atiwa_East,ATIWA EAST,FZ,8,0,1.1642240850629517,0.92030960807894535
monthly_share,Atiwa_East,ATIWA EAST,FZ,9,0,1.1642240850629517,0.92030960807894535
monthly_share,Atiwa_East,ATIWA EAST,FZ,10,0,1.1642240850629517,0.92030960807894535
monthly_share,Atiwa_East,ATIWA EAST,FZ,11,0,1.1642240850629517,0.92030960807894535
monthly_share,Atiwa_East,ATIWA EAST,FZ,12,0.22727288071893129,1.1642240850629517,0.92030960807894535
monthly_share,Atiwa_West,ATIWA WEST,FZ,1,0,2,1
monthly_share,Atiwa_West,ATIWA WEST,FZ,2,1,2,1
monthly_share,Atiwa_West,ATIWA WEST,FZ,3,0,2,1
monthly_share,Atiwa_West,ATIWA WEST,FZ,4,0,2,1
monthly_share,Atiwa_West,ATIWA WEST,FZ,5,0,2,1
monthly_share,Atiwa_West,ATIWA WEST,FZ,6,0,2,1
monthly_share,Atiwa_West,ATIWA WEST,FZ,7,0,2,1
monthly_share,Atiwa_West,ATIWA WEST,FZ,8,0,2,1
monthly_share,Atiwa_West,ATIWA WEST,FZ,9,0,2,1
monthly_share,Atiwa_West,ATIWA WEST,FZ,10,0,2,1
monthly_share,Atiwa_West,ATIWA WEST,FZ,11,0,2,1
monthly_share,Atiwa_West,ATIWA WEST,FZ,12,0,2,1
monthly_share,Atwima_Kwanwoma,ATWIMA KWANWOMA,FZ,1,0.015384584741584969,3.6124767923828967,0.93384227361851202
monthly_share,Atwima_Kwanwoma,ATWIMA KWANWOMA,FZ,2,0.015384589240279439,3.6124767923828967,0.93384227361851202
monthly_share,Atwima_Kwanwoma,ATWIMA KWANWOMA,FZ,3,0.29230770504245812,3.6124767923828967,0.93384227361851202
monthly_share,Atwima_Kwanwoma,ATWIMA KWANWOMA,FZ,4,0.66153855985223842,3.6124767923828967,0.93384227361851202
monthly_share,Atwima_Kwanwoma,ATWIMA KWANWOMA,FZ,5,0,3.6124767923828967,0.93384227361851202
monthly_share,Atwima_Kwanwoma,ATWIMA KWANWOMA,FZ,6,0,3.6124767923828967,0.93384227361851202
monthly_share,Atwima_Kwanwoma,ATWIMA KWANWOMA,FZ,7,0,3.6124767923828967,0.93384227361851202
monthly_share,Atwima_Kwanwoma,ATWIMA KWANWOMA,FZ,8,0,3.6124767923828967,0.93384227361851202
monthly_share,Atwima_Kwanwoma,ATWIMA KWANWOMA,FZ,9,0,3.6124767923828967,0.93384227361851202
monthly_share,Atwima_Kwanwoma,ATWIMA KWANWOMA,FZ,10,0,3.6124767923828967,0.93384227361851202
monthly_share,Atwima_Kwanwoma,ATWIMA KWANWOMA,FZ,11,0,3.6124767923828967,0.93384227361851202
monthly_share,Atwima_Kwanwoma,ATWIMA KWANWOMA,FZ,12,0.015384561123438995,3.6124767923828967,0.93384227361851202
monthly_share,Atwima_Mponua,ATWIMA MPONUA,FZ,1,0.11868894362244978,1.9723056384255209,0.97136157361398257
monthly_share,Atwima_Mponua,ATWIMA MPONUA,FZ,2,0.79273724848236815,1.9723056384255209,0.97136157361398257
monthly_share,Atwima_Mponua,ATWIMA MPONUA,FZ,3,0.085916599235308144,1.9723056384255209,0.97136157361398257
monthly_share,Atwima_Mponua,ATWIMA MPONUA,FZ,4,0.0026572086598740147,1.9723056384255209,0.97136157361398257
monthly_share,Atwima_Mponua,ATWIMA MPONUA,FZ,5,0,1.9723056384255209,0.97136157361398257
monthly_share,Atwima_Mponua,ATWIMA MPONUA,FZ,6,0,1.9723056384255209,0.97136157361398257
monthly_share,Atwima_Mponua,ATWIMA MPONUA,FZ,7,0,1.9723056384255209,0.97136157361398257
monthly_share,Atwima_Mponua,ATWIMA MPONUA,FZ,8,0,1.9723056384255209,0.97136157361398257
monthly_share,Atwima_Mponua,ATWIMA MPONUA,FZ,9,0,1.9723056384255209,0.97136157361398257
monthly_share,Atwima_Mponua,ATWIMA MPONUA,FZ,10,0,1.9723056384255209,0.97136157361398257
monthly_share,Atwima_Mponua,ATWIMA MPONUA,FZ,11,0,1.9723056384255209,0.97136157361398257
monthly_share,Atwima_Mponua,ATWIMA MPONUA,FZ,12,0,1.9723056384255209,0.97136157361398257
monthly_share,Atwima_Nwabiagya_North,ATWIMA NWABIAGYA NORTH,FZ,1,0.14634162527582537,1.8844891947118829,0.73848284755129245
monthly_share,Atwima_Nwabiagya_North,ATWIMA NWABIAGYA NORTH,FZ,2,0.17073141534070618,1.8844891947118829,0.73848284755129245
monthly_share,Atwima_Nwabiagya_North,ATWIMA NWABIAGYA NORTH,FZ,3,0.26829317520750756,1.8844891947118829,0.73848284755129245
monthly_share,Atwima_Nwabiagya_North,ATWIMA NWABIAGYA NORTH,FZ,4,0.14634121875287651,1.8844891947118829,0.73848284755129245
monthly_share,Atwima_Nwabiagya_North,ATWIMA NWABIAGYA NORTH,FZ,5,0,1.8844891947118829,0.73848284755129245
monthly_share,Atwima_Nwabiagya_North,ATWIMA NWABIAGYA NORTH,FZ,6,0,1.8844891947118829,0.73848284755129245
monthly_share,Atwima_Nwabiagya_North,ATWIMA NWABIAGYA NORTH,FZ,7,0,1.8844891947118829,0.73848284755129245
monthly_share,Atwima_Nwabiagya_North,ATWIMA NWABIAGYA NORTH,FZ,8,0,1.8844891947118829,0.73848284755129245
monthly_share,Atwima_Nwabiagya_North,ATWIMA NWABIAGYA NORTH,FZ,9,0,1.8844891947118829,0.73848284755129245
monthly_share,Atwima_Nwabiagya_North,ATWIMA NWABIAGYA NORTH,FZ,10,0,1.8844891947118829,0.73848284755129245
monthly_share,Atwima_Nwabiagya_North,ATWIMA NWABIAGYA NORTH,FZ,11,0,1.8844891947118829,0.73848284755129245
monthly_share,Atwima_Nwabiagya_North,ATWIMA NWABIAGYA NORTH,FZ,12,0.26829256542308427,1.8844891947118829,0.73848284755129245
monthly_share,Atwima_Nwabiagya_South,ATWIMA NWABIAGYA SOUTH,FZ,1,0.041322338330832868,2.3966941211401296,0.74035664535646728
monthly_share,Atwima_Nwabiagya_South,ATWIMA NWABIAGYA SOUTH,FZ,2,0.049586824967627931,2.3966941211401296,0.74035664535646728
monthly_share,Atwima_Nwabiagya_South,ATWIMA NWABIAGYA SOUTH,FZ,3,0.50413166694962097,2.3966941211401296,0.74035664535646728
monthly_share,Atwima_Nwabiagya_South,ATWIMA NWABIAGYA SOUTH,FZ,4,0.15702502255985332,2.3966941211401296,0.74035664535646728
monthly_share,Atwima_Nwabiagya_South,ATWIMA NWABIAGYA SOUTH,FZ,5,0,2.3966941211401296,0.74035664535646728
monthly_share,Atwima_Nwabiagya_South,ATWIMA NWABIAGYA SOUTH,FZ,6,0,2.3966941211401296,0.74035664535646728
monthly_share,Atwima_Nwabiagya_South,ATWIMA NWABIAGYA SOUTH,FZ,7,0,2.3966941211401296,0.74035664535646728
monthly_share,Atwima_Nwabiagya_South,ATWIMA NWABIAGYA SOUTH,FZ,8,0,2.3966941211401296,0.74035664535646728
monthly_share,Atwima_Nwabiagya_South,ATWIMA NWABIAGYA SOUTH,FZ,9,0,2.3966941211401296,0.74035664535646728
monthly_share,Atwima_Nwabiagya_South,ATWIMA NWABIAGYA SOUTH,FZ,10,0,2.3966941211401296,0.74035664535646728
monthly_share,Atwima_Nwabiagya_South,ATWIMA NWABIAGYA SOUTH,FZ,11,0,2.3966941211401296,0.74035664535646728
monthly_share,Atwima_Nwabiagya_South,ATWIMA NWABIAGYA SOUTH,FZ,12,0.247934147192065,2.3966941211401296,0.74035664535646728
monthly_share,Ayensuano,AYENSUANO,FZ,1,0.02597416407328804,2.4648917129158656,0.9501805440787825
monthly_share,Ayensuano,AYENSUANO,FZ,2,0.4545453685786639,2.4648917129158656,0.9501805440787825
monthly_share,Ayensuano,AYENSUANO,FZ,3,0.50649344322678203,2.4648917129158656,0.9501805440787825
monthly_share,Ayensuano,AYENSUANO,FZ,4,0,2.4648917129158656,0.9501805440787825
monthly_share,Ayensuano,AYENSUANO,FZ,5,0,2.4648917129158656,0.9501805440787825
monthly_share,Ayensuano,AYENSUANO,FZ,6,0,2.4648917129158656,0.9501805440787825
monthly_share,Ayensuano,AYENSUANO,FZ,7,0,2.4648917129158656,0.9501805440787825
monthly_share,Ayensuano,AYENSUANO,FZ,8,0,2.4648917129158656,0.9501805440787825
monthly_share,Ayensuano,AYENSUANO,FZ,9,0,2.4648917129158656,0.9501805440787825
monthly_share,Ayensuano,AYENSUANO,FZ,10,0,2.4648917129158656,0.9501805440787825
monthly_share,Ayensuano,AYENSUANO,FZ,11,0,2.4648917129158656,0.9501805440787825
monthly_share,Ayensuano,AYENSUANO,FZ,12,0.012987024121265994,2.4648917129158656,0.9501805440787825
monthly_share,Bekwai_Municipal,BEKWAI MUNICIPAL,FZ,1,0.21874987692184342,0.90010173543458016,0.89655853431921073
monthly_share,Bekwai_Municipal,BEKWAI MUNICIPAL,FZ,2,0.34375050630527054,0.90010173543458016,0.89655853431921073
monthly_share,Bekwai_Municipal,BEKWAI MUNICIPAL,FZ,3,0,0.90010173543458016,0.89655853431921073
monthly_share,Bekwai_Municipal,BEKWAI MUNICIPAL,FZ,4,0,0.90010173543458016,0.89655853431921073
monthly_share,Bekwai_Municipal,BEKWAI MUNICIPAL,FZ,5,0,0.90010173543458016,0.89655853431921073
monthly_share,Bekwai_Municipal,BEKWAI MUNICIPAL,FZ,6,0,0.90010173543458016,0.89655853431921073
monthly_share,Bekwai_Municipal,BEKWAI MUNICIPAL,FZ,7,0,0.90010173543458016,0.89655853431921073
monthly_share,Bekwai_Municipal,BEKWAI MUNICIPAL,FZ,8,0,0.90010173543458016,0.89655853431921073
monthly_share,Bekwai_Municipal,BEKWAI MUNICIPAL,FZ,9,0,0.90010173543458016,0.89655853431921073
monthly_share,Bekwai_Municipal,BEKWAI MUNICIPAL,FZ,10,0,0.90010173543458016,0.89655853431921073
monthly_share,Bekwai_Municipal,BEKWAI MUNICIPAL,FZ,11,0,0.90010173543458016,0.89655853431921073
monthly_share,Bekwai_Municipal,BEKWAI MUNICIPAL,FZ,12,0.43749961677288601,0.90010173543458016,0.89655853431921073
monthly_share,Bia_West,BIA WEST,FZ,1,0,2,1
monthly_share,Bia_West,BIA WEST,FZ,2,1,2,1
monthly_share,Bia_West,BIA WEST,FZ,3,0,2,1
monthly_share,Bia_West,BIA WEST,FZ,4,0,2,1
monthly_share,Bia_West,BIA WEST,FZ,5,0,2,1
monthly_share,Bia_West,BIA WEST,FZ,6,0,2,1
monthly_share,Bia_West,BIA WEST,FZ,7,0,2,1
monthly_share,Bia_West,BIA WEST,FZ,8,0,2,1
monthly_share,Bia_West,BIA WEST,FZ,9,0,2,1
monthly_share,Bia_West,BIA WEST,FZ,10,0,2,1
monthly_share,Bia_West,BIA WEST,FZ,11,0,2,1
monthly_share,Bia_West,BIA WEST,FZ,12,0,2,1
monthly_share,Biakoye,BIAKOYE,FZ,1,0.35554109269316014,1.5887730108017193,0.9354164590949009
monthly_share,Biakoye,BIAKOYE,FZ,2,0.52291315986070253,1.5887730108017193,0.9354164590949009
monthly_share,Biakoye,BIAKOYE,FZ,3,0.060806841450268795,1.5887730108017193,0.9354164590949009
monthly_share,Biakoye,BIAKOYE,FZ,4,6.8400386620396148e-05,1.5887730108017193,0.9354164590949009
monthly_share,Biakoye,BIAKOYE,FZ,5,0,1.5887730108017193,0.9354164590949009
monthly_share,Biakoye,BIAKOYE,FZ,6,0,1.5887730108017193,0.9354164590949009
monthly_share,Biakoye,BIAKOYE,FZ,7,0,1.5887730108017193,0.9354164590949009
monthly_share,Biakoye,BIAKOYE,FZ,8,0,1.5887730108017193,0.9354164590949009
monthly_share,Biakoye,BIAKOYE,FZ,9,0,1.5887730108017193,0.9354164590949009
monthly_share,Biakoye,BIAKOYE,FZ,10,0,1.5887730108017193,0.9354164590949009
monthly_share,Biakoye,BIAKOYE,FZ,11,6.8400036618724853e-05,1.5887730108017193,0.9354164590949009
monthly_share,Biakoye,BIAKOYE,FZ,12,0.060602105572629371,1.5887730108017193,0.9354164590949009
monthly_share,Bibiani_Anhwiaso_Bekwai_Municipal,BIBIANI-ANHWIASO-BEKWAI MUNICIPAL,FZ,1,0.27188949372624399,1.725651570686688,0.94100785069504589
monthly_share,Bibiani_Anhwiaso_Bekwai_Municipal,BIBIANI-ANHWIASO-BEKWAI MUNICIPAL,FZ,2,0.67281108175598769,1.725651570686688,0.94100785069504589
monthly_share,Bibiani_Anhwiaso_Bekwai_Municipal,BIBIANI-ANHWIASO-BEKWAI MUNICIPAL,FZ,3,0,1.725651570686688,0.94100785069504589
monthly_share,Bibiani_Anhwiaso_Bekwai_Municipal,BIBIANI-ANHWIASO-BEKWAI MUNICIPAL,FZ,4,0.018433181932691705,1.725651570686688,0.94100785069504589
monthly_share,Bibiani_Anhwiaso_Bekwai_Municipal,BIBIANI-ANHWIASO-BEKWAI MUNICIPAL,FZ,5,0.0092165321790860111,1.725651570686688,0.94100785069504589
monthly_share,Bibiani_Anhwiaso_Bekwai_Municipal,BIBIANI-ANHWIASO-BEKWAI MUNICIPAL,FZ,6,0,1.725651570686688,0.94100785069504589
monthly_share,Bibiani_Anhwiaso_Bekwai_Municipal,BIBIANI-ANHWIASO-BEKWAI MUNICIPAL,FZ,7,0,1.725651570686688,0.94100785069504589
monthly_share,Bibiani_Anhwiaso_Bekwai_Municipal,BIBIANI-ANHWIASO-BEKWAI MUNICIPAL,FZ,8,0,1.725651570686688,0.94100785069504589
monthly_share,Bibiani_Anhwiaso_Bekwai_Municipal,BIBIANI-ANHWIASO-BEKWAI MUNICIPAL,FZ,9,0,1.725651570686688,0.94100785069504589
monthly_share,Bibiani_Anhwiaso_Bekwai_Municipal,BIBIANI-ANHWIASO-BEKWAI MUNICIPAL,FZ,10,0,1.725651570686688,0.94100785069504589
monthly_share,Bibiani_Anhwiaso_Bekwai_Municipal,BIBIANI-ANHWIASO-BEKWAI MUNICIPAL,FZ,11,0,1.725651570686688,0.94100785069504589
monthly_share,Bibiani_Anhwiaso_Bekwai_Municipal,BIBIANI-ANHWIASO-BEKWAI MUNICIPAL,FZ,12,0.027649710405990562,1.725651570686688,0.94100785069504589
monthly_share,Birim_Central_Municipal,BIRIM CENTRAL MUNICIPAL,FZ,1,0,4,1
monthly_share,Birim_Central_Municipal,BIRIM CENTRAL MUNICIPAL,FZ,2,0,4,1
monthly_share,Birim_Central_Municipal,BIRIM CENTRAL MUNICIPAL,FZ,3,0,4,1
monthly_share,Birim_Central_Municipal,BIRIM CENTRAL MUNICIPAL,FZ,4,1,4,1
monthly_share,Birim_Central_Municipal,BIRIM CENTRAL MUNICIPAL,FZ,5,0,4,1
monthly_share,Birim_Central_Municipal,BIRIM CENTRAL MUNICIPAL,FZ,6,0,4,1
monthly_share,Birim_Central_Municipal,BIRIM CENTRAL MUNICIPAL,FZ,7,0,4,1
monthly_share,Birim_Central_Municipal,BIRIM CENTRAL MUNICIPAL,FZ,8,0,4,1
monthly_share,Birim_Central_Municipal,BIRIM CENTRAL MUNICIPAL,FZ,9,0,4,1
monthly_share,Birim_Central_Municipal,BIRIM CENTRAL MUNICIPAL,FZ,10,0,4,1
monthly_share,Birim_Central_Municipal,BIRIM CENTRAL MUNICIPAL,FZ,11,0,4,1
monthly_share,Birim_Central_Municipal,BIRIM CENTRAL MUNICIPAL,FZ,12,0,4,1
monthly_share,Birim_North,BIRIM NORTH,FZ,1,0.047618940862881036,1.9542440509273979,0.99390549604462963
monthly_share,Birim_North,BIRIM NORTH,FZ,2,0.9523810591371189,1.9542440509273979,0.99390549604462963
monthly_share,Birim_North,BIRIM NORTH,FZ,3,0,1.9542440509273979,0.99390549604462963
monthly_share,Birim_North,BIRIM NORTH,FZ,4,0,1.9542440509273979,0.99390549604462963
monthly_share,Birim_North,BIRIM NORTH,FZ,5,0,1.9542440509273979,0.99390549604462963
monthly_share,Birim_North,BIRIM NORTH,FZ,6,0,1.9542440509273979,0.99390549604462963
monthly_share,Birim_North,BIRIM NORTH,FZ,7,0,1.9542440509273979,0.99390549604462963
monthly_share,Birim_North,BIRIM NORTH,FZ,8,0,1.9542440509273979,0.99390549604462963
monthly_share,Birim_North,BIRIM NORTH,FZ,9,0,1.9542440509273979,0.99390549604462963
monthly_share,Birim_North,BIRIM NORTH,FZ,10,0,1.9542440509273979,0.99390549604462963
monthly_share,Birim_North,BIRIM NORTH,FZ,11,0,1.9542440509273979,0.99390549604462963
monthly_share,Birim_North,BIRIM NORTH,FZ,12,0,1.9542440509273979,0.99390549604462963
monthly_share,Birim_South,BIRIM SOUTH,FZ,1,0,2.9465647449954582,0.99294561992458852
monthly_share,Birim_South,BIRIM SOUTH,FZ,2,0.055555275540196708,2.9465647449954582,0.99294561992458852
monthly_share,Birim_South,BIRIM SOUTH,FZ,3,0.94444472445980332,2.9465647449954582,0.99294561992458852
monthly_share,Birim_South,BIRIM SOUTH,FZ,4,0,2.9465647449954582,0.99294561992458852
monthly_share,Birim_South,BIRIM SOUTH,FZ,5,0,2.9465647449954582,0.99294561992458852
monthly_share,Birim_South,BIRIM SOUTH,FZ,6,0,2.9465647449954582,0.99294561992458852
monthly_share,Birim_South,BIRIM SOUTH,FZ,7,0,2.9465647449954582,0.99294561992458852
monthly_share,Birim_South,BIRIM SOUTH,FZ,8,0,2.9465647449954582,0.99294561992458852
monthly_share,Birim_South,BIRIM SOUTH,FZ,9,0,2.9465647449954582,0.99294561992458852
monthly_share,Birim_South,BIRIM SOUTH,FZ,10,0,2.9465647449954582,0.99294561992458852
monthly_share,Birim_South,BIRIM SOUTH,FZ,11,0,2.9465647449954582,0.99294561992458852
monthly_share,Birim_South,BIRIM SOUTH,FZ,12,0,2.9465647449954582,0.99294561992458852
monthly_share,Bodi,BODI,FZ,1,0,2,1
monthly_share,Bodi,BODI,FZ,2,1,2,1
monthly_share,Bodi,BODI,FZ,3,0,2,1
monthly_share,Bodi,BODI,FZ,4,0,2,1
monthly_share,Bodi,BODI,FZ,5,0,2,1
monthly_share,Bodi,BODI,FZ,6,0,2,1
monthly_share,Bodi,BODI,FZ,7,0,2,1
monthly_share,Bodi,BODI,FZ,8,0,2,1
monthly_share,Bodi,BODI,FZ,9,0,2,1
monthly_share,Bodi,BODI,FZ,10,0,2,1
monthly_share,Bodi,BODI,FZ,11,0,2,1
monthly_share,Bodi,BODI,FZ,12,0,2,1
monthly_share,Bosome_Freho,BOSOME FREHO,FZ,1,0.33333505069249553,1.3988937333390494,0.91422006766368435
monthly_share,Bosome_Freho,BOSOME FREHO,FZ,2,0.46194070562341333,1.3988937333390494,0.91422006766368435
monthly_share,Bosome_Freho,BOSOME FREHO,FZ,3,0.04461907980308763,1.3988937333390494,0.91422006766368435
monthly_share,Bosome_Freho,BOSOME FREHO,FZ,4,0,1.3988937333390494,0.91422006766368435
monthly_share,Bosome_Freho,BOSOME FREHO,FZ,5,0,1.3988937333390494,0.91422006766368435
monthly_share,Bosome_Freho,BOSOME FREHO,FZ,6,0,1.3988937333390494,0.91422006766368435
monthly_share,Bosome_Freho,BOSOME FREHO,FZ,7,0,1.3988937333390494,0.91422006766368435
monthly_share,Bosome_Freho,BOSOME FREHO,FZ,8,0,1.3988937333390494,0.91422006766368435
monthly_share,Bosome_Freho,BOSOME FREHO,FZ,9,0,1.3988937333390494,0.91422006766368435
monthly_share,Bosome_Freho,BOSOME FREHO,FZ,10,0,1.3988937333390494,0.91422006766368435
monthly_share,Bosome_Freho,BOSOME FREHO,FZ,11,0,1.3988937333390494,0.91422006766368435
monthly_share,Bosome_Freho,BOSOME FREHO,FZ,12,0.16010516388100349,1.3988937333390494,0.91422006766368435
monthly_share,Bosomtwe,BOSOMTWE,FZ,1,0.53718974642861828,1.397993541198336,0.95873698945432817
monthly_share,Bosomtwe,BOSOMTWE,FZ,2,0.42975242656327173,1.397993541198336,0.95873698945432817
monthly_share,Bosomtwe,BOSOMTWE,FZ,3,0,1.397993541198336,0.95873698945432817
monthly_share,Bosomtwe,BOSOMTWE,FZ,4,0,1.397993541198336,0.95873698945432817
monthly_share,Bosomtwe,BOSOMTWE,FZ,5,0,1.397993541198336,0.95873698945432817
monthly_share,Bosomtwe,BOSOMTWE,FZ,6,0,1.397993541198336,0.95873698945432817
monthly_share,Bosomtwe,BOSOMTWE,FZ,7,0,1.397993541198336,0.95873698945432817
monthly_share,Bosomtwe,BOSOMTWE,FZ,8,0,1.397993541198336,0.95873698945432817
monthly_share,Bosomtwe,BOSOMTWE,FZ,9,0,1.397993541198336,0.95873698945432817
monthly_share,Bosomtwe,BOSOMTWE,FZ,10,0,1.397993541198336,0.95873698945432817
monthly_share,Bosomtwe,BOSOMTWE,FZ,11,0,1.397993541198336,0.95873698945432817
monthly_share,Bosomtwe,BOSOMTWE,FZ,12,0.033057827008109851,1.397993541198336,0.95873698945432817
monthly_share,Denkyembour,DENKYEMBOUR,FZ,1,0,2,1
monthly_share,Denkyembour,DENKYEMBOUR,FZ,2,1,2,1
monthly_share,Denkyembour,DENKYEMBOUR,FZ,3,0,2,1
monthly_share,Denkyembour,DENKYEMBOUR,FZ,4,0,2,1
monthly_share,Denkyembour,DENKYEMBOUR,FZ,5,0,2,1
monthly_share,Denkyembour,DENKYEMBOUR,FZ,6,0,2,1
monthly_share,Denkyembour,DENKYEMBOUR,FZ,7,0,2,1
monthly_share,Denkyembour,DENKYEMBOUR,FZ,8,0,2,1
monthly_share,Denkyembour,DENKYEMBOUR,FZ,9,0,2,1
monthly_share,Denkyembour,DENKYEMBOUR,FZ,10,0,2,1
monthly_share,Denkyembour,DENKYEMBOUR,FZ,11,0,2,1
monthly_share,Denkyembour,DENKYEMBOUR,FZ,12,0,2,1
monthly_share,Ejisu_Municipal,EJISU MUNICIPAL,FZ,1,0.81818159131849655,1.1507275102954078,0.97034246302580784
monthly_share,Ejisu_Municipal,EJISU MUNICIPAL,FZ,2,0.13636368688679287,1.1507275102954078,0.97034246302580784
monthly_share,Ejisu_Municipal,EJISU MUNICIPAL,FZ,3,0.022727389141989886,1.1507275102954078,0.97034246302580784
monthly_share,Ejisu_Municipal,EJISU MUNICIPAL,FZ,4,0,1.1507275102954078,0.97034246302580784
monthly_share,Ejisu_Municipal,EJISU MUNICIPAL,FZ,5,0,1.1507275102954078,0.97034246302580784
monthly_share,Ejisu_Municipal,EJISU MUNICIPAL,FZ,6,0,1.1507275102954078,0.97034246302580784
monthly_share,Ejisu_Municipal,EJISU MUNICIPAL,FZ,7,0,1.1507275102954078,0.97034246302580784
monthly_share,Ejisu_Municipal,EJISU MUNICIPAL,FZ,8,0,1.1507275102954078,0.97034246302580784
monthly_share,Ejisu_Municipal,EJISU MUNICIPAL,FZ,9,0,1.1507275102954078,0.97034246302580784
monthly_share,Ejisu_Municipal,EJISU MUNICIPAL,FZ,10,0,1.1507275102954078,0.97034246302580784
monthly_share,Ejisu_Municipal,EJISU MUNICIPAL,FZ,11,0,1.1507275102954078,0.97034246302580784
monthly_share,Ejisu_Municipal,EJISU MUNICIPAL,FZ,12,0.02272733265272071,1.1507275102954078,0.97034246302580784
monthly_share,Fanteakwa_North,FANTEAKWA NORTH,FZ,1,0.43449999238417641,1.2707735212540086,0.90280693429381453
monthly_share,Fanteakwa_North,FANTEAKWA NORTH,FZ,2,0.31967623793307726,1.2707735212540086,0.90280693429381453
monthly_share,Fanteakwa_North,FANTEAKWA NORTH,FZ,3,0.067621493078542816,1.2707735212540086,0.90280693429381453
monthly_share,Fanteakwa_North,FANTEAKWA NORTH,FZ,4,0.0015910993916220856,1.2707735212540086,0.90280693429381453
monthly_share,Fanteakwa_North,FANTEAKWA NORTH,FZ,5,0,1.2707735212540086,0.90280693429381453
monthly_share,Fanteakwa_North,FANTEAKWA NORTH,FZ,6,0,1.2707735212540086,0.90280693429381453
monthly_share,Fanteakwa_North,FANTEAKWA NORTH,FZ,7,0,1.2707735212540086,0.90280693429381453
monthly_share,Fanteakwa_North,FANTEAKWA NORTH,FZ,8,0,1.2707735212540086,0.90280693429381453
monthly_share,Fanteakwa_North,FANTEAKWA NORTH,FZ,9,0,1.2707735212540086,0.90280693429381453
monthly_share,Fanteakwa_North,FANTEAKWA NORTH,FZ,10,0.00066295694495960441,1.2707735212540086,0.90280693429381453
monthly_share,Fanteakwa_North,FANTEAKWA NORTH,FZ,11,0.010342126490016321,1.2707735212540086,0.90280693429381453
monthly_share,Fanteakwa_North,FANTEAKWA NORTH,FZ,12,0.16560609377760557,1.2707735212540086,0.90280693429381453
monthly_share,Fanteakwa_South,FANTEAKWA SOUTH,FZ,1,0.54632579076649379,1.3015343997394253,0.94601540007669482
monthly_share,Fanteakwa_South,FANTEAKWA SOUTH,FZ,2,0.35702886544443307,1.3015343997394253,0.94601540007669482
monthly_share,Fanteakwa_South,FANTEAKWA SOUTH,FZ,3,0.01357828708521058,1.3015343997394253,0.94601540007669482
monthly_share,Fanteakwa_South,FANTEAKWA SOUTH,FZ,4,0,1.3015343997394253,0.94601540007669482
monthly_share,Fanteakwa_South,FANTEAKWA SOUTH,FZ,5,0,1.3015343997394253,0.94601540007669482
monthly_share,Fanteakwa_South,FANTEAKWA SOUTH,FZ,6,0,1.3015343997394253,0.94601540007669482
monthly_share,Fanteakwa_South,FANTEAKWA SOUTH,FZ,7,0,1.3015343997394253,0.94601540007669482
monthly_share,Fanteakwa_South,FANTEAKWA SOUTH,FZ,8,0,1.3015343997394253,0.94601540007669482
monthly_share,Fanteakwa_South,FANTEAKWA SOUTH,FZ,9,0,1.3015343997394253,0.94601540007669482
monthly_share,Fanteakwa_South,FANTEAKWA SOUTH,FZ,10,0,1.3015343997394253,0.94601540007669482
monthly_share,Fanteakwa_South,FANTEAKWA SOUTH,FZ,11,0,1.3015343997394253,0.94601540007669482
monthly_share,Fanteakwa_South,FANTEAKWA SOUTH,FZ,12,0.083067056703862635,1.3015343997394253,0.94601540007669482
monthly_share,Ho_Municipal,HO MUNICIPAL,FZ,1,0.56536005571536452,1.0524414081268592,0.93946654737709867
monthly_share,Ho_Municipal,HO MUNICIPAL,FZ,2,0.23953812955075318,1.0524414081268592,0.93946654737709867
monthly_share,Ho_Municipal,HO MUNICIPAL,FZ,3,0.0035978117084702783,1.0524414081268592,0.93946654737709867
monthly_share,Ho_Municipal,HO MUNICIPAL,FZ,4,0,1.0524414081268592,0.93946654737709867
monthly_share,Ho_Municipal,HO MUNICIPAL,FZ,5,0,1.0524414081268592,0.93946654737709867
monthly_share,Ho_Municipal,HO MUNICIPAL,FZ,6,0,1.0524414081268592,0.93946654737709867
monthly_share,Ho_Municipal,HO MUNICIPAL,FZ,7,0,1.0524414081268592,0.93946654737709867
monthly_share,Ho_Municipal,HO MUNICIPAL,FZ,8,0,1.0524414081268592,0.93946654737709867
monthly_share,Ho_Municipal,HO MUNICIPAL,FZ,9,0,1.0524414081268592,0.93946654737709867
monthly_share,Ho_Municipal,HO MUNICIPAL,FZ,10,0,1.0524414081268592,0.93946654737709867
monthly_share,Ho_Municipal,HO MUNICIPAL,FZ,11,0.0036609126161965366,1.0524414081268592,0.93946654737709867
monthly_share,Ho_Municipal,HO MUNICIPAL,FZ,12,0.18784309040921549,1.0524414081268592,0.93946654737709867
monthly_share,Ho_West,HO WEST,FZ,1,0.61740379761202946,1.0711907091502879,0.94403381293984556
monthly_share,Ho_West,HO WEST,FZ,2,0.21381236855475355,1.0711907091502879,0.94403381293984556
monthly_share,Ho_West,HO WEST,FZ,3,0.010371563310236902,1.0711907091502879,0.94403381293984556
monthly_share,Ho_West,HO WEST,FZ,4,2.8107176748105627e-05,1.0711907091502879,0.94403381293984556
monthly_share,Ho_West,HO WEST,FZ,5,0,1.0711907091502879,0.94403381293984556
monthly_share,Ho_West,HO WEST,FZ,6,0,1.0711907091502879,0.94403381293984556
monthly_share,Ho_West,HO WEST,FZ,7,0,1.0711907091502879,0.94403381293984556
monthly_share,Ho_West,HO WEST,FZ,8,0,1.0711907091502879,0.94403381293984556
monthly_share,Ho_West,HO WEST,FZ,9,0,1.0711907091502879,0.94403381293984556
monthly_share,Ho_West,HO WEST,FZ,10,0,1.0711907091502879,0.94403381293984556
monthly_share,Ho_West,HO WEST,FZ,11,0.0042160668157850967,1.0711907091502879,0.94403381293984556
monthly_share,Ho_West,HO WEST,FZ,12,0.15416809653044697,1.0711907091502879,0.94403381293984556
monthly_share,Hohoe_Municipal,HOHOE MUNICIPAL,FZ,1,0.34022235627781083,1.4135057785981235,0.92590383680763266
monthly_share,Hohoe_Municipal,HOHOE MUNICIPAL,FZ,2,0.50989909824260859,1.4135057785981235,0.92590383680763266
monthly_share,Hohoe_Municipal,HOHOE MUNICIPAL,FZ,3,0.0092045651328648264,1.4135057785981235,0.92590383680763266
monthly_share,Hohoe_Municipal,HOHOE MUNICIPAL,FZ,4,0.0043417817747002487,1.4135057785981235,0.92590383680763266
monthly_share,Hohoe_Municipal,HOHOE MUNICIPAL,FZ,5,0,1.4135057785981235,0.92590383680763266
monthly_share,Hohoe_Municipal,HOHOE MUNICIPAL,FZ,6,0,1.4135057785981235,0.92590383680763266
monthly_share,Hohoe_Municipal,HOHOE MUNICIPAL,FZ,7,0,1.4135057785981235,0.92590383680763266
monthly_share,Hohoe_Municipal,HOHOE MUNICIPAL,FZ,8,0,1.4135057785981235,0.92590383680763266
monthly_share,Hohoe_Municipal,HOHOE MUNICIPAL,FZ,9,0,1.4135057785981235,0.92590383680763266
monthly_share,Hohoe_Municipal,HOHOE MUNICIPAL,FZ,10,0,1.4135057785981235,0.92590383680763266
monthly_share,Hohoe_Municipal,HOHOE MUNICIPAL,FZ,11,0.00052101505358639378,1.4135057785981235,0.92590383680763266
monthly_share,Hohoe_Municipal,HOHOE MUNICIPAL,FZ,12,0.13581118351842902,1.4135057785981235,0.92590383680763266
monthly_share,Jasikan,JASIKAN,FZ,1,0.24202305651029574,1.6764651336454828,0.93684871542369941
monthly_share,Jasikan,JASIKAN,FZ,2,0.63223840061767489,1.6764651336454828,0.93684871542369941
monthly_share,Jasikan,JASIKAN,FZ,3,0.052469805002346007,1.6764651336454828,0.93684871542369941
monthly_share,Jasikan,JASIKAN,FZ,4,0.00023635043453755093,1.6764651336454828,0.93684871542369941
monthly_share,Jasikan,JASIKAN,FZ,5,0,1.6764651336454828,0.93684871542369941
monthly_share,Jasikan,JASIKAN,FZ,6,0,1.6764651336454828,0.93684871542369941
monthly_share,Jasikan,JASIKAN,FZ,7,0,1.6764651336454828,0.93684871542369941
monthly_share,Jasikan,JASIKAN,FZ,8,0,1.6764651336454828,0.93684871542369941
monthly_share,Jasikan,JASIKAN,FZ,9,0,1.6764651336454828,0.93684871542369941
monthly_share,Jasikan,JASIKAN,FZ,10,0,1.6764651336454828,0.93684871542369941
monthly_share,Jasikan,JASIKAN,FZ,11,0.00094540362138108779,1.6764651336454828,0.93684871542369941
monthly_share,Jasikan,JASIKAN,FZ,12,0.072086983813764452,1.6764651336454828,0.93684871542369941
monthly_share,Juaben_Municipal,JUABEN MUNICIPAL,FZ,1,0,1.8167894028688534,0.95174464820315641
monthly_share,Juaben_Municipal,JUABEN MUNICIPAL,FZ,2,0.89473772987054323,1.8167894028688534,0.95174464820315641
monthly_share,Juaben_Municipal,JUABEN MUNICIPAL,FZ,3,0,1.8167894028688534,0.95174464820315641
monthly_share,Juaben_Municipal,JUABEN MUNICIPAL,FZ,4,0,1.8167894028688534,0.95174464820315641
monthly_share,Juaben_Municipal,JUABEN MUNICIPAL,FZ,5,0,1.8167894028688534,0.95174464820315641
monthly_share,Juaben_Municipal,JUABEN MUNICIPAL,FZ,6,0,1.8167894028688534,0.95174464820315641
monthly_share,Juaben_Municipal,JUABEN MUNICIPAL,FZ,7,0,1.8167894028688534,0.95174464820315641
monthly_share,Juaben_Municipal,JUABEN MUNICIPAL,FZ,8,0,1.8167894028688534,0.95174464820315641
monthly_share,Juaben_Municipal,JUABEN MUNICIPAL,FZ,9,0,1.8167894028688534,0.95174464820315641
monthly_share,Juaben_Municipal,JUABEN MUNICIPAL,FZ,10,0,1.8167894028688534,0.95174464820315641
monthly_share,Juaben_Municipal,JUABEN MUNICIPAL,FZ,11,0,1.8167894028688534,0.95174464820315641
monthly_share,Juaben_Municipal,JUABEN MUNICIPAL,FZ,12,0.10526227012945677,1.8167894028688534,0.95174464820315641
monthly_share,Juaboso,JUABOSO,FZ,1,0.035598743672680712,2.0471020642821336,0.98425703855229385
monthly_share,Juaboso,JUABOSO,FZ,2,0.88025879188705236,2.0471020642821336,0.98425703855229385
monthly_share,Juaboso,JUABOSO,FZ,3,0.084142464440266976,2.0471020642821336,0.98425703855229385
monthly_share,Juaboso,JUABOSO,FZ,4,0,2.0471020642821336,0.98425703855229385
monthly_share,Juaboso,JUABOSO,FZ,5,0,2.0471020642821336,0.98425703855229385
monthly_share,Juaboso,JUABOSO,FZ,6,0,2.0471020642821336,0.98425703855229385
monthly_share,Juaboso,JUABOSO,FZ,7,0,2.0471020642821336,0.98425703855229385
monthly_share,Juaboso,JUABOSO,FZ,8,0,2.0471020642821336,0.98425703855229385
monthly_share,Juaboso,JUABOSO,FZ,9,0,2.0471020642821336,0.98425703855229385
monthly_share,Juaboso,JUABOSO,FZ,10,0,2.0471020642821336,0.98425703855229385
monthly_share,Juaboso,JUABOSO,FZ,11,0,2.0471020642821336,0.98425703855229385
monthly_share,Juaboso,JUABOSO,FZ,12,0,2.0471020642821336,0.98425703855229385
monthly_share,Kpando_Municipal,KPANDO MUNICIPAL,FZ,1,0.50467622094868525,1.3034901216837038,0.94148538440039009
monthly_share,Kpando_Municipal,KPANDO MUNICIPAL,FZ,2,0.38165470801711571,1.3034901216837038,0.94148538440039009
monthly_share,Kpando_Municipal,KPANDO MUNICIPAL,FZ,3,0.010971250897527977,1.3034901216837038,0.94148538440039009
monthly_share,Kpando_Municipal,KPANDO MUNICIPAL,FZ,4,0,1.3034901216837038,0.94148538440039009
monthly_share,Kpando_Municipal,KPANDO MUNICIPAL,FZ,5,0,1.3034901216837038,0.94148538440039009
monthly_share,Kpando_Municipal,KPANDO MUNICIPAL,FZ,6,0,1.3034901216837038,0.94148538440039009
monthly_share,Kpando_Municipal,KPANDO MUNICIPAL,FZ,7,0,1.3034901216837038,0.94148538440039009
monthly_share,Kpando_Municipal,KPANDO MUNICIPAL,FZ,8,0,1.3034901216837038,0.94148538440039009
monthly_share,Kpando_Municipal,KPANDO MUNICIPAL,FZ,9,0,1.3034901216837038,0.94148538440039009
monthly_share,Kpando_Municipal,KPANDO MUNICIPAL,FZ,10,0,1.3034901216837038,0.94148538440039009
monthly_share,Kpando_Municipal,KPANDO MUNICIPAL,FZ,11,0,1.3034901216837038,0.94148538440039009
monthly_share,Kpando_Municipal,KPANDO MUNICIPAL,FZ,12,0.10269782013667104,1.3034901216837038,0.94148538440039009
monthly_share,Kwabre_East,KWABRE EAST,FZ,1,0.66666666666666663,1.3298696879660967,0.96977097039213644
monthly_share,Kwabre_East,KWABRE EAST,FZ,2,0.33333333333333331,1.3298696879660967,0.96977097039213644
monthly_share,Kwabre_East,KWABRE EAST,FZ,3,0,1.3298696879660967,0.96977097039213644
monthly_share,Kwabre_East,KWABRE EAST,FZ,4,0,1.3298696879660967,0.96977097039213644
monthly_share,Kwabre_East,KWABRE EAST,FZ,5,0,1.3298696879660967,0.96977097039213644
monthly_share,Kwabre_East,KWABRE EAST,FZ,6,0,1.3298696879660967,0.96977097039213644
monthly_share,Kwabre_East,KWABRE EAST,FZ,7,0,1.3298696879660967,0.96977097039213644
monthly_share,Kwabre_East,KWABRE EAST,FZ,8,0,1.3298696879660967,0.96977097039213644
monthly_share,Kwabre_East,KWABRE EAST,FZ,9,0,1.3298696879660967,0.96977097039213644
monthly_share,Kwabre_East,KWABRE EAST,FZ,10,0,1.3298696879660967,0.96977097039213644
monthly_share,Kwabre_East,KWABRE EAST,FZ,11,0,1.3298696879660967,0.96977097039213644
monthly_share,Kwabre_East,KWABRE EAST,FZ,12,0,1.3298696879660967,0.96977097039213644
monthly_share,Kwadaso_Municipal,KWADASO MUNICIPAL,FZ,1,,,
monthly_share,Kwadaso_Municipal,KWADASO MUNICIPAL,FZ,2,,,
monthly_share,Kwadaso_Municipal,KWADASO MUNICIPAL,FZ,3,,,
monthly_share,Kwadaso_Municipal,KWADASO MUNICIPAL,FZ,4,,,
monthly_share,Kwadaso_Municipal,KWADASO MUNICIPAL,FZ,5,,,
monthly_share,Kwadaso_Municipal,KWADASO MUNICIPAL,FZ,6,,,
monthly_share,Kwadaso_Municipal,KWADASO MUNICIPAL,FZ,7,,,
monthly_share,Kwadaso_Municipal,KWADASO MUNICIPAL,FZ,8,,,
monthly_share,Kwadaso_Municipal,KWADASO MUNICIPAL,FZ,9,,,
monthly_share,Kwadaso_Municipal,KWADASO MUNICIPAL,FZ,10,,,
monthly_share,Kwadaso_Municipal,KWADASO MUNICIPAL,FZ,11,,,
monthly_share,Kwadaso_Municipal,KWADASO MUNICIPAL,FZ,12,,,
monthly_share,Kwaebibirem,KWAEBIBIREM,FZ,1,0.73494012280026766,1.2373458010533509,0.97198473085997206
monthly_share,Kwaebibirem,KWAEBIBIREM,FZ,2,0.25301166064745828,1.2373458010533509,0.97198473085997206
monthly_share,Kwaebibirem,KWAEBIBIREM,FZ,3,0,1.2373458010533509,0.97198473085997206
monthly_share,Kwaebibirem,KWAEBIBIREM,FZ,4,0,1.2373458010533509,0.97198473085997206
monthly_share,Kwaebibirem,KWAEBIBIREM,FZ,5,0,1.2373458010533509,0.97198473085997206
monthly_share,Kwaebibirem,KWAEBIBIREM,FZ,6,0,1.2373458010533509,0.97198473085997206
monthly_share,Kwaebibirem,KWAEBIBIREM,FZ,7,0,1.2373458010533509,0.97198473085997206
monthly_share,Kwaebibirem,KWAEBIBIREM,FZ,8,0,1.2373458010533509,0.97198473085997206
monthly_share,Kwaebibirem,KWAEBIBIREM,FZ,9,0,1.2373458010533509,0.97198473085997206
monthly_share,Kwaebibirem,KWAEBIBIREM,FZ,10,0,1.2373458010533509,0.97198473085997206
monthly_share,Kwaebibirem,KWAEBIBIREM,FZ,11,0,1.2373458010533509,0.97198473085997206
monthly_share,Kwaebibirem,KWAEBIBIREM,FZ,12,0.012048216552273994,1.2373458010533509,0.97198473085997206
monthly_share,Kwahu_Afram_Plains_North,KWAHU AFRAM PLAINS NORTH,FZ,1,0.41748652901231431,0.70551671377375058,0.89084814920031552
monthly_share,Kwahu_Afram_Plains_North,KWAHU AFRAM PLAINS NORTH,FZ,2,0.15574983300303596,0.70551671377375058,0.89084814920031552
monthly_share,Kwahu_Afram_Plains_North,KWAHU AFRAM PLAINS NORTH,FZ,3,0.020159159747417974,0.70551671377375058,0.89084814920031552
monthly_share,Kwahu_Afram_Plains_North,KWAHU AFRAM PLAINS NORTH,FZ,4,0.00041422327843617241,0.70551671377375058,0.89084814920031552
monthly_share,Kwahu_Afram_Plains_North,KWAHU AFRAM PLAINS NORTH,FZ,5,0,0.70551671377375058,0.89084814920031552
monthly_share,Kwahu_Afram_Plains_North,KWAHU AFRAM PLAINS NORTH,FZ,6,0,0.70551671377375058,0.89084814920031552
monthly_share,Kwahu_Afram_Plains_North,KWAHU AFRAM PLAINS NORTH,FZ,7,0,0.70551671377375058,0.89084814920031552
monthly_share,Kwahu_Afram_Plains_North,KWAHU AFRAM PLAINS NORTH,FZ,8,0.0012979016857418691,0.70551671377375058,0.89084814920031552
monthly_share,Kwahu_Afram_Plains_North,KWAHU AFRAM PLAINS NORTH,FZ,9,0,0.70551671377375058,0.89084814920031552
monthly_share,Kwahu_Afram_Plains_North,KWAHU AFRAM PLAINS NORTH,FZ,10,0.0060752754986768548,0.70551671377375058,0.89084814920031552
monthly_share,Kwahu_Afram_Plains_North,KWAHU AFRAM PLAINS NORTH,FZ,11,0.072213351814014365,0.70551671377375058,0.89084814920031552
monthly_share,Kwahu_Afram_Plains_North,KWAHU AFRAM PLAINS NORTH,FZ,12,0.32660372596036247,0.70551671377375058,0.89084814920031552
monthly_share,Kwahu_Afram_Plains_South,KWAHU AFRAM PLAINS SOUTH,FZ,1,0.58507665815354071,0.65433364565785368,0.93696405487619261
monthly_share,Kwahu_Afram_Plains_South,KWAHU AFRAM PLAINS SOUTH,FZ,2,0.054117488470743741,0.65433364565785368,0.93696405487619261
monthly_share,Kwahu_Afram_Plains_South,KWAHU AFRAM PLAINS SOUTH,FZ,3,0.0037822583879099014,0.65433364565785368,0.93696405487619261
monthly_share,Kwahu_Afram_Plains_South,KWAHU AFRAM PLAINS SOUTH,FZ,4,0,0.65433364565785368,0.93696405487619261
monthly_share,Kwahu_Afram_Plains_South,KWAHU AFRAM PLAINS SOUTH,FZ,5,0,0.65433364565785368,0.93696405487619261
monthly_share,Kwahu_Afram_Plains_South,KWAHU AFRAM PLAINS SOUTH,FZ,6,0,0.65433364565785368,0.93696405487619261
monthly_share,Kwahu_Afram_Plains_South,KWAHU AFRAM PLAINS SOUTH,FZ,7,0,0.65433364565785368,0.93696405487619261
monthly_share,Kwahu_Afram_Plains_South,KWAHU AFRAM PLAINS SOUTH,FZ,8,0,0.65433364565785368,0.93696405487619261
monthly_share,Kwahu_Afram_Plains_South,KWAHU AFRAM PLAINS SOUTH,FZ,9,0,0.65433364565785368,0.93696405487619261
monthly_share,Kwahu_Afram_Plains_South,KWAHU AFRAM PLAINS SOUTH,FZ,10,0.0024236360750675983,0.65433364565785368,0.93696405487619261
monthly_share,Kwahu_Afram_Plains_South,KWAHU AFRAM PLAINS SOUTH,FZ,11,0.052640891253968612,0.65433364565785368,0.93696405487619261
monthly_share,Kwahu_Afram_Plains_South,KWAHU AFRAM PLAINS SOUTH,FZ,12,0.30195906765876945,0.65433364565785368,0.93696405487619261
monthly_share,Kwahu_East,KWAHU EAST,FZ,1,0.4418295484698066,0.66078454464835978,0.90724516443330638
monthly_share,Kwahu_East,KWAHU EAST,FZ,2,0.098691523289438768,0.66078454464835978,0.90724516443330638
monthly_share,Kwahu_East,KWAHU EAST,FZ,3,0.030204546444750728,0.66078454464835978,0.90724516443330638
monthly_share,Kwahu_East,KWAHU EAST,FZ,4,0,0.66078454464835978,0.90724516443330638
monthly_share,Kwahu_East,KWAHU EAST,FZ,5,0,0.66078454464835978,0.90724516443330638
monthly_share,Kwahu_East,KWAHU EAST,FZ,6,0,0.66078454464835978,0.90724516443330638
monthly_share,Kwahu_East,KWAHU EAST,FZ,7,0,0.66078454464835978,0.90724516443330638
monthly_share,Kwahu_East,KWAHU EAST,FZ,8,0,0.66078454464835978,0.90724516443330638
monthly_share,Kwahu_East,KWAHU EAST,FZ,9,0,0.66078454464835978,0.90724516443330638
monthly_share,Kwahu_East,KWAHU EAST,FZ,10,8.7803587342348042e-05,0.66078454464835978,0.90724516443330638
monthly_share,Kwahu_East,KWAHU EAST,FZ,11,0.057687362530575,0.66078454464835978,0.90724516443330638
monthly_share,Kwahu_East,KWAHU EAST,FZ,12,0.37149921567808664,0.66078454464835978,0.90724516443330638
monthly_share,Kwahu_South,KWAHU SOUTH,FZ,1,0.50719234124265677,0.93800009009729202,0.89446035119650402
monthly_share,Kwahu_South,KWAHU SOUTH,FZ,2,0.15117536809320015,0.93800009009729202,0.89446035119650402
monthly_share,Kwahu_South,KWAHU SOUTH,FZ,3,0.058921088432606128,0.93800009009729202,0.89446035119650402
monthly_share,Kwahu_South,KWAHU SOUTH,FZ,4,0.0016597528617341944,0.93800009009729202,0.89446035119650402
monthly_share,Kwahu_South,KWAHU SOUTH,FZ,5,0,0.93800009009729202,0.89446035119650402
monthly_share,Kwahu_South,KWAHU SOUTH,FZ,6,0,0.93800009009729202,0.89446035119650402
monthly_share,Kwahu_South,KWAHU SOUTH,FZ,7,0,0.93800009009729202,0.89446035119650402
monthly_share,Kwahu_South,KWAHU SOUTH,FZ,8,0,0.93800009009729202,0.89446035119650402
monthly_share,Kwahu_South,KWAHU SOUTH,FZ,9,0,0.93800009009729202,0.89446035119650402
monthly_share,Kwahu_South,KWAHU SOUTH,FZ,10,0.00055325164147061419,0.93800009009729202,0.89446035119650402
monthly_share,Kwahu_South,KWAHU SOUTH,FZ,11,0.045089988223856736,0.93800009009729202,0.89446035119650402
monthly_share,Kwahu_South,KWAHU SOUTH,FZ,12,0.23540820950447547,0.93800009009729202,0.89446035119650402
monthly_share,Kwahu_West,KWAHU WEST,FZ,1,0.32748546475637247,1.3054750162590265,0.89564629850837396
monthly_share,Kwahu_West,KWAHU WEST,FZ,2,0.38304105682837863,1.3054750162590265,0.89564629850837396
monthly_share,Kwahu_West,KWAHU WEST,FZ,3,0.070175510508116906,1.3054750162590265,0.89564629850837396
monthly_share,Kwahu_West,KWAHU WEST,FZ,4,0,1.3054750162590265,0.89564629850837396
monthly_share,Kwahu_West,KWAHU WEST,FZ,5,0,1.3054750162590265,0.89564629850837396
monthly_share,Kwahu_West,KWAHU WEST,FZ,6,0,1.3054750162590265,0.89564629850837396
monthly_share,Kwahu_West,KWAHU WEST,FZ,7,0,1.3054750162590265,0.89564629850837396
monthly_share,Kwahu_West,KWAHU WEST,FZ,8,0,1.3054750162590265,0.89564629850837396
monthly_share,Kwahu_West,KWAHU WEST,FZ,9,0,1.3054750162590265,0.89564629850837396
monthly_share,Kwahu_West,KWAHU WEST,FZ,10,0,1.3054750162590265,0.89564629850837396
monthly_share,Kwahu_West,KWAHU WEST,FZ,11,0,1.3054750162590265,0.89564629850837396
monthly_share,Kwahu_West,KWAHU WEST,FZ,12,0.21929796790713202,1.3054750162590265,0.89564629850837396
monthly_share,Lower_Manya,LOWER MANYA,FZ,1,0.39342650237184845,1.3853887238386073,0.87790375092981021
monthly_share,Lower_Manya,LOWER MANYA,FZ,2,0.29386219840218342,1.3853887238386073,0.87790375092981021
monthly_share,Lower_Manya,LOWER MANYA,FZ,3,0.13098146998727483,1.3853887238386073,0.87790375092981021
monthly_share,Lower_Manya,LOWER MANYA,FZ,4,0.0072498908904605908,1.3853887238386073,0.87790375092981021
monthly_share,Lower_Manya,LOWER MANYA,FZ,5,0,1.3853887238386073,0.87790375092981021
monthly_share,Lower_Manya,LOWER MANYA,FZ,6,0,1.3853887238386073,0.87790375092981021
monthly_share,Lower_Manya,LOWER MANYA,FZ,7,0,1.3853887238386073,0.87790375092981021
monthly_share,Lower_Manya,LOWER MANYA,FZ,8,0,1.3853887238386073,0.87790375092981021
monthly_share,Lower_Manya,LOWER MANYA,FZ,9,0,1.3853887238386073,0.87790375092981021
monthly_share,Lower_Manya,LOWER MANYA,FZ,10,0,1.3853887238386073,0.87790375092981021
monthly_share,Lower_Manya,LOWER MANYA,FZ,11,0.012083075563811985,1.3853887238386073,0.87790375092981021
monthly_share,Lower_Manya,LOWER MANYA,FZ,12,0.16239686278442075,1.3853887238386073,0.87790375092981021
monthly_share,Mampong_Municipal,MAMPONG MUNICIPAL,FZ,1,0.60350119461650942,1.2395675210931802,0.94103066329206064
monthly_share,Mampong_Municipal,MAMPONG MUNICIPAL,FZ,2,0.27501338988504659,1.2395675210931802,0.94103066329206064
monthly_share,Mampong_Municipal,MAMPONG MUNICIPAL,FZ,3,0.026949598569666743,1.2395675210931802,0.94103066329206064
monthly_share,Mampong_Municipal,MAMPONG MUNICIPAL,FZ,4,0.0031830315728577233,1.2395675210931802,0.94103066329206064
monthly_share,Mampong_Municipal,MAMPONG MUNICIPAL,FZ,5,0,1.2395675210931802,0.94103066329206064
monthly_share,Mampong_Municipal,MAMPONG MUNICIPAL,FZ,6,0,1.2395675210931802,0.94103066329206064
monthly_share,Mampong_Municipal,MAMPONG MUNICIPAL,FZ,7,0,1.2395675210931802,0.94103066329206064
monthly_share,Mampong_Municipal,MAMPONG MUNICIPAL,FZ,8,0,1.2395675210931802,0.94103066329206064
monthly_share,Mampong_Municipal,MAMPONG MUNICIPAL,FZ,9,0,1.2395675210931802,0.94103066329206064
monthly_share,Mampong_Municipal,MAMPONG MUNICIPAL,FZ,10,0,1.2395675210931802,0.94103066329206064
monthly_share,Mampong_Municipal,MAMPONG MUNICIPAL,FZ,11,0.0016976136557434864,1.2395675210931802,0.94103066329206064
monthly_share,Mampong_Municipal,MAMPONG MUNICIPAL,FZ,12,0.089655171700176131,1.2395675210931802,0.94103066329206064
monthly_share,New_Juaben_North_Municipal,NEW JUABEN NORTH MUNICIPAL,FZ,1,0.58749963195901078,1.313038711989067,0.95756940200786678
monthly_share,New_Juaben_North_Municipal,NEW JUABEN NORTH MUNICIPAL,FZ,2,0.36250039180030819,1.313038711989067,0.95756940200786678
monthly_share,New_Juaben_North_Municipal,NEW JUABEN NORTH MUNICIPAL,FZ,3,0,1.313038711989067,0.95756940200786678
monthly_share,New_Juaben_North_Municipal,NEW JUABEN NORTH MUNICIPAL,FZ,4,0,1.313038711989067,0.95756940200786678
monthly_share,New_Juaben_North_Municipal,NEW JUABEN NORTH MUNICIPAL,FZ,5,0,1.313038711989067,0.95756940200786678
monthly_share,New_Juaben_North_Municipal,NEW JUABEN NORTH MUNICIPAL,FZ,6,0,1.313038711989067,0.95756940200786678
monthly_share,New_Juaben_North_Municipal,NEW JUABEN NORTH MUNICIPAL,FZ,7,0,1.313038711989067,0.95756940200786678
monthly_share,New_Juaben_North_Municipal,NEW JUABEN NORTH MUNICIPAL,FZ,8,0,1.313038711989067,0.95756940200786678
monthly_share,New_Juaben_North_Municipal,NEW JUABEN NORTH MUNICIPAL,FZ,9,0,1.313038711989067,0.95756940200786678
monthly_share,New_Juaben_North_Municipal,NEW JUABEN NORTH MUNICIPAL,FZ,10,0,1.313038711989067,0.95756940200786678
monthly_share,New_Juaben_North_Municipal,NEW JUABEN NORTH MUNICIPAL,FZ,11,0,1.313038711989067,0.95756940200786678
monthly_share,New_Juaben_North_Municipal,NEW JUABEN NORTH MUNICIPAL,FZ,12,0.049999976240681046,1.313038711989067,0.95756940200786678
monthly_share,New_Juaben_South_Municipal,NEW JUABEN SOUTH MUNICIPAL,FZ,1,0.40845067207388913,0.9415887188304719,0.92117821251408505
monthly_share,New_Juaben_South_Municipal,NEW JUABEN SOUTH MUNICIPAL,FZ,2,0.26760567210322911,0.9415887188304719,0.92117821251408505
monthly_share,New_Juaben_South_Municipal,NEW JUABEN SOUTH MUNICIPAL,FZ,3,0,0.9415887188304719,0.92117821251408505
monthly_share,New_Juaben_South_Municipal,NEW JUABEN SOUTH MUNICIPAL,FZ,4,0,0.9415887188304719,0.92117821251408505
monthly_share,New_Juaben_South_Municipal,NEW JUABEN SOUTH MUNICIPAL,FZ,5,0,0.9415887188304719,0.92117821251408505
monthly_share,New_Juaben_South_Municipal,NEW JUABEN SOUTH MUNICIPAL,FZ,6,0,0.9415887188304719,0.92117821251408505
monthly_share,New_Juaben_South_Municipal,NEW JUABEN SOUTH MUNICIPAL,FZ,7,0,0.9415887188304719,0.92117821251408505
monthly_share,New_Juaben_South_Municipal,NEW JUABEN SOUTH MUNICIPAL,FZ,8,0,0.9415887188304719,0.92117821251408505
monthly_share,New_Juaben_South_Municipal,NEW JUABEN SOUTH MUNICIPAL,FZ,9,0,0.9415887188304719,0.92117821251408505
monthly_share,New_Juaben_South_Municipal,NEW JUABEN SOUTH MUNICIPAL,FZ,10,0,0.9415887188304719,0.92117821251408505
monthly_share,New_Juaben_South_Municipal,NEW JUABEN SOUTH MUNICIPAL,FZ,11,0,0.9415887188304719,0.92117821251408505
monthly_share,New_Juaben_South_Municipal,NEW JUABEN SOUTH MUNICIPAL,FZ,12,0.32394365582288182,0.9415887188304719,0.92117821251408505
monthly_share,North_Dayi,NORTH DAYI,FZ,1,0.46845447234231474,1.3494052615091441,0.93860769954595924
monthly_share,North_Dayi,NORTH DAYI,FZ,2,0.41616843916551288,1.3494052615091441,0.93860769954595924
monthly_share,North_Dayi,NORTH DAYI,FZ,3,0.015049157448476513,1.3494052615091441,0.93860769954595924
monthly_share,North_Dayi,NORTH DAYI,FZ,4,0,1.3494052615091441,0.93860769954595924
monthly_share,North_Dayi,NORTH DAYI,FZ,5,0,1.3494052615091441,0.93860769954595924
monthly_share,North_Dayi,NORTH DAYI,FZ,6,0,1.3494052615091441,0.93860769954595924
monthly_share,North_Dayi,NORTH DAYI,FZ,7,0,1.3494052615091441,0.93860769954595924
monthly_share,North_Dayi,NORTH DAYI,FZ,8,0,1.3494052615091441,0.93860769954595924
monthly_share,North_Dayi,NORTH DAYI,FZ,9,0,1.3494052615091441,0.93860769954595924
monthly_share,North_Dayi,NORTH DAYI,FZ,10,0.00038587959933072751,1.3494052615091441,0.93860769954595924
monthly_share,North_Dayi,NORTH DAYI,FZ,11,0,1.3494052615091441,0.93860769954595924
monthly_share,North_Dayi,NORTH DAYI,FZ,12,0.099942051444365146,1.3494052615091441,0.93860769954595924
monthly_share,North_Tongu,NORTH TONGU,FZ,1,0.55333055296116151,0.68831163423572939,0.93784023801322358
monthly_share,North_Tongu,NORTH TONGU,FZ,2,0.075600681516223886,0.68831163423572939,0.93784023801322358
monthly_share,North_Tongu,NORTH TONGU,FZ,3,0.0053232997558494899,0.68831163423572939,0.93784023801322358
monthly_share,North_Tongu,NORTH TONGU,FZ,4,0.00034186535017762979,0.68831163423572939,0.93784023801322358
monthly_share,North_Tongu,NORTH TONGU,FZ,5,0,0.68831163423572939,0.93784023801322358
monthly_share,North_Tongu,NORTH TONGU,FZ,6,0,0.68831163423572939,0.93784023801322358
monthly_share,North_Tongu,NORTH TONGU,FZ,7,0,0.68831163423572939,0.93784023801322358
monthly_share,North_Tongu,NORTH TONGU,FZ,8,0,0.68831163423572939,0.93784023801322358
monthly_share,North_Tongu,NORTH TONGU,FZ,9,0,0.68831163423572939,0.93784023801322358
monthly_share,North_Tongu,NORTH TONGU,FZ,10,0.00029302437612852369,0.68831163423572939,0.93784023801322358
monthly_share,North_Tongu,NORTH TONGU,FZ,11,0.033551471860950088,0.68831163423572939,0.93784023801322358
monthly_share,North_Tongu,NORTH TONGU,FZ,12,0.33155910417950885,0.68831163423572939,0.93784023801322358
monthly_share,Nsawam_Adoagyiri,NSAWAM ADOAGYIRI,FZ,1,0.074999943776400083,2.4073323483656406,0.92906325891583874
monthly_share,Nsawam_Adoagyiri,NSAWAM ADOAGYIRI,FZ,2,0.4500001817157715,2.4073323483656406,0.92906325891583874
monthly_share,Nsawam_Adoagyiri,NSAWAM ADOAGYIRI,FZ,3,0.42499982639450007,2.4073323483656406,0.92906325891583874
monthly_share,Nsawam_Adoagyiri,NSAWAM ADOAGYIRI,FZ,4,0.037500039968788312,2.4073323483656406,0.92906325891583874
monthly_share,Nsawam_Adoagyiri,NSAWAM ADOAGYIRI,FZ,5,0,2.4073323483656406,0.92906325891583874
monthly_share,Nsawam_Adoagyiri,NSAWAM ADOAGYIRI,FZ,6,0,2.4073323483656406,0.92906325891583874
monthly_share,Nsawam_Adoagyiri,NSAWAM ADOAGYIRI,FZ,7,0,2.4073323483656406,0.92906325891583874
monthly_share,Nsawam_Adoagyiri,NSAWAM ADOAGYIRI,FZ,8,0,2.4073323483656406,0.92906325891583874
monthly_share,Nsawam_Adoagyiri,NSAWAM ADOAGYIRI,FZ,9,0,2.4073323483656406,0.92906325891583874
monthly_share,Nsawam_Adoagyiri,NSAWAM ADOAGYIRI,FZ,10,0,2.4073323483656406,0.92906325891583874
monthly_share,Nsawam_Adoagyiri,NSAWAM ADOAGYIRI,FZ,11,0,2.4073323483656406,0.92906325891583874
monthly_share,Nsawam_Adoagyiri,NSAWAM ADOAGYIRI,FZ,12,0.012500008144540171,2.4073323483656406,0.92906325891583874
monthly_share,Obuasi_East,OBUASI EAST,FZ,1,,,
monthly_share,Obuasi_East,OBUASI EAST,FZ,2,,,
monthly_share,Obuasi_East,OBUASI EAST,FZ,3,,,
monthly_share,Obuasi_East,OBUASI EAST,FZ,4,,,
monthly_share,Obuasi_East,OBUASI EAST,FZ,5,,,
monthly_share,Obuasi_East,OBUASI EAST,FZ,6,,,
monthly_share,Obuasi_East,OBUASI EAST,FZ,7,,,
monthly_share,Obuasi_East,OBUASI EAST,FZ,8,,,
monthly_share,Obuasi_East,OBUASI EAST,FZ,9,,,
monthly_share,Obuasi_East,OBUASI EAST,FZ,10,,,
monthly_share,Obuasi_East,OBUASI EAST,FZ,11,,,
monthly_share,Obuasi_East,OBUASI EAST,FZ,12,,,
monthly_share,Obuasi_Municipal,OBUASI MUNICIPAL,FZ,1,1,1,1
monthly_share,Obuasi_Municipal,OBUASI MUNICIPAL,FZ,2,0,1,1
monthly_share,Obuasi_Municipal,OBUASI MUNICIPAL,FZ,3,0,1,1
monthly_share,Obuasi_Municipal,OBUASI MUNICIPAL,FZ,4,0,1,1
monthly_share,Obuasi_Municipal,OBUASI MUNICIPAL,FZ,5,0,1,1
monthly_share,Obuasi_Municipal,OBUASI MUNICIPAL,FZ,6,0,1,1
monthly_share,Obuasi_Municipal,OBUASI MUNICIPAL,FZ,7,0,1,1
monthly_share,Obuasi_Municipal,OBUASI MUNICIPAL,FZ,8,0,1,1
monthly_share,Obuasi_Municipal,OBUASI MUNICIPAL,FZ,9,0,1,1
monthly_share,Obuasi_Municipal,OBUASI MUNICIPAL,FZ,10,0,1,1
monthly_share,Obuasi_Municipal,OBUASI MUNICIPAL,FZ,11,0,1,1
monthly_share,Obuasi_Municipal,OBUASI MUNICIPAL,FZ,12,0,1,1
monthly_share,Offinso_Municipal,OFFINSO MUNICIPAL,FZ,1,0.098285009448849478,1.9951872014184115,0.9700934813233536
monthly_share,Offinso_Municipal,OFFINSO MUNICIPAL,FZ,2,0.80738808424524722,1.9951872014184115,0.9700934813233536
monthly_share,Offinso_Municipal,OFFINSO MUNICIPAL,FZ,3,0.083113216835655562,1.9951872014184115,0.9700934813233536
monthly_share,Offinso_Municipal,OFFINSO MUNICIPAL,FZ,4,0.0085751682505954899,1.9951872014184115,0.9700934813233536
monthly_share,Offinso_Municipal,OFFINSO MUNICIPAL,FZ,5,0,1.9951872014184115,0.9700934813233536
monthly_share,Offinso_Municipal,OFFINSO MUNICIPAL,FZ,6,0,1.9951872014184115,0.9700934813233536
monthly_share,Offinso_Municipal,OFFINSO MUNICIPAL,FZ,7,0,1.9951872014184115,0.9700934813233536
monthly_share,Offinso_Municipal,OFFINSO MUNICIPAL,FZ,8,0,1.9951872014184115,0.9700934813233536
monthly_share,Offinso_Municipal,OFFINSO MUNICIPAL,FZ,9,0,1.9951872014184115,0.9700934813233536
monthly_share,Offinso_Municipal,OFFINSO MUNICIPAL,FZ,10,0,1.9951872014184115,0.9700934813233536
monthly_share,Offinso_Municipal,OFFINSO MUNICIPAL,FZ,11,0,1.9951872014184115,0.9700934813233536
monthly_share,Offinso_Municipal,OFFINSO MUNICIPAL,FZ,12,0.0026385212196523909,1.9951872014184115,0.9700934813233536
monthly_share,Oforikrom_Municipal,OFORIKROM MUNICIPAL,FZ,1,,,
monthly_share,Oforikrom_Municipal,OFORIKROM MUNICIPAL,FZ,2,,,
monthly_share,Oforikrom_Municipal,OFORIKROM MUNICIPAL,FZ,3,,,
monthly_share,Oforikrom_Municipal,OFORIKROM MUNICIPAL,FZ,4,,,
monthly_share,Oforikrom_Municipal,OFORIKROM MUNICIPAL,FZ,5,,,
monthly_share,Oforikrom_Municipal,OFORIKROM MUNICIPAL,FZ,6,,,
monthly_share,Oforikrom_Municipal,OFORIKROM MUNICIPAL,FZ,7,,,
monthly_share,Oforikrom_Municipal,OFORIKROM MUNICIPAL,FZ,8,,,
monthly_share,Oforikrom_Municipal,OFORIKROM MUNICIPAL,FZ,9,,,
monthly_share,Oforikrom_Municipal,OFORIKROM MUNICIPAL,FZ,10,,,
monthly_share,Oforikrom_Municipal,OFORIKROM MUNICIPAL,FZ,11,,,
monthly_share,Oforikrom_Municipal,OFORIKROM MUNICIPAL,FZ,12,,,
monthly_share,Okere,OKERE,FZ,1,0.34888648470314432,1.5756625379875011,0.85942947719359064
monthly_share,Okere,OKERE,FZ,2,0.41887584002679923,1.5756625379875011,0.85942947719359064
monthly_share,Okere,OKERE,FZ,3,0.0031813429874823483,1.5756625379875011,0.85942947719359064
monthly_share,Okere,OKERE,FZ,4,0.10498427129677761,1.5756625379875011,0.85942947719359064
monthly_share,Okere,OKERE,FZ,5,0,1.5756625379875011,0.85942947719359064
monthly_share,Okere,OKERE,FZ,6,0,1.5756625379875011,0.85942947719359064
monthly_share,Okere,OKERE,FZ,7,0,1.5756625379875011,0.85942947719359064
monthly_share,Okere,OKERE,FZ,8,0,1.5756625379875011,0.85942947719359064
monthly_share,Okere,OKERE,FZ,9,0,1.5756625379875011,0.85942947719359064
monthly_share,Okere,OKERE,FZ,10,0,1.5756625379875011,0.85942947719359064
monthly_share,Okere,OKERE,FZ,11,0,1.5756625379875011,0.85942947719359064
monthly_share,Okere,OKERE,FZ,12,0.12407206098579665,1.5756625379875011,0.85942947719359064
monthly_share,Prestea_Huni_Valley,PRESTEA/HUNI VALLEY,FZ,1,0.10810827950382301,1.6069135510907202,0.90088344849253754
monthly_share,Prestea_Huni_Valley,PRESTEA/HUNI VALLEY,FZ,2,0.63513482008636735,1.6069135510907202,0.90088344849253754
monthly_share,Prestea_Huni_Valley,PRESTEA/HUNI VALLEY,FZ,3,0.06756757651250675,1.6069135510907202,0.90088344849253754
monthly_share,Prestea_Huni_Valley,PRESTEA/HUNI VALLEY,FZ,4,0,1.6069135510907202,0.90088344849253754
monthly_share,Prestea_Huni_Valley,PRESTEA/HUNI VALLEY,FZ,5,0,1.6069135510907202,0.90088344849253754
monthly_share,Prestea_Huni_Valley,PRESTEA/HUNI VALLEY,FZ,6,0,1.6069135510907202,0.90088344849253754
monthly_share,Prestea_Huni_Valley,PRESTEA/HUNI VALLEY,FZ,7,0,1.6069135510907202,0.90088344849253754
monthly_share,Prestea_Huni_Valley,PRESTEA/HUNI VALLEY,FZ,8,0,1.6069135510907202,0.90088344849253754
monthly_share,Prestea_Huni_Valley,PRESTEA/HUNI VALLEY,FZ,9,0,1.6069135510907202,0.90088344849253754
monthly_share,Prestea_Huni_Valley,PRESTEA/HUNI VALLEY,FZ,10,0,1.6069135510907202,0.90088344849253754
monthly_share,Prestea_Huni_Valley,PRESTEA/HUNI VALLEY,FZ,11,0,1.6069135510907202,0.90088344849253754
monthly_share,Prestea_Huni_Valley,PRESTEA/HUNI VALLEY,FZ,12,0.18918932389730295,1.6069135510907202,0.90088344849253754
monthly_share,Sefwi_Akontombra,SEFWI AKONTOMBRA,FZ,1,0,2,1
monthly_share,Sefwi_Akontombra,SEFWI AKONTOMBRA,FZ,2,1,2,1
monthly_share,Sefwi_Akontombra,SEFWI AKONTOMBRA,FZ,3,0,2,1
monthly_share,Sefwi_Akontombra,SEFWI AKONTOMBRA,FZ,4,0,2,1
monthly_share,Sefwi_Akontombra,SEFWI AKONTOMBRA,FZ,5,0,2,1
monthly_share,Sefwi_Akontombra,SEFWI AKONTOMBRA,FZ,6,0,2,1
monthly_share,Sefwi_Akontombra,SEFWI AKONTOMBRA,FZ,7,0,2,1
monthly_share,Sefwi_Akontombra,SEFWI AKONTOMBRA,FZ,8,0,2,1
monthly_share,Sefwi_Akontombra,SEFWI AKONTOMBRA,FZ,9,0,2,1
monthly_share,Sefwi_Akontombra,SEFWI AKONTOMBRA,FZ,10,0,2,1
monthly_share,Sefwi_Akontombra,SEFWI AKONTOMBRA,FZ,11,0,2,1
monthly_share,Sefwi_Akontombra,SEFWI AKONTOMBRA,FZ,12,0,2,1
monthly_share,Sefwi_Wiawso,SEFWI-WIAWSO,FZ,1,0.24999918556475137,1.8137206346032926,0.96270864249373433
monthly_share,Sefwi_Wiawso,SEFWI-WIAWSO,FZ,2,0.68750083413932728,1.8137206346032926,0.96270864249373433
monthly_share,Sefwi_Wiawso,SEFWI-WIAWSO,FZ,3,0.062499980295921402,1.8137206346032926,0.96270864249373433
monthly_share,Sefwi_Wiawso,SEFWI-WIAWSO,FZ,4,0,1.8137206346032926,0.96270864249373433
monthly_share,Sefwi_Wiawso,SEFWI-WIAWSO,FZ,5,0,1.8137206346032926,0.96270864249373433
monthly_share,Sefwi_Wiawso,SEFWI-WIAWSO,FZ,6,0,1.8137206346032926,0.96270864249373433
monthly_share,Sefwi_Wiawso,SEFWI-WIAWSO,FZ,7,0,1.8137206346032926,0.96270864249373433
monthly_share,Sefwi_Wiawso,SEFWI-WIAWSO,FZ,8,0,1.8137206346032926,0.96270864249373433
monthly_share,Sefwi_Wiawso,SEFWI-WIAWSO,FZ,9,0,1.8137206346032926,0.96270864249373433
monthly_share,Sefwi_Wiawso,SEFWI-WIAWSO,FZ,10,0,1.8137206346032926,0.96270864249373433
monthly_share,Sefwi_Wiawso,SEFWI-WIAWSO,FZ,11,0,1.8137206346032926,0.96270864249373433
monthly_share,Sefwi_Wiawso,SEFWI-WIAWSO,FZ,12,0,1.8137206346032926,0.96270864249373433
monthly_share,Sekyere_Afram_Plains_North,SEKYERE AFRAM PLAINS NORTH,FZ,1,0.67714811362986427,0.94491583504242627,0.95114092287014163
monthly_share,Sekyere_Afram_Plains_North,SEKYERE AFRAM PLAINS NORTH,FZ,2,0.1234470714889748,0.94491583504242627,0.95114092287014163
monthly_share,Sekyere_Afram_Plains_North,SEKYERE AFRAM PLAINS NORTH,FZ,3,0.0078282796315148548,0.94491583504242627,0.95114092287014163
monthly_share,Sekyere_Afram_Plains_North,SEKYERE AFRAM PLAINS NORTH,FZ,4,0.0012143636938437786,0.94491583504242627,0.95114092287014163
monthly_share,Sekyere_Afram_Plains_North,SEKYERE AFRAM PLAINS NORTH,FZ,5,4.032867011254908e-05,0.94491583504242627,0.95114092287014163
monthly_share,Sekyere_Afram_Plains_North,SEKYERE AFRAM PLAINS NORTH,FZ,6,0,0.94491583504242627,0.95114092287014163
monthly_share,Sekyere_Afram_Plains_North,SEKYERE AFRAM PLAINS NORTH,FZ,7,0,0.94491583504242627,0.95114092287014163
monthly_share,Sekyere_Afram_Plains_North,SEKYERE AFRAM PLAINS NORTH,FZ,8,0,0.94491583504242627,0.95114092287014163
monthly_share,Sekyere_Afram_Plains_North,SEKYERE AFRAM PLAINS NORTH,FZ,9,0,0.94491583504242627,0.95114092287014163
monthly_share,Sekyere_Afram_Plains_North,SEKYERE AFRAM PLAINS NORTH,FZ,10,2.2405297962163667e-05,0.94491583504242627,0.95114092287014163
monthly_share,Sekyere_Afram_Plains_North,SEKYERE AFRAM PLAINS NORTH,FZ,11,0.0054892216336219065,0.94491583504242627,0.95114092287014163
monthly_share,Sekyere_Afram_Plains_North,SEKYERE AFRAM PLAINS NORTH,FZ,12,0.18481021595410577,0.94491583504242627,0.95114092287014163
monthly_share,Sekyere_Central,SEKYERE CENTRAL,FZ,1,0.70978476339020147,1.0194348881683848,0.95390023204133401
monthly_share,Sekyere_Central,SEKYERE CENTRAL,FZ,2,0.13394069986157378,1.0194348881683848,0.95390023204133401
monthly_share,Sekyere_Central,SEKYERE CENTRAL,FZ,3,0.01516393504363431,1.0194348881683848,0.95390023204133401
monthly_share,Sekyere_Central,SEKYERE CENTRAL,FZ,4,0.000793187334540939,1.0194348881683848,0.95390023204133401
monthly_share,Sekyere_Central,SEKYERE CENTRAL,FZ,5,0,1.0194348881683848,0.95390023204133401
monthly_share,Sekyere_Central,SEKYERE CENTRAL,FZ,6,0,1.0194348881683848,0.95390023204133401
monthly_share,Sekyere_Central,SEKYERE CENTRAL,FZ,7,0,1.0194348881683848,0.95390023204133401
monthly_share,Sekyere_Central,SEKYERE CENTRAL,FZ,8,0,1.0194348881683848,0.95390023204133401
monthly_share,Sekyere_Central,SEKYERE CENTRAL,FZ,9,0,1.0194348881683848,0.95390023204133401
monthly_share,Sekyere_Central,SEKYERE CENTRAL,FZ,10,0,1.0194348881683848,0.95390023204133401
monthly_share,Sekyere_Central,SEKYERE CENTRAL,FZ,11,0.0028150560437140669,1.0194348881683848,0.95390023204133401
monthly_share,Sekyere_Central,SEKYERE CENTRAL,FZ,12,0.13750235832633551,1.0194348881683848,0.95390023204133401
monthly_share,Sekyere_East,SEKYERE EAST,FZ,1,0,1.6609002836205815,0.87196142832137447
monthly_share,Sekyere_East,SEKYERE EAST,FZ,2,0.62500062480179397,1.6609002836205815,0.87196142832137447
monthly_share,Sekyere_East,SEKYERE EAST,FZ,3,0.12499948713710153,1.6609002836205815,0.87196142832137447
monthly_share,Sekyere_East,SEKYERE EAST,FZ,4,0,1.6609002836205815,0.87196142832137447
monthly_share,Sekyere_East,SEKYERE EAST,FZ,5,0,1.6609002836205815,0.87196142832137447
monthly_share,Sekyere_East,SEKYERE EAST,FZ,6,0,1.6609002836205815,0.87196142832137447
monthly_share,Sekyere_East,SEKYERE EAST,FZ,7,0,1.6609002836205815,0.87196142832137447
monthly_share,Sekyere_East,SEKYERE EAST,FZ,8,0,1.6609002836205815,0.87196142832137447
monthly_share,Sekyere_East,SEKYERE EAST,FZ,9,0,1.6609002836205815,0.87196142832137447
monthly_share,Sekyere_East,SEKYERE EAST,FZ,10,0,1.6609002836205815,0.87196142832137447
monthly_share,Sekyere_East,SEKYERE EAST,FZ,11,0,1.6609002836205815,0.87196142832137447
monthly_share,Sekyere_East,SEKYERE EAST,FZ,12,0.2499998880611046,1.6609002836205815,0.87196142832137447
monthly_share,Sekyere_Kumawu,SEKYERE KUMAWU,FZ,1,0.52208489543515701,1.0292432845426862,0.92681091703407881
monthly_share,Sekyere_Kumawu,SEKYERE KUMAWU,FZ,2,0.23273739894280834,1.0292432845426862,0.92681091703407881
monthly_share,Sekyere_Kumawu,SEKYERE KUMAWU,FZ,3,0.012833637897522827,1.0292432845426862,0.92681091703407881
monthly_share,Sekyere_Kumawu,SEKYERE KUMAWU,FZ,4,0.0031493423704187099,1.0292432845426862,0.92681091703407881
monthly_share,Sekyere_Kumawu,SEKYERE KUMAWU,FZ,5,0,1.0292432845426862,0.92681091703407881
monthly_share,Sekyere_Kumawu,SEKYERE KUMAWU,FZ,6,0,1.0292432845426862,0.92681091703407881
monthly_share,Sekyere_Kumawu,SEKYERE KUMAWU,FZ,7,0,1.0292432845426862,0.92681091703407881
monthly_share,Sekyere_Kumawu,SEKYERE KUMAWU,FZ,8,0,1.0292432845426862,0.92681091703407881
monthly_share,Sekyere_Kumawu,SEKYERE KUMAWU,FZ,9,0,1.0292432845426862,0.92681091703407881
monthly_share,Sekyere_Kumawu,SEKYERE KUMAWU,FZ,10,0,1.0292432845426862,0.92681091703407881
monthly_share,Sekyere_Kumawu,SEKYERE KUMAWU,FZ,11,0.0050389806551823036,1.0292432845426862,0.92681091703407881
monthly_share,Sekyere_Kumawu,SEKYERE KUMAWU,FZ,12,0.22415574469891078,1.0292432845426862,0.92681091703407881
monthly_share,Sekyere_South,SEKYERE SOUTH,FZ,1,0.53790589335751871,1.1571199109950383,0.92903399127047936
monthly_share,Sekyere_South,SEKYERE SOUTH,FZ,2,0.27436823904511948,1.1571199109950383,0.92903399127047936
monthly_share,Sekyere_South,SEKYERE SOUTH,FZ,3,0.016245530853279819,1.1571199109950383,0.92903399127047936
monthly_share,Sekyere_South,SEKYERE SOUTH,FZ,4,0.0072202661814494843,1.1571199109950383,0.92903399127047936
monthly_share,Sekyere_South,SEKYERE SOUTH,FZ,5,0,1.1571199109950383,0.92903399127047936
monthly_share,Sekyere_South,SEKYERE SOUTH,FZ,6,0,1.1571199109950383,0.92903399127047936
monthly_share,Sekyere_South,SEKYERE SOUTH,FZ,7,0,1.1571199109950383,0.92903399127047936
monthly_share,Sekyere_South,SEKYERE SOUTH,FZ,8,0,1.1571199109950383,0.92903399127047936
monthly_share,Sekyere_South,SEKYERE SOUTH,FZ,9,0,1.1571199109950383,0.92903399127047936
monthly_share,Sekyere_South,SEKYERE SOUTH,FZ,10,0,1.1571199109950383,0.92903399127047936
monthly_share,Sekyere_South,SEKYERE SOUTH,FZ,11,0,1.1571199109950383,0.92903399127047936
monthly_share,Sekyere_South,SEKYERE SOUTH,FZ,12,0.16426007056263248,1.1571199109950383,0.92903399127047936
monthly_share,South_Dayi,SOUTH DAYI,FZ,1,0.42001997459030616,1.4360799584658943,0.94139129180403047
monthly_share,South_Dayi,SOUTH DAYI,FZ,2,0.48314893977068729,1.4360799584658943,0.94139129180403047
monthly_share,South_Dayi,SOUTH DAYI,FZ,3,0.014587547799249983,1.4360799584658943,0.94139129180403047
monthly_share,South_Dayi,SOUTH DAYI,FZ,4,0,1.4360799584658943,0.94139129180403047
monthly_share,South_Dayi,SOUTH DAYI,FZ,5,0,1.4360799584658943,0.94139129180403047
monthly_share,South_Dayi,SOUTH DAYI,FZ,6,0,1.4360799584658943,0.94139129180403047
monthly_share,South_Dayi,SOUTH DAYI,FZ,7,0,1.4360799584658943,0.94139129180403047
monthly_share,South_Dayi,SOUTH DAYI,FZ,8,0,1.4360799584658943,0.94139129180403047
monthly_share,South_Dayi,SOUTH DAYI,FZ,9,0,1.4360799584658943,0.94139129180403047
monthly_share,South_Dayi,SOUTH DAYI,FZ,10,0,1.4360799584658943,0.94139129180403047
monthly_share,South_Dayi,SOUTH DAYI,FZ,11,0,1.4360799584658943,0.94139129180403047
monthly_share,South_Dayi,SOUTH DAYI,FZ,12,0.082243537839756409,1.4360799584658943,0.94139129180403047
monthly_share,Suaman,SUAMAN,FZ,1,,,
monthly_share,Suaman,SUAMAN,FZ,2,,,
monthly_share,Suaman,SUAMAN,FZ,3,,,
monthly_share,Suaman,SUAMAN,FZ,4,,,
monthly_share,Suaman,SUAMAN,FZ,5,,,
monthly_share,Suaman,SUAMAN,FZ,6,,,
monthly_share,Suaman,SUAMAN,FZ,7,,,
monthly_share,Suaman,SUAMAN,FZ,8,,,
monthly_share,Suaman,SUAMAN,FZ,9,,,
monthly_share,Suaman,SUAMAN,FZ,10,,,
monthly_share,Suaman,SUAMAN,FZ,11,,,
monthly_share,Suaman,SUAMAN,FZ,12,,,
monthly_share,Suame_Municipal,SUAME MUNICIPAL,FZ,1,1,1,1
monthly_share,Suame_Municipal,SUAME MUNICIPAL,FZ,2,0,1,1
monthly_share,Suame_Municipal,SUAME MUNICIPAL,FZ,3,0,1,1
monthly_share,Suame_Municipal,SUAME MUNICIPAL,FZ,4,0,1,1
monthly_share,Suame_Municipal,SUAME MUNICIPAL,FZ,5,0,1,1
monthly_share,Suame_Municipal,SUAME MUNICIPAL,FZ,6,0,1,1
monthly_share,Suame_Municipal,SUAME MUNICIPAL,FZ,7,0,1,1
monthly_share,Suame_Municipal,SUAME MUNICIPAL,FZ,8,0,1,1
monthly_share,Suame_Municipal,SUAME MUNICIPAL,FZ,9,0,1,1
monthly_share,Suame_Municipal,SUAME MUNICIPAL,FZ,10,0,1,1
monthly_share,Suame_Municipal,SUAME MUNICIPAL,FZ,11,0,1,1
monthly_share,Suame_Municipal,SUAME MUNICIPAL,FZ,12,0,1,1
monthly_share,Suhum_Municipal,SUHUM MUNICIPAL,FZ,1,0.27692329629293816,1.7869167562684041,0.94873890371202629
monthly_share,Suhum_Municipal,SUHUM MUNICIPAL,FZ,2,0.61538460275328566,1.7869167562684041,0.94873890371202629
monthly_share,Suhum_Municipal,SUHUM MUNICIPAL,FZ,3,0.092307428018746029,1.7869167562684041,0.94873890371202629
monthly_share,Suhum_Municipal,SUHUM MUNICIPAL,FZ,4,0,1.7869167562684041,0.94873890371202629
monthly_share,Suhum_Municipal,SUHUM MUNICIPAL,FZ,5,0,1.7869167562684041,0.94873890371202629
monthly_share,Suhum_Municipal,SUHUM MUNICIPAL,FZ,6,0,1.7869167562684041,0.94873890371202629
monthly_share,Suhum_Municipal,SUHUM MUNICIPAL,FZ,7,0,1.7869167562684041,0.94873890371202629
monthly_share,Suhum_Municipal,SUHUM MUNICIPAL,FZ,8,0,1.7869167562684041,0.94873890371202629
monthly_share,Suhum_Municipal,SUHUM MUNICIPAL,FZ,9,0,1.7869167562684041,0.94873890371202629
monthly_share,Suhum_Municipal,SUHUM MUNICIPAL,FZ,10,0,1.7869167562684041,0.94873890371202629
monthly_share,Suhum_Municipal,SUHUM MUNICIPAL,FZ,11,0,1.7869167562684041,0.94873890371202629
monthly_share,Suhum_Municipal,SUHUM MUNICIPAL,FZ,12,0.015384672935030156,1.7869167562684041,0.94873890371202629
monthly_share,Twifo_Atti_Morkwa,TWIFO ATTI-MORKWA,FZ,1,0.63636389495727497,1.360680495125564,0.96850154728582416
monthly_share,Twifo_Atti_Morkwa,TWIFO ATTI-MORKWA,FZ,2,0.36363610504272503,1.360680495125564,0.96850154728582416
monthly_share,Twifo_Atti_Morkwa,TWIFO ATTI-MORKWA,FZ,3,0,1.360680495125564,0.96850154728582416
monthly_share,Twifo_Atti_Morkwa,TWIFO ATTI-MORKWA,FZ,4,0,1.360680495125564,0.96850154728582416
monthly_share,Twifo_Atti_Morkwa,TWIFO ATTI-MORKWA,FZ,5,0,1.360680495125564,0.96850154728582416
monthly_share,Twifo_Atti_Morkwa,TWIFO ATTI-MORKWA,FZ,6,0,1.360680495125564,0.96850154728582416
monthly_share,Twifo_Atti_Morkwa,TWIFO ATTI-MORKWA,FZ,7,0,1.360680495125564,0.96850154728582416
monthly_share,Twifo_Atti_Morkwa,TWIFO ATTI-MORKWA,FZ,8,0,1.360680495125564,0.96850154728582416
monthly_share,Twifo_Atti_Morkwa,TWIFO ATTI-MORKWA,FZ,9,0,1.360680495125564,0.96850154728582416
monthly_share,Twifo_Atti_Morkwa,TWIFO ATTI-MORKWA,FZ,10,0,1.360680495125564,0.96850154728582416
monthly_share,Twifo_Atti_Morkwa,TWIFO ATTI-MORKWA,FZ,11,0,1.360680495125564,0.96850154728582416
monthly_share,Twifo_Atti_Morkwa,TWIFO ATTI-MORKWA,FZ,12,0,1.360680495125564,0.96850154728582416
monthly_share,Twifo_Hemang_Lower_Denkyira,TWIFO HEMANG LOWER DENKYIRA,FZ,1,0,4,1
monthly_share,Twifo_Hemang_Lower_Denkyira,TWIFO HEMANG LOWER DENKYIRA,FZ,2,0,4,1
monthly_share,Twifo_Hemang_Lower_Denkyira,TWIFO HEMANG LOWER DENKYIRA,FZ,3,0,4,1
monthly_share,Twifo_Hemang_Lower_Denkyira,TWIFO HEMANG LOWER DENKYIRA,FZ,4,1,4,1
monthly_share,Twifo_Hemang_Lower_Denkyira,TWIFO HEMANG LOWER DENKYIRA,FZ,5,0,4,1
monthly_share,Twifo_Hemang_Lower_Denkyira,TWIFO HEMANG LOWER DENKYIRA,FZ,6,0,4,1
monthly_share,Twifo_Hemang_Lower_Denkyira,TWIFO HEMANG LOWER DENKYIRA,FZ,7,0,4,1
monthly_share,Twifo_Hemang_Lower_Denkyira,TWIFO HEMANG LOWER DENKYIRA,FZ,8,0,4,1
monthly_share,Twifo_Hemang_Lower_Denkyira,TWIFO HEMANG LOWER DENKYIRA,FZ,9,0,4,1
monthly_share,Twifo_Hemang_Lower_Denkyira,TWIFO HEMANG LOWER DENKYIRA,FZ,10,0,4,1
monthly_share,Twifo_Hemang_Lower_Denkyira,TWIFO HEMANG LOWER DENKYIRA,FZ,11,0,4,1
monthly_share,Twifo_Hemang_Lower_Denkyira,TWIFO HEMANG LOWER DENKYIRA,FZ,12,0,4,1
monthly_share,Upper_Denkyira_East_Municipal,UPPER DENKYIRA EAST MUNICIPAL,FZ,1,0.25000064333722177,1.8576529359539351,0.91725809656750656
monthly_share,Upper_Denkyira_East_Municipal,UPPER DENKYIRA EAST MUNICIPAL,FZ,2,0.50000094672920703,1.8576529359539351,0.91725809656750656
monthly_share,Upper_Denkyira_East_Municipal,UPPER DENKYIRA EAST MUNICIPAL,FZ,3,0.1999983360960037,1.8576529359539351,0.91725809656750656
monthly_share,Upper_Denkyira_East_Municipal,UPPER DENKYIRA EAST MUNICIPAL,FZ,4,0,1.8576529359539351,0.91725809656750656
monthly_share,Upper_Denkyira_East_Municipal,UPPER DENKYIRA EAST MUNICIPAL,FZ,5,0,1.8576529359539351,0.91725809656750656
monthly_share,Upper_Denkyira_East_Municipal,UPPER DENKYIRA EAST MUNICIPAL,FZ,6,0,1.8576529359539351,0.91725809656750656
monthly_share,Upper_Denkyira_East_Municipal,UPPER DENKYIRA EAST MUNICIPAL,FZ,7,0,1.8576529359539351,0.91725809656750656
monthly_share,Upper_Denkyira_East_Municipal,UPPER DENKYIRA EAST MUNICIPAL,FZ,8,0,1.8576529359539351,0.91725809656750656
monthly_share,Upper_Denkyira_East_Municipal,UPPER DENKYIRA EAST MUNICIPAL,FZ,9,0,1.8576529359539351,0.91725809656750656
monthly_share,Upper_Denkyira_East_Municipal,UPPER DENKYIRA EAST MUNICIPAL,FZ,10,0,1.8576529359539351,0.91725809656750656
monthly_share,Upper_Denkyira_East_Municipal,UPPER DENKYIRA EAST MUNICIPAL,FZ,11,0,1.8576529359539351,0.91725809656750656
monthly_share,Upper_Denkyira_East_Municipal,UPPER DENKYIRA EAST MUNICIPAL,FZ,12,0.050000073837567501,1.8576529359539351,0.91725809656750656
monthly_share,Upper_Denkyira_West,UPPER DENKYIRA WEST,FZ,1,0,2.0867529359097734,0.95750897673515478
monthly_share,Upper_Denkyira_West,UPPER DENKYIRA WEST,FZ,2,0.95652132509248844,2.0867529359097734,0.95750897673515478
monthly_share,Upper_Denkyira_West,UPPER DENKYIRA WEST,FZ,3,0,2.0867529359097734,0.95750897673515478
monthly_share,Upper_Denkyira_West,UPPER DENKYIRA WEST,FZ,4,0,2.0867529359097734,0.95750897673515478
monthly_share,Upper_Denkyira_West,UPPER DENKYIRA WEST,FZ,5,0.043478674907511582,2.0867529359097734,0.95750897673515478
monthly_share,Upper_Denkyira_West,UPPER DENKYIRA WEST,FZ,6,0,2.0867529359097734,0.95750897673515478
monthly_share,Upper_Denkyira_West,UPPER DENKYIRA WEST,FZ,7,0,2.0867529359097734,0.95750897673515478
monthly_share,Upper_Denkyira_West,UPPER DENKYIRA WEST,FZ,8,0,2.0867529359097734,0.95750897673515478
monthly_share,Upper_Denkyira_West,UPPER DENKYIRA WEST,FZ,9,0,2.0867529359097734,0.95750897673515478
monthly_share,Upper_Denkyira_West,UPPER DENKYIRA WEST,FZ,10,0,2.0867529359097734,0.95750897673515478
monthly_share,Upper_Denkyira_West,UPPER DENKYIRA WEST,FZ,11,0,2.0867529359097734,0.95750897673515478
monthly_share,Upper_Denkyira_West,UPPER DENKYIRA WEST,FZ,12,0,2.0867529359097734,0.95750897673515478
monthly_share,Upper_Manya,UPPER MANYA,FZ,1,0.33699638289586503,1.5996596525675848,0.93513474294461618
monthly_share,Upper_Manya,UPPER MANYA,FZ,2,0.54251689861568686,1.5996596525675848,0.93513474294461618
monthly_share,Upper_Manya,UPPER MANYA,FZ,3,0.057299879199931708,1.5996596525675848,0.93513474294461618
monthly_share,Upper_Manya,UPPER MANYA,FZ,4,0.00013082101438756876,1.5996596525675848,0.93513474294461618
monthly_share,Upper_Manya,UPPER MANYA,FZ,5,0,1.5996596525675848,0.93513474294461618
monthly_share,Upper_Manya,UPPER MANYA,FZ,6,0,1.5996596525675848,0.93513474294461618
monthly_share,Upper_Manya,UPPER MANYA,FZ,7,0,1.5996596525675848,0.93513474294461618
monthly_share,Upper_Manya,UPPER MANYA,FZ,8,0,1.5996596525675848,0.93513474294461618
monthly_share,Upper_Manya,UPPER MANYA,FZ,9,0,1.5996596525675848,0.93513474294461618
monthly_share,Upper_Manya,UPPER MANYA,FZ,10,0,1.5996596525675848,0.93513474294461618
monthly_share,Upper_Manya,UPPER MANYA,FZ,11,0.0018315097710833348,1.5996596525675848,0.93513474294461618
monthly_share,Upper_Manya,UPPER MANYA,FZ,12,0.06122450850304554,1.5996596525675848,0.93513474294461618
monthly_share,Upper_West_Akim,UPPER WEST AKIM,FZ,1,0.099999434155033803,2.8263770583661567,0.95393943868376307
monthly_share,Upper_West_Akim,UPPER WEST AKIM,FZ,2,0,2.8263770583661567,0.95393943868376307
monthly_share,Upper_West_Akim,UPPER WEST AKIM,FZ,3,0.90000056584496613,2.8263770583661567,0.95393943868376307
monthly_share,Upper_West_Akim,UPPER WEST AKIM,FZ,4,0,2.8263770583661567,0.95393943868376307
monthly_share,Upper_West_Akim,UPPER WEST AKIM,FZ,5,0,2.8263770583661567,0.95393943868376307
monthly_share,Upper_West_Akim,UPPER WEST AKIM,FZ,6,0,2.8263770583661567,0.95393943868376307
monthly_share,Upper_West_Akim,UPPER WEST AKIM,FZ,7,0,2.8263770583661567,0.95393943868376307
monthly_share,Upper_West_Akim,UPPER WEST AKIM,FZ,8,0,2.8263770583661567,0.95393943868376307
monthly_share,Upper_West_Akim,UPPER WEST AKIM,FZ,9,0,2.8263770583661567,0.95393943868376307
monthly_share,Upper_West_Akim,UPPER WEST AKIM,FZ,10,0,2.8263770583661567,0.95393943868376307
monthly_share,Upper_West_Akim,UPPER WEST AKIM,FZ,11,0,2.8263770583661567,0.95393943868376307
monthly_share,Upper_West_Akim,UPPER WEST AKIM,FZ,12,0,2.8263770583661567,0.95393943868376307
monthly_share,Wassa_Amenfi_Central,WASSA AMENFI CENTRAL,FZ,1,0.66666758727296982,1.7106762319687094,0.83491795848022576
monthly_share,Wassa_Amenfi_Central,WASSA AMENFI CENTRAL,FZ,2,0,1.7106762319687094,0.83491795848022576
monthly_share,Wassa_Amenfi_Central,WASSA AMENFI CENTRAL,FZ,3,0.2222214324864229,1.7106762319687094,0.83491795848022576
monthly_share,Wassa_Amenfi_Central,WASSA AMENFI CENTRAL,FZ,4,0.11111098024060724,1.7106762319687094,0.83491795848022576
monthly_share,Wassa_Amenfi_Central,WASSA AMENFI CENTRAL,FZ,5,0,1.7106762319687094,0.83491795848022576
monthly_share,Wassa_Amenfi_Central,WASSA AMENFI CENTRAL,FZ,6,0,1.7106762319687094,0.83491795848022576
monthly_share,Wassa_Amenfi_Central,WASSA AMENFI CENTRAL,FZ,7,0,1.7106762319687094,0.83491795848022576
monthly_share,Wassa_Amenfi_Central,WASSA AMENFI CENTRAL,FZ,8,0,1.7106762319687094,0.83491795848022576
monthly_share,Wassa_Amenfi_Central,WASSA AMENFI CENTRAL,FZ,9,0,1.7106762319687094,0.83491795848022576
monthly_share,Wassa_Amenfi_Central,WASSA AMENFI CENTRAL,FZ,10,0,1.7106762319687094,0.83491795848022576
monthly_share,Wassa_Amenfi_Central,WASSA AMENFI CENTRAL,FZ,11,0,1.7106762319687094,0.83491795848022576
monthly_share,Wassa_Amenfi_Central,WASSA AMENFI CENTRAL,FZ,12,0,1.7106762319687094,0.83491795848022576
monthly_share,Wassa_Amenfi_East,WASSA AMENFI EAST,FZ,1,0,2,1
monthly_share,Wassa_Amenfi_East,WASSA AMENFI EAST,FZ,2,1,2,1
monthly_share,Wassa_Amenfi_East,WASSA AMENFI EAST,FZ,3,0,2,1
monthly_share,Wassa_Amenfi_East,WASSA AMENFI EAST,FZ,4,0,2,1
monthly_share,Wassa_Amenfi_East,WASSA AMENFI EAST,FZ,5,0,2,1
monthly_share,Wassa_Amenfi_East,WASSA AMENFI EAST,FZ,6,0,2,1
monthly_share,Wassa_Amenfi_East,WASSA AMENFI EAST,FZ,7,0,2,1
monthly_share,Wassa_Amenfi_East,WASSA AMENFI EAST,FZ,8,0,2,1
monthly_share,Wassa_Amenfi_East,WASSA AMENFI EAST,FZ,9,0,2,1
monthly_share,Wassa_Amenfi_East,WASSA AMENFI EAST,FZ,10,0,2,1
monthly_share,Wassa_Amenfi_East,WASSA AMENFI EAST,FZ,11,0,2,1
monthly_share,Wassa_Amenfi_East,WASSA AMENFI EAST,FZ,12,0,2,1
monthly_share,Wassa_Amenfi_West,WASSA AMENFI WEST,FZ,1,0,3.1774463992804627,0.97986720481645095
monthly_share,Wassa_Amenfi_West,WASSA AMENFI WEST,FZ,2,0,3.1774463992804627,0.97986720481645095
monthly_share,Wassa_Amenfi_West,WASSA AMENFI WEST,FZ,3,0.81818152212882955,3.1774463992804627,0.97986720481645095
monthly_share,Wassa_Amenfi_West,WASSA AMENFI WEST,FZ,4,0.18181847787117045,3.1774463992804627,0.97986720481645095
monthly_share,Wassa_Amenfi_West,WASSA AMENFI WEST,FZ,5,0,3.1774463992804627,0.97986720481645095
monthly_share,Wassa_Amenfi_West,WASSA AMENFI WEST,FZ,6,0,3.1774463992804627,0.97986720481645095
monthly_share,Wassa_Amenfi_West,WASSA AMENFI WEST,FZ,7,0,3.1774463992804627,0.97986720481645095
monthly_share,Wassa_Amenfi_West,WASSA AMENFI WEST,FZ,8,0,3.1774463992804627,0.97986720481645095
monthly_share,Wassa_Amenfi_West,WASSA AMENFI WEST,FZ,9,0,3.1774463992804627,0.97986720481645095
monthly_share,Wassa_Amenfi_West,WASSA AMENFI WEST,FZ,10,0,3.1774463992804627,0.97986720481645095
monthly_share,Wassa_Amenfi_West,WASSA AMENFI WEST,FZ,11,0,3.1774463992804627,0.97986720481645095
monthly_share,Wassa_Amenfi_West,WASSA AMENFI WEST,FZ,12,0,3.1774463992804627,0.97986720481645095
monthly_share,Wassa_East,WASSA EAST,FZ,1,0.23684173432815345,2.0254683351346054,0.78365572854518661
monthly_share,Wassa_East,WASSA EAST,FZ,2,0.35526301032320823,2.0254683351346054,0.78365572854518661
monthly_share,Wassa_East,WASSA EAST,FZ,3,0.052631470651459802,2.0254683351346054,0.78365572854518661
monthly_share,Wassa_East,WASSA EAST,FZ,4,0.23684206043098066,2.0254683351346054,0.78365572854518661
monthly_share,Wassa_East,WASSA EAST,FZ,5,0,2.0254683351346054,0.78365572854518661
monthly_share,Wassa_East,WASSA EAST,FZ,6,0,2.0254683351346054,0.78365572854518661
monthly_share,Wassa_East,WASSA EAST,FZ,7,0,2.0254683351346054,0.78365572854518661
monthly_share,Wassa_East,WASSA EAST,FZ,8,0,2.0254683351346054,0.78365572854518661
monthly_share,Wassa_East,WASSA EAST,FZ,9,0,2.0254683351346054,0.78365572854518661
monthly_share,Wassa_East,WASSA EAST,FZ,10,0,2.0254683351346054,0.78365572854518661
monthly_share,Wassa_East,WASSA EAST,FZ,11,0,2.0254683351346054,0.78365572854518661
monthly_share,Wassa_East,WASSA EAST,FZ,12,0.11842172426619781,2.0254683351346054,0.78365572854518661
monthly_share,West_Akim,WEST AKIM,FZ,1,0,2.5336718241052765,0.93071503332310834
monthly_share,West_Akim,WEST AKIM,FZ,2,0.35000029315663339,2.5336718241052765,0.93071503332310834
monthly_share,West_Akim,WEST AKIM,FZ,3,0.59999956574802926,2.5336718241052765,0.93071503332310834
monthly_share,West_Akim,WEST AKIM,FZ,4,0,2.5336718241052765,0.93071503332310834
monthly_share,West_Akim,WEST AKIM,FZ,5,0,2.5336718241052765,0.93071503332310834
monthly_share,West_Akim,WEST AKIM,FZ,6,0,2.5336718241052765,0.93071503332310834
monthly_share,West_Akim,WEST AKIM,FZ,7,0,2.5336718241052765,0.93071503332310834
monthly_share,West_Akim,WEST AKIM,FZ,8,0,2.5336718241052765,0.93071503332310834
monthly_share,West_Akim,WEST AKIM,FZ,9,0,2.5336718241052765,0.93071503332310834
monthly_share,West_Akim,WEST AKIM,FZ,10,0,2.5336718241052765,0.93071503332310834
monthly_share,West_Akim,WEST AKIM,FZ,11,0,2.5336718241052765,0.93071503332310834
monthly_share,West_Akim,WEST AKIM,FZ,12,0.050000141095337285,2.5336718241052765,0.93071503332310834
monthly_share,Yilo_Krobo,YILO KROBO,FZ,1,0.42486228756245031,1.1649680809118637,0.91342716716592631
monthly_share,Yilo_Krobo,YILO KROBO,FZ,2,0.33516970606004337,1.1649680809118637,0.91342716716592631
monthly_share,Yilo_Krobo,YILO KROBO,FZ,3,0.018489409520006987,1.1649680809118637,0.91342716716592631
monthly_share,Yilo_Krobo,YILO KROBO,FZ,4,0.0051140902760824858,1.1649680809118637,0.91342716716592631
monthly_share,Yilo_Krobo,YILO KROBO,FZ,5,0,1.1649680809118637,0.91342716716592631
monthly_share,Yilo_Krobo,YILO KROBO,FZ,6,0,1.1649680809118637,0.91342716716592631
monthly_share,Yilo_Krobo,YILO KROBO,FZ,7,0,1.1649680809118637,0.91342716716592631
monthly_share,Yilo_Krobo,YILO KROBO,FZ,8,0,1.1649680809118637,0.91342716716592631
monthly_share,Yilo_Krobo,YILO KROBO,FZ,9,0,1.1649680809118637,0.91342716716592631
monthly_share,Yilo_Krobo,YILO KROBO,FZ,10,0,1.1649680809118637,0.91342716716592631
monthly_share,Yilo_Krobo,YILO KROBO,FZ,11,0.0047206742025991634,1.1649680809118637,0.91342716716592631
monthly_share,Yilo_Krobo,YILO KROBO,FZ,12,0.21164383237881759,1.1649680809118637,0.91342716716592631
monthly_share,Bole,BOLE,GS,1,0.08818504820717897,0.010356942712931527,0.97558490708059431
monthly_share,Bole,BOLE,GS,2,0.0029369372057823713,0.010356942712931527,0.97558490708059431
monthly_share,Bole,BOLE,GS,3,2.5665908513109174e-05,0.010356942712931527,0.97558490708059431
monthly_share,Bole,BOLE,GS,4,0,0.010356942712931527,0.97558490708059431
monthly_share,Bole,BOLE,GS,5,0,0.010356942712931527,0.97558490708059431
monthly_share,Bole,BOLE,GS,6,0,0.010356942712931527,0.97558490708059431
monthly_share,Bole,BOLE,GS,7,0,0.010356942712931527,0.97558490708059431
monthly_share,Bole,BOLE,GS,8,0,0.010356942712931527,0.97558490708059431
monthly_share,Bole,BOLE,GS,9,0,0.010356942712931527,0.97558490708059431
monthly_share,Bole,BOLE,GS,10,0.00013199691536743146,0.010356942712931527,0.97558490708059431
monthly_share,Bole,BOLE,GS,11,0.082513766294086743,0.010356942712931527,0.97558490708059431
monthly_share,Bole,BOLE,GS,12,0.82620658546907133,0.010356942712931527,0.97558490708059431
monthly_share,Bunkpurugu_Nakpanduri,BUNKPURUGU NAKPANDURI,GS,1,0.19028747214314359,0.071019593525811331,0.91974219904588594
monthly_share,Bunkpurugu_Nakpanduri,BUNKPURUGU NAKPANDURI,GS,2,0.044409258059830578,0.071019593525811331,0.91974219904588594
monthly_share,Bunkpurugu_Nakpanduri,BUNKPURUGU NAKPANDURI,GS,3,0.0038757238662459007,0.071019593525811331,0.91974219904588594
monthly_share,Bunkpurugu_Nakpanduri,BUNKPURUGU NAKPANDURI,GS,4,0,0.071019593525811331,0.91974219904588594
monthly_share,Bunkpurugu_Nakpanduri,BUNKPURUGU NAKPANDURI,GS,5,0,0.071019593525811331,0.91974219904588594
monthly_share,Bunkpurugu_Nakpanduri,BUNKPURUGU NAKPANDURI,GS,6,0,0.071019593525811331,0.91974219904588594
monthly_share,Bunkpurugu_Nakpanduri,BUNKPURUGU NAKPANDURI,GS,7,0,0.071019593525811331,0.91974219904588594
monthly_share,Bunkpurugu_Nakpanduri,BUNKPURUGU NAKPANDURI,GS,8,0,0.071019593525811331,0.91974219904588594
monthly_share,Bunkpurugu_Nakpanduri,BUNKPURUGU NAKPANDURI,GS,9,0,0.071019593525811331,0.91974219904588594
monthly_share,Bunkpurugu_Nakpanduri,BUNKPURUGU NAKPANDURI,GS,10,0.0061366319956474378,0.071019593525811331,0.91974219904588594
monthly_share,Bunkpurugu_Nakpanduri,BUNKPURUGU NAKPANDURI,GS,11,0.19594216817116517,0.071019593525811331,0.91974219904588594
monthly_share,Bunkpurugu_Nakpanduri,BUNKPURUGU NAKPANDURI,GS,12,0.55934874576396731,0.071019593525811331,0.91974219904588594
monthly_share,Central_Gonja,CENTRAL GONJA,GS,1,0.13370326761995707,11.986387860124752,0.94854784223893174
monthly_share,Central_Gonja,CENTRAL GONJA,GS,2,0.013861797496997419,11.986387860124752,0.94854784223893174
monthly_share,Central_Gonja,CENTRAL GONJA,GS,3,0.0014115785287799048,11.986387860124752,0.94854784223893174
monthly_share,Central_Gonja,CENTRAL GONJA,GS,4,8.8591285812328373e-06,11.986387860124752,0.94854784223893174
monthly_share,Central_Gonja,CENTRAL GONJA,GS,5,0,11.986387860124752,0.94854784223893174
monthly_share,Central_Gonja,CENTRAL GONJA,GS,6,0,11.986387860124752,0.94854784223893174
monthly_share,Central_Gonja,CENTRAL GONJA,GS,7,0,11.986387860124752,0.94854784223893174
monthly_share,Central_Gonja,CENTRAL GONJA,GS,8,0,11.986387860124752,0.94854784223893174
monthly_share,Central_Gonja,CENTRAL GONJA,GS,9,0,11.986387860124752,0.94854784223893174
monthly_share,Central_Gonja,CENTRAL GONJA,GS,10,0.0070401225719127075,11.986387860124752,0.94854784223893174
monthly_share,Central_Gonja,CENTRAL GONJA,GS,11,0.16187831186530208,11.986387860124752,0.94854784223893174
monthly_share,Central_Gonja,CENTRAL GONJA,GS,12,0.68209606278846946,11.986387860124752,0.94854784223893174
monthly_share,Chereponi,CHEREPONI,GS,1,0.4379760213235746,0.54138454298633754,0.84891231062847994
monthly_share,Chereponi,CHEREPONI,GS,2,0.1252339079754313,0.54138454298633754,0.84891231062847994
monthly_share,Chereponi,CHEREPONI,GS,3,0.019786111417273149,0.54138454298633754,0.84891231062847994
monthly_share,Chereponi,CHEREPONI,GS,4,0.0024018622690425767,0.54138454298633754,0.84891231062847994
monthly_share,Chereponi,CHEREPONI,GS,5,0,0.54138454298633754,0.84891231062847994
monthly_share,Chereponi,CHEREPONI,GS,6,0,0.54138454298633754,0.84891231062847994
monthly_share,Chereponi,CHEREPONI,GS,7,0,0.54138454298633754,0.84891231062847994
monthly_share,Chereponi,CHEREPONI,GS,8,0,0.54138454298633754,0.84891231062847994
monthly_share,Chereponi,CHEREPONI,GS,9,0,0.54138454298633754,0.84891231062847994
monthly_share,Chereponi,CHEREPONI,GS,10,0.038459126699245415,0.54138454298633754,0.84891231062847994
monthly_share,Chereponi,CHEREPONI,GS,11,0.15714691946645815,0.54138454298633754,0.84891231062847994
monthly_share,Chereponi,CHEREPONI,GS,12,0.21899605084897494,0.54138454298633754,0.84891231062847994
monthly_share,Daffiama_Bussie_Issa,DAFFIAMA BUSSIE ISSA,GS,1,0.017324850174579329,11.547918098660409,0.95903894919478161
monthly_share,Daffiama_Bussie_Issa,DAFFIAMA BUSSIE ISSA,GS,2,0.0015666112921769479,11.547918098660409,0.95903894919478161
monthly_share,Daffiama_Bussie_Issa,DAFFIAMA BUSSIE ISSA,GS,3,1.5358872719499302e-05,11.547918098660409,0.95903894919478161
monthly_share,Daffiama_Bussie_Issa,DAFFIAMA BUSSIE ISSA,GS,4,0,11.547918098660409,0.95903894919478161
monthly_share,Daffiama_Bussie_Issa,DAFFIAMA BUSSIE ISSA,GS,5,0,11.547918098660409,0.95903894919478161
monthly_share,Daffiama_Bussie_Issa,DAFFIAMA BUSSIE ISSA,GS,6,0,11.547918098660409,0.95903894919478161
monthly_share,Daffiama_Bussie_Issa,DAFFIAMA BUSSIE ISSA,GS,7,0,11.547918098660409,0.95903894919478161
monthly_share,Daffiama_Bussie_Issa,DAFFIAMA BUSSIE ISSA,GS,8,0,11.547918098660409,0.95903894919478161
monthly_share,Daffiama_Bussie_Issa,DAFFIAMA BUSSIE ISSA,GS,9,0,11.547918098660409,0.95903894919478161
monthly_share,Daffiama_Bussie_Issa,DAFFIAMA BUSSIE ISSA,GS,10,0.0060974874662723397,11.547918098660409,0.95903894919478161
monthly_share,Daffiama_Bussie_Issa,DAFFIAMA BUSSIE ISSA,GS,11,0.45930707626287504,11.547918098660409,0.95903894919478161
monthly_share,Daffiama_Bussie_Issa,DAFFIAMA BUSSIE ISSA,GS,12,0.51568861593137694,11.547918098660409,0.95903894919478161
monthly_share,East_Gonja_Municipal,EAST GONJA MUNICIPAL,GS,1,0.086555738177187452,11.869538467823816,0.95890509106075605
monthly_share,East_Gonja_Municipal,EAST GONJA MUNICIPAL,GS,2,0.0024770016839646036,11.869538467823816,0.95890509106075605
monthly_share,East_Gonja_Municipal,EAST GONJA MUNICIPAL,GS,3,0,11.869538467823816,0.95890509106075605
monthly_share,East_Gonja_Municipal,EAST GONJA MUNICIPAL,GS,4,0,11.869538467823816,0.95890509106075605
monthly_share,East_Gonja_Municipal,EAST GONJA MUNICIPAL,GS,5,0,11.869538467823816,0.95890509106075605
monthly_share,East_Gonja_Municipal,EAST GONJA MUNICIPAL,GS,6,0,11.869538467823816,0.95890509106075605
monthly_share,East_Gonja_Municipal,EAST GONJA MUNICIPAL,GS,7,0,11.869538467823816,0.95890509106075605
monthly_share,East_Gonja_Municipal,EAST GONJA MUNICIPAL,GS,8,0,11.869538467823816,0.95890509106075605
monthly_share,East_Gonja_Municipal,EAST GONJA MUNICIPAL,GS,9,0,11.869538467823816,0.95890509106075605
monthly_share,East_Gonja_Municipal,EAST GONJA MUNICIPAL,GS,10,0.0029400145391109975,11.869538467823816,0.95890509106075605
monthly_share,East_Gonja_Municipal,EAST GONJA MUNICIPAL,GS,11,0.21665656988659379,11.869538467823816,0.95890509106075605
monthly_share,East_Gonja_Municipal,EAST GONJA MUNICIPAL,GS,12,0.69137067571314315,11.869538467823816,0.95890509106075605
monthly_share,East_Mamprusi,EAST MAMPRUSI,GS,1,0.25930507996881108,0.064684965732981325,0.92108700671562471
monthly_share,East_Mamprusi,EAST MAMPRUSI,GS,2,0.016128693832398455,0.064684965732981325,0.92108700671562471
monthly_share,East_Mamprusi,EAST MAMPRUSI,GS,3,0.00098948852935726479,0.064684965732981325,0.92108700671562471
monthly_share,East_Mamprusi,EAST MAMPRUSI,GS,4,0.00039579974235590766,0.064684965732981325,0.92108700671562471
monthly_share,East_Mamprusi,EAST MAMPRUSI,GS,5,0,0.064684965732981325,0.92108700671562471
monthly_share,East_Mamprusi,EAST MAMPRUSI,GS,6,0,0.064684965732981325,0.92108700671562471
monthly_share,East_Mamprusi,EAST MAMPRUSI,GS,7,0,0.064684965732981325,0.92108700671562471
monthly_share,East_Mamprusi,EAST MAMPRUSI,GS,8,0,0.064684965732981325,0.92108700671562471
monthly_share,East_Mamprusi,EAST MAMPRUSI,GS,9,0,0.064684965732981325,0.92108700671562471
monthly_share,East_Mamprusi,EAST MAMPRUSI,GS,10,0.01705873956671464,0.064684965732981325,0.92108700671562471
monthly_share,East_Mamprusi,EAST MAMPRUSI,GS,11,0.19797810933674642,0.064684965732981325,0.92108700671562471
monthly_share,East_Mamprusi,EAST MAMPRUSI,GS,12,0.5081440890236163,0.064684965732981325,0.92108700671562471
monthly_share,Gushegu,GUSHEGU,GS,1,0.44448711316125938,0.6713676250528593,0.84640047558978093
monthly_share,Gushegu,GUSHEGU,GS,2,0.1739101850880975,0.6713676250528593,0.84640047558978093
monthly_share,Gushegu,GUSHEGU,GS,3,0.01834549653962822,0.6713676250528593,0.84640047558978093
monthly_share,Gushegu,GUSHEGU,GS,4,0.00010583911458726787,0.6713676250528593,0.84640047558978093
monthly_share,Gushegu,GUSHEGU,GS,5,0.00010584018015423696,0.6713676250528593,0.84640047558978093
monthly_share,Gushegu,GUSHEGU,GS,6,0,0.6713676250528593,0.84640047558978093
monthly_share,Gushegu,GUSHEGU,GS,7,0,0.6713676250528593,0.84640047558978093
monthly_share,Gushegu,GUSHEGU,GS,8,0,0.6713676250528593,0.84640047558978093
monthly_share,Gushegu,GUSHEGU,GS,9,0,0.6713676250528593,0.84640047558978093
monthly_share,Gushegu,GUSHEGU,GS,10,0.049947284108234132,0.6713676250528593,0.84640047558978093
monthly_share,Gushegu,GUSHEGU,GS,11,0.11329163633483995,0.6713676250528593,0.84640047558978093
monthly_share,Gushegu,GUSHEGU,GS,12,0.19980660547319931,0.6713676250528593,0.84640047558978093
monthly_share,Jirapa,JIRAPA,GS,1,0.0097330555116617763,11.281367442799445,0.95752770784211516
monthly_share,Jirapa,JIRAPA,GS,2,0.00071013863303340664,11.281367442799445,0.95752770784211516
monthly_share,Jirapa,JIRAPA,GS,3,0,11.281367442799445,0.95752770784211516
monthly_share,Jirapa,JIRAPA,GS,4,0,11.281367442799445,0.95752770784211516
monthly_share,Jirapa,JIRAPA,GS,5,0,11.281367442799445,0.95752770784211516
monthly_share,Jirapa,JIRAPA,GS,6,0,11.281367442799445,0.95752770784211516
monthly_share,Jirapa,JIRAPA,GS,7,0,11.281367442799445,0.95752770784211516
monthly_share,Jirapa,JIRAPA,GS,8,0,11.281367442799445,0.95752770784211516
monthly_share,Jirapa,JIRAPA,GS,9,0,11.281367442799445,0.95752770784211516
monthly_share,Jirapa,JIRAPA,GS,10,0.044989270600146444,11.281367442799445,0.95752770784211516
monthly_share,Jirapa,JIRAPA,GS,11,0.63674321163653846,11.281367442799445,0.95752770784211516
monthly_share,Jirapa,JIRAPA,GS,12,0.30782432361862,11.281367442799445,0.95752770784211516
monthly_share,Kadjebi,KADJEBI,GS,1,0.25711236067934429,1.2372749246161721,0.90020184310171447
monthly_share,Kadjebi,KADJEBI,GS,2,0.45988263459684842,1.2372749246161721,0.90020184310171447
monthly_share,Kadjebi,KADJEBI,GS,3,0.017505449544543947,1.2372749246161721,0.90020184310171447
monthly_share,Kadjebi,KADJEBI,GS,4,0,1.2372749246161721,0.90020184310171447
monthly_share,Kadjebi,KADJEBI,GS,5,0,1.2372749246161721,0.90020184310171447
monthly_share,Kadjebi,KADJEBI,GS,6,0,1.2372749246161721,0.90020184310171447
monthly_share,Kadjebi,KADJEBI,GS,7,0,1.2372749246161721,0.90020184310171447
monthly_share,Kadjebi,KADJEBI,GS,8,0,1.2372749246161721,0.90020184310171447
monthly_share,Kadjebi,KADJEBI,GS,9,0,1.2372749246161721,0.90020184310171447
monthly_share,Kadjebi,KADJEBI,GS,10,0,1.2372749246161721,0.90020184310171447
monthly_share,Kadjebi,KADJEBI,GS,11,0.0021881856384495064,1.2372749246161721,0.90020184310171447
monthly_share,Kadjebi,KADJEBI,GS,12,0.26331136954081391,1.2372749246161721,0.90020184310171447
monthly_share,Karaga,KARAGA,GS,1,0.44673694175691031,0.41603685308093752,0.91235091943663194
monthly_share,Karaga,KARAGA,GS,2,0.047271237218980473,0.41603685308093752,0.91235091943663194
monthly_share,Karaga,KARAGA,GS,3,0.00075229585313735801,0.41603685308093752,0.91235091943663194
monthly_share,Karaga,KARAGA,GS,4,3.8382400741954567e-05,0.41603685308093752,0.91235091943663194
monthly_share,Karaga,KARAGA,GS,5,0.00062947239136699085,0.41603685308093752,0.91235091943663194
monthly_share,Karaga,KARAGA,GS,6,1.5353130630810724e-05,0.41603685308093752,0.91235091943663194
monthly_share,Karaga,KARAGA,GS,7,0,0.41603685308093752,0.91235091943663194
monthly_share,Karaga,KARAGA,GS,8,0,0.41603685308093752,0.91235091943663194
monthly_share,Karaga,KARAGA,GS,9,7.6765630712152564e-06,0.41603685308093752,0.91235091943663194
monthly_share,Karaga,KARAGA,GS,10,0.020227394177997026,0.41603685308093752,0.91235091943663194
monthly_share,Karaga,KARAGA,GS,11,0.10141317088468783,0.41603685308093752,0.91235091943663194
monthly_share,Karaga,KARAGA,GS,12,0.38290807562247614,0.41603685308093752,0.91235091943663194
monthly_share,Kintampo_North_Municipal,KINTAMPO NORTH MUNICIPAL,GS,1,0.36446880428460249,0.32339564233007678,0.9416952381560505
monthly_share,Kintampo_North_Municipal,KINTAMPO NORTH MUNICIPAL,GS,2,0.01952854338999584,0.32339564233007678,0.9416952381560505
monthly_share,Kintampo_North_Municipal,KINTAMPO NORTH MUNICIPAL,GS,3,0.0017158509706048715,0.32339564233007678,0.9416952381560505
monthly_share,Kintampo_North_Municipal,KINTAMPO NORTH MUNICIPAL,GS,4,0,0.32339564233007678,0.9416952381560505
monthly_share,Kintampo_North_Municipal,KINTAMPO NORTH MUNICIPAL,GS,5,0,0.32339564233007678,0.9416952381560505
monthly_share,Kintampo_North_Municipal,KINTAMPO NORTH MUNICIPAL,GS,6,0,0.32339564233007678,0.9416952381560505
monthly_share,Kintampo_North_Municipal,KINTAMPO NORTH MUNICIPAL,GS,7,0,0.32339564233007678,0.9416952381560505
monthly_share,Kintampo_North_Municipal,KINTAMPO NORTH MUNICIPAL,GS,8,0,0.32339564233007678,0.9416952381560505
monthly_share,Kintampo_North_Municipal,KINTAMPO NORTH MUNICIPAL,GS,9,0,0.32339564233007678,0.9416952381560505
monthly_share,Kintampo_North_Municipal,KINTAMPO NORTH MUNICIPAL,GS,10,0.00061482001344275448,0.32339564233007678,0.9416952381560505
monthly_share,Kintampo_North_Municipal,KINTAMPO NORTH MUNICIPAL,GS,11,0.083268176414474787,0.32339564233007678,0.9416952381560505
monthly_share,Kintampo_North_Municipal,KINTAMPO NORTH MUNICIPAL,GS,12,0.53040380492687933,0.32339564233007678,0.9416952381560505
monthly_share,Kpandai,KPANDAI,GS,1,0.50185138314320898,0.57408248459020506,0.93597786551034912
monthly_share,Kpandai,KPANDAI,GS,2,0.058197431038253297,0.57408248459020506,0.93597786551034912
monthly_share,Kpandai,KPANDAI,GS,3,0.0013883988810725802,0.57408248459020506,0.93597786551034912
monthly_share,Kpandai,KPANDAI,GS,4,0,0.57408248459020506,0.93597786551034912
monthly_share,Kpandai,KPANDAI,GS,5,0,0.57408248459020506,0.93597786551034912
monthly_share,Kpandai,KPANDAI,GS,6,0,0.57408248459020506,0.93597786551034912
monthly_share,Kpandai,KPANDAI,GS,7,0,0.57408248459020506,0.93597786551034912
monthly_share,Kpandai,KPANDAI,GS,8,0,0.57408248459020506,0.93597786551034912
monthly_share,Kpandai,KPANDAI,GS,9,0,0.57408248459020506,0.93597786551034912
monthly_share,Kpandai,KPANDAI,GS,10,0.0052643983845633976,0.57408248459020506,0.93597786551034912
monthly_share,Kpandai,KPANDAI,GS,11,0.042057101433549307,0.57408248459020506,0.93597786551034912
monthly_share,Kpandai,KPANDAI,GS,12,0.39124128711935247,0.57408248459020506,0.93597786551034912
monthly_share,Krachi_East_Municipal,KRACHI EAST MUNICIPAL,GS,1,0.6866509734883719,1.0442557884029067,0.95551706074321641
monthly_share,Krachi_East_Municipal,KRACHI EAST MUNICIPAL,GS,2,0.1733134381259544,1.0442557884029067,0.95551706074321641
monthly_share,Krachi_East_Municipal,KRACHI EAST MUNICIPAL,GS,3,0.0047517452463634495,1.0442557884029067,0.95551706074321641
monthly_share,Krachi_East_Municipal,KRACHI EAST MUNICIPAL,GS,4,0,1.0442557884029067,0.95551706074321641
monthly_share,Krachi_East_Municipal,KRACHI EAST MUNICIPAL,GS,5,0,1.0442557884029067,0.95551706074321641
monthly_share,Krachi_East_Municipal,KRACHI EAST MUNICIPAL,GS,6,0,1.0442557884029067,0.95551706074321641
monthly_share,Krachi_East_Municipal,KRACHI EAST MUNICIPAL,GS,7,0,1.0442557884029067,0.95551706074321641
monthly_share,Krachi_East_Municipal,KRACHI EAST MUNICIPAL,GS,8,0,1.0442557884029067,0.95551706074321641
monthly_share,Krachi_East_Municipal,KRACHI EAST MUNICIPAL,GS,9,0,1.0442557884029067,0.95551706074321641
monthly_share,Krachi_East_Municipal,KRACHI EAST MUNICIPAL,GS,10,7.9197142907007999e-05,1.0442557884029067,0.95551706074321641
monthly_share,Krachi_East_Municipal,KRACHI EAST MUNICIPAL,GS,11,0.0025976525221092115,1.0442557884029067,0.95551706074321641
monthly_share,Krachi_East_Municipal,KRACHI EAST MUNICIPAL,GS,12,0.13260699347429417,1.0442557884029067,0.95551706074321641
monthly_share,Krachi_Nchumuru,KRACHI NCHUMURU,GS,1,0.66531593243427534,0.73316455298820671,0.959447094922947
monthly_share,Krachi_Nchumuru,KRACHI NCHUMURU,GS,2,0.035352452670546201,0.73316455298820671,0.959447094922947
monthly_share,Krachi_Nchumuru,KRACHI NCHUMURU,GS,3,0.0019400743888221379,0.73316455298820671,0.959447094922947
monthly_share,Krachi_Nchumuru,KRACHI NCHUMURU,GS,4,0,0.73316455298820671,0.959447094922947
monthly_share,Krachi_Nchumuru,KRACHI NCHUMURU,GS,5,0,0.73316455298820671,0.959447094922947
monthly_share,Krachi_Nchumuru,KRACHI NCHUMURU,GS,6,0,0.73316455298820671,0.959447094922947
monthly_share,Krachi_Nchumuru,KRACHI NCHUMURU,GS,7,0,0.73316455298820671,0.959447094922947
monthly_share,Krachi_Nchumuru,KRACHI NCHUMURU,GS,8,0,0.73316455298820671,0.959447094922947
monthly_share,Krachi_Nchumuru,KRACHI NCHUMURU,GS,9,0,0.73316455298820671,0.959447094922947
monthly_share,Krachi_Nchumuru,KRACHI NCHUMURU,GS,10,0.00021556464980179271,0.73316455298820671,0.959447094922947
monthly_share,Krachi_Nchumuru,KRACHI NCHUMURU,GS,11,0.01138177441878053,0.73316455298820671,0.959447094922947
monthly_share,Krachi_Nchumuru,KRACHI NCHUMURU,GS,12,0.28579420143777401,0.73316455298820671,0.959447094922947
monthly_share,Krachi_West,KRACHI WEST,GS,1,0.68274201255484657,0.70994134809169296,0.96415874290331749
monthly_share,Krachi_West,KRACHI WEST,GS,2,0.01698930876209722,0.70994134809169296,0.96415874290331749
monthly_share,Krachi_West,KRACHI WEST,GS,3,0.00010752608413221193,0.70994134809169296,0.96415874290331749
monthly_share,Krachi_West,KRACHI WEST,GS,4,0,0.70994134809169296,0.96415874290331749
monthly_share,Krachi_West,KRACHI WEST,GS,5,0,0.70994134809169296,0.96415874290331749
monthly_share,Krachi_West,KRACHI WEST,GS,6,0,0.70994134809169296,0.96415874290331749
monthly_share,Krachi_West,KRACHI WEST,GS,7,0,0.70994134809169296,0.96415874290331749
monthly_share,Krachi_West,KRACHI WEST,GS,8,0,0.70994134809169296,0.96415874290331749
monthly_share,Krachi_West,KRACHI WEST,GS,9,0,0.70994134809169296,0.96415874290331749
monthly_share,Krachi_West,KRACHI WEST,GS,10,5.3762794475646706e-05,0.70994134809169296,0.96415874290331749
monthly_share,Krachi_West,KRACHI WEST,GS,11,0.011881765260546063,0.70994134809169296,0.96415874290331749
monthly_share,Krachi_West,KRACHI WEST,GS,12,0.28822562454390233,0.70994134809169296,0.96415874290331749
monthly_share,Kumbungu,KUMBUNGU,GS,1,0.096750395239856721,11.814457160404974,0.93297962237888432
monthly_share,Kumbungu,KUMBUNGU,GS,2,0.016547218796281005,11.814457160404974,0.93297962237888432
monthly_share,Kumbungu,KUMBUNGU,GS,3,0.0018010678097108413,11.814457160404974,0.93297962237888432
monthly_share,Kumbungu,KUMBUNGU,GS,4,0.00018761036929064001,11.814457160404974,0.93297962237888432
monthly_share,Kumbungu,KUMBUNGU,GS,5,0,11.814457160404974,0.93297962237888432
monthly_share,Kumbungu,KUMBUNGU,GS,6,0,11.814457160404974,0.93297962237888432
monthly_share,Kumbungu,KUMBUNGU,GS,7,0,11.814457160404974,0.93297962237888432
monthly_share,Kumbungu,KUMBUNGU,GS,8,0,11.814457160404974,0.93297962237888432
monthly_share,Kumbungu,KUMBUNGU,GS,9,0,11.814457160404974,0.93297962237888432
monthly_share,Kumbungu,KUMBUNGU,GS,10,0.024351786083446188,11.814457160404974,0.93297962237888432
monthly_share,Kumbungu,KUMBUNGU,GS,11,0.26815250248765082,11.814457160404974,0.93297962237888432
monthly_share,Kumbungu,KUMBUNGU,GS,12,0.5922094192137638,11.814457160404974,0.93297962237888432
monthly_share,Mamprugu_Moagduri,MAMPRUGU MOAGDURI,GS,1,0.13456752891419435,11.722433147681144,0.90833398530816445
monthly_share,Mamprugu_Moagduri,MAMPRUGU MOAGDURI,GS,2,0.021245281577981556,11.722433147681144,0.90833398530816445
monthly_share,Mamprugu_Moagduri,MAMPRUGU MOAGDURI,GS,3,0.00093397936951838273,11.722433147681144,0.90833398530816445
monthly_share,Mamprugu_Moagduri,MAMPRUGU MOAGDURI,GS,4,0.00022544195796103097,11.722433147681144,0.90833398530816445
monthly_share,Mamprugu_Moagduri,MAMPRUGU MOAGDURI,GS,5,0.00010735347068404159,11.722433147681144,0.90833398530816445
monthly_share,Mamprugu_Moagduri,MAMPRUGU MOAGDURI,GS,6,0,11.722433147681144,0.90833398530816445
monthly_share,Mamprugu_Moagduri,MAMPRUGU MOAGDURI,GS,7,0,11.722433147681144,0.90833398530816445
monthly_share,Mamprugu_Moagduri,MAMPRUGU MOAGDURI,GS,8,0,11.722433147681144,0.90833398530816445
monthly_share,Mamprugu_Moagduri,MAMPRUGU MOAGDURI,GS,9,0.00050456805871608673,11.722433147681144,0.90833398530816445
monthly_share,Mamprugu_Moagduri,MAMPRUGU MOAGDURI,GS,10,0.045625573349451998,11.722433147681144,0.90833398530816445
monthly_share,Mamprugu_Moagduri,MAMPRUGU MOAGDURI,GS,11,0.35679082798251494,11.722433147681144,0.90833398530816445
monthly_share,Mamprugu_Moagduri,MAMPRUGU MOAGDURI,GS,12,0.4399994453189775,11.722433147681144,0.90833398530816445
monthly_share,Mion,MION,GS,1,0.32870167010816581,0.64766308322720434,0.84748558790547013
monthly_share,Mion,MION,GS,2,0.22465462950573276,0.64766308322720434,0.84748558790547013
monthly_share,Mion,MION,GS,3,0.015804033489177395,0.64766308322720434,0.84748558790547013
monthly_share,Mion,MION,GS,4,1.0202632331574541e-05,0.64766308322720434,0.84748558790547013
monthly_share,Mion,MION,GS,5,0,0.64766308322720434,0.84748558790547013
monthly_share,Mion,MION,GS,6,0,0.64766308322720434,0.84748558790547013
monthly_share,Mion,MION,GS,7,0,0.64766308322720434,0.84748558790547013
monthly_share,Mion,MION,GS,8,0,0.64766308322720434,0.84748558790547013
monthly_share,Mion,MION,GS,9,0,0.64766308322720434,0.84748558790547013
monthly_share,Mion,MION,GS,10,0.013916603758511503,0.64766308322720434,0.84748558790547013
monthly_share,Mion,MION,GS,11,0.16149881251814757,0.64766308322720434,0.84748558790547013
monthly_share,Mion,MION,GS,12,0.25541404798793332,0.64766308322720434,0.84748558790547013
monthly_share,Nadowli_Kaleo,NADOWLI-KALEO,GS,1,0.00054882829843462013,11.288717949293233,0.9688010343388066
monthly_share,Nadowli_Kaleo,NADOWLI-KALEO,GS,2,0.00016141936424095334,11.288717949293233,0.9688010343388066
monthly_share,Nadowli_Kaleo,NADOWLI-KALEO,GS,3,0,11.288717949293233,0.9688010343388066
monthly_share,Nadowli_Kaleo,NADOWLI-KALEO,GS,4,0,11.288717949293233,0.9688010343388066
monthly_share,Nadowli_Kaleo,NADOWLI-KALEO,GS,5,0,11.288717949293233,0.9688010343388066
monthly_share,Nadowli_Kaleo,NADOWLI-KALEO,GS,6,0,11.288717949293233,0.9688010343388066
monthly_share,Nadowli_Kaleo,NADOWLI-KALEO,GS,7,0,11.288717949293233,0.9688010343388066
monthly_share,Nadowli_Kaleo,NADOWLI-KALEO,GS,8,0,11.288717949293233,0.9688010343388066
monthly_share,Nadowli_Kaleo,NADOWLI-KALEO,GS,9,0,11.288717949293233,0.9688010343388066
monthly_share,Nadowli_Kaleo,NADOWLI-KALEO,GS,10,0.010782892110217763,11.288717949293233,0.9688010343388066
monthly_share,Nadowli_Kaleo,NADOWLI-KALEO,GS,11,0.68719990122492858,11.288717949293233,0.9688010343388066
monthly_share,Nadowli_Kaleo,NADOWLI-KALEO,GS,12,0.30130695900217819,11.288717949293233,0.9688010343388066
monthly_share,Nanton,NANTON,GS,1,0.5913229514477979,0.66699702496188706,0.94050515395110557
monthly_share,Nanton,NANTON,GS,2,0.056205836278017993,0.66699702496188706,0.94050515395110557
monthly_share,Nanton,NANTON,GS,3,0,0.66699702496188706,0.94050515395110557
monthly_share,Nanton,NANTON,GS,4,0,0.66699702496188706,0.94050515395110557
monthly_share,Nanton,NANTON,GS,5,0,0.66699702496188706,0.94050515395110557
monthly_share,Nanton,NANTON,GS,6,0,0.66699702496188706,0.94050515395110557
monthly_share,Nanton,NANTON,GS,7,0,0.66699702496188706,0.94050515395110557
monthly_share,Nanton,NANTON,GS,8,0,0.66699702496188706,0.94050515395110557
monthly_share,Nanton,NANTON,GS,9,0,0.66699702496188706,0.94050515395110557
monthly_share,Nanton,NANTON,GS,10,0.010869603591937027,0.66699702496188706,0.94050515395110557
monthly_share,Nanton,NANTON,GS,11,0.026198458371367434,0.66699702496188706,0.94050515395110557
monthly_share,Nanton,NANTON,GS,12,0.31540315031087973,0.66699702496188706,0.94050515395110557
monthly_share,Nanumba_North,NANUMBA NORTH,GS,1,0.32495848364246982,0.37343549581912328,0.9020874323236282
monthly_share,Nanumba_North,NANUMBA NORTH,GS,2,0.079013977909836178,0.37343549581912328,0.9020874323236282
monthly_share,Nanumba_North,NANUMBA NORTH,GS,3,0.012359250473151598,0.37343549581912328,0.9020874323236282
monthly_share,Nanumba_North,NANUMBA NORTH,GS,4,0.00018474229809631014,0.37343549581912328,0.9020874323236282
monthly_share,Nanumba_North,NANUMBA NORTH,GS,5,0,0.37343549581912328,0.9020874323236282
monthly_share,Nanumba_North,NANUMBA NORTH,GS,6,0,0.37343549581912328,0.9020874323236282
monthly_share,Nanumba_North,NANUMBA NORTH,GS,7,0,0.37343549581912328,0.9020874323236282
monthly_share,Nanumba_North,NANUMBA NORTH,GS,8,0,0.37343549581912328,0.9020874323236282
monthly_share,Nanumba_North,NANUMBA NORTH,GS,9,0,0.37343549581912328,0.9020874323236282
monthly_share,Nanumba_North,NANUMBA NORTH,GS,10,0.0043229460222971548,0.37343549581912328,0.9020874323236282
monthly_share,Nanumba_North,NANUMBA NORTH,GS,11,0.12883822471933609,0.37343549581912328,0.9020874323236282
monthly_share,Nanumba_North,NANUMBA NORTH,GS,12,0.45032237493481275,0.37343549581912328,0.9020874323236282
monthly_share,Nanumba_South,NANUMBA SOUTH,GS,1,0.5035864010132135,0.7572164196390414,0.91762553853292195
monthly_share,Nanumba_South,NANUMBA SOUTH,GS,2,0.13458219776020175,0.7572164196390414,0.91762553853292195
monthly_share,Nanumba_South,NANUMBA SOUTH,GS,3,0.010694868566012972,0.7572164196390414,0.91762553853292195
monthly_share,Nanumba_South,NANUMBA SOUTH,GS,4,0.0001921252551834823,0.7572164196390414,0.91762553853292195
monthly_share,Nanumba_South,NANUMBA SOUTH,GS,5,0,0.7572164196390414,0.91762553853292195
monthly_share,Nanumba_South,NANUMBA SOUTH,GS,6,0,0.7572164196390414,0.91762553853292195
monthly_share,Nanumba_South,NANUMBA SOUTH,GS,7,0,0.7572164196390414,0.91762553853292195
monthly_share,Nanumba_South,NANUMBA SOUTH,GS,8,0,0.7572164196390414,0.91762553853292195
monthly_share,Nanumba_South,NANUMBA SOUTH,GS,9,0,0.7572164196390414,0.91762553853292195
monthly_share,Nanumba_South,NANUMBA SOUTH,GS,10,0.0043227511169340533,0.7572164196390414,0.91762553853292195
monthly_share,Nanumba_South,NANUMBA SOUTH,GS,11,0.042203082480041981,0.7572164196390414,0.91762553853292195
monthly_share,Nanumba_South,NANUMBA SOUTH,GS,12,0.30441857380841247,0.7572164196390414,0.91762553853292195
monthly_share,Nkwanta_North,NKWANTA NORTH,GS,1,0.56664235552632014,0.70320486926476633,0.93852268716720133
monthly_share,Nkwanta_North,NKWANTA NORTH,GS,2,0.079631130531605893,0.70320486926476633,0.93852268716720133
monthly_share,Nkwanta_North,NKWANTA NORTH,GS,3,0.0024368142802090251,0.70320486926476633,0.93852268716720133
monthly_share,Nkwanta_North,NKWANTA NORTH,GS,4,0,0.70320486926476633,0.93852268716720133
monthly_share,Nkwanta_North,NKWANTA NORTH,GS,5,0,0.70320486926476633,0.93852268716720133
monthly_share,Nkwanta_North,NKWANTA NORTH,GS,6,0,0.70320486926476633,0.93852268716720133
monthly_share,Nkwanta_North,NKWANTA NORTH,GS,7,0,0.70320486926476633,0.93852268716720133
monthly_share,Nkwanta_North,NKWANTA NORTH,GS,8,0,0.70320486926476633,0.93852268716720133
monthly_share,Nkwanta_North,NKWANTA NORTH,GS,9,0,0.70320486926476633,0.93852268716720133
monthly_share,Nkwanta_North,NKWANTA NORTH,GS,10,0.0062660549551358039,0.70320486926476633,0.93852268716720133
monthly_share,Nkwanta_North,NKWANTA NORTH,GS,11,0.022975472363907942,0.70320486926476633,0.93852268716720133
monthly_share,Nkwanta_North,NKWANTA NORTH,GS,12,0.32204817234282129,0.70320486926476633,0.93852268716720133
monthly_share,Nkwanta_South_Municipal,NKWANTA SOUTH MUNICIPAL,GS,1,0.57271181452404218,0.85683061785531756,0.93787920093677724
monthly_share,Nkwanta_South_Municipal,NKWANTA SOUTH MUNICIPAL,GS,2,0.13670109503826169,0.85683061785531756,0.93787920093677724
monthly_share,Nkwanta_South_Municipal,NKWANTA SOUTH MUNICIPAL,GS,3,0.0080768856661613143,0.85683061785531756,0.93787920093677724
monthly_share,Nkwanta_South_Municipal,NKWANTA SOUTH MUNICIPAL,GS,4,0,0.85683061785531756,0.93787920093677724
monthly_share,Nkwanta_South_Municipal,NKWANTA SOUTH MUNICIPAL,GS,5,0,0.85683061785531756,0.93787920093677724
monthly_share,Nkwanta_South_Municipal,NKWANTA SOUTH MUNICIPAL,GS,6,0,0.85683061785531756,0.93787920093677724
monthly_share,Nkwanta_South_Municipal,NKWANTA SOUTH MUNICIPAL,GS,7,0,0.85683061785531756,0.93787920093677724
monthly_share,Nkwanta_South_Municipal,NKWANTA SOUTH MUNICIPAL,GS,8,0,0.85683061785531756,0.93787920093677724
monthly_share,Nkwanta_South_Municipal,NKWANTA SOUTH MUNICIPAL,GS,9,0,0.85683061785531756,0.93787920093677724
monthly_share,Nkwanta_South_Municipal,NKWANTA SOUTH MUNICIPAL,GS,10,0.00060576921390513463,0.85683061785531756,0.93787920093677724
monthly_share,Nkwanta_South_Municipal,NKWANTA SOUTH MUNICIPAL,GS,11,0.011004841537230074,0.85683061785531756,0.93787920093677724
monthly_share,Nkwanta_South_Municipal,NKWANTA SOUTH MUNICIPAL,GS,12,0.27089959402039965,0.85683061785531756,0.93787920093677724
monthly_share,North_East_Gonja,NORTH EAST GONJA,GS,1,0.25125134843721786,0.26933157029418808,0.93137550421049153
monthly_share,North_East_Gonja,NORTH EAST GONJA,GS,2,0.049026008752573756,0.26933157029418808,0.93137550421049153
monthly_share,North_East_Gonja,NORTH EAST GONJA,GS,3,0.0074032883055571057,0.26933157029418808,0.93137550421049153
monthly_share,North_East_Gonja,NORTH EAST GONJA,GS,4,4.6401251296162771e-05,0.26933157029418808,0.93137550421049153
monthly_share,North_East_Gonja,NORTH EAST GONJA,GS,5,0,0.26933157029418808,0.93137550421049153
monthly_share,North_East_Gonja,NORTH EAST GONJA,GS,6,0,0.26933157029418808,0.93137550421049153
monthly_share,North_East_Gonja,NORTH EAST GONJA,GS,7,0,0.26933157029418808,0.93137550421049153
monthly_share,North_East_Gonja,NORTH EAST GONJA,GS,8,0,0.26933157029418808,0.93137550421049153
monthly_share,North_East_Gonja,NORTH EAST GONJA,GS,9,0,0.26933157029418808,0.93137550421049153
monthly_share,North_East_Gonja,NORTH EAST GONJA,GS,10,0.00099973248940105628,0.26933157029418808,0.93137550421049153
monthly_share,North_East_Gonja,NORTH EAST GONJA,GS,11,0.087503787458910631,0.26933157029418808,0.93137550421049153
monthly_share,North_East_Gonja,NORTH EAST GONJA,GS,12,0.6037694333050434,0.26933157029418808,0.93137550421049153
monthly_share,North_Gonja,NORTH GONJA,GS,1,0.14590827524617456,0.10927675585095997,0.95255726618526249
monthly_share,North_Gonja,NORTH GONJA,GS,2,0.027670723983561046,0.10927675585095997,0.95255726618526249
monthly_share,North_Gonja,NORTH GONJA,GS,3,0.0029889130252702084,0.10927675585095997,0.95255726618526249
monthly_share,North_Gonja,NORTH GONJA,GS,4,3.5668311545170628e-06,0.10927675585095997,0.95255726618526249
monthly_share,North_Gonja,NORTH GONJA,GS,5,0,0.10927675585095997,0.95255726618526249
monthly_share,North_Gonja,NORTH GONJA,GS,6,0,0.10927675585095997,0.95255726618526249
monthly_share,North_Gonja,NORTH GONJA,GS,7,0,0.10927675585095997,0.95255726618526249
monthly_share,North_Gonja,NORTH GONJA,GS,8,0,0.10927675585095997,0.95255726618526249
monthly_share,North_Gonja,NORTH GONJA,GS,9,0,0.10927675585095997,0.95255726618526249
monthly_share,North_Gonja,NORTH GONJA,GS,10,0.0016763404429804376,0.10927675585095997,0.95255726618526249
monthly_share,North_Gonja,NORTH GONJA,GS,11,0.087970066832625815,0.10927675585095997,0.95255726618526249
monthly_share,North_Gonja,NORTH GONJA,GS,12,0.73378211363823342,0.10927675585095997,0.95255726618526249
monthly_share,Pru_East,PRU EAST,GS,1,0.24505717957555434,0.13611884681741593,0.94511465483862112
monthly_share,Pru_East,PRU EAST,GS,2,0.01151535329680038,0.13611884681741593,0.94511465483862112
monthly_share,Pru_East,PRU EAST,GS,3,0.00061143339199870833,0.13611884681741593,0.94511465483862112
monthly_share,Pru_East,PRU EAST,GS,4,0,0.13611884681741593,0.94511465483862112
monthly_share,Pru_East,PRU EAST,GS,5,0,0.13611884681741593,0.94511465483862112
monthly_share,Pru_East,PRU EAST,GS,6,0,0.13611884681741593,0.94511465483862112
monthly_share,Pru_East,PRU EAST,GS,7,0,0.13611884681741593,0.94511465483862112
monthly_share,Pru_East,PRU EAST,GS,8,0,0.13611884681741593,0.94511465483862112
monthly_share,Pru_East,PRU EAST,GS,9,0,0.13611884681741593,0.94511465483862112
monthly_share,Pru_East,PRU EAST,GS,10,0.0016814509874957858,0.13611884681741593,0.94511465483862112
monthly_share,Pru_East,PRU EAST,GS,11,0.12870710714466596,0.13611884681741593,0.94511465483862112
monthly_share,Pru_East,PRU EAST,GS,12,0.61242747560348476,0.13611884681741593,0.94511465483862112
monthly_share,Saboba,SABOBA,GS,1,0.27902207346105012,0.87271459600347256,0.78289964028994352
monthly_share,Saboba,SABOBA,GS,2,0.24090882099085167,0.87271459600347256,0.78289964028994352
monthly_share,Saboba,SABOBA,GS,3,0.093311703313707084,0.87271459600347256,0.78289964028994352
monthly_share,Saboba,SABOBA,GS,4,0.0069543033538513755,0.87271459600347256,0.78289964028994352
monthly_share,Saboba,SABOBA,GS,5,0,0.87271459600347256,0.78289964028994352
monthly_share,Saboba,SABOBA,GS,6,0,0.87271459600347256,0.78289964028994352
monthly_share,Saboba,SABOBA,GS,7,0,0.87271459600347256,0.78289964028994352
monthly_share,Saboba,SABOBA,GS,8,0,0.87271459600347256,0.78289964028994352
monthly_share,Saboba,SABOBA,GS,9,0,0.87271459600347256,0.78289964028994352
monthly_share,Saboba,SABOBA,GS,10,0.031725386868845483,0.87271459600347256,0.78289964028994352
monthly_share,Saboba,SABOBA,GS,11,0.14915266662086432,0.87271459600347256,0.78289964028994352
monthly_share,Saboba,SABOBA,GS,12,0.19892504539082978,0.87271459600347256,0.78289964028994352
monthly_share,Sagnerigu,SAGNERIGU,GS,1,0.194968413158978,0.15350228754122064,0.96680746583849742
monthly_share,Sagnerigu,SAGNERIGU,GS,2,0.00044923379438247733,0.15350228754122064,0.96680746583849742
monthly_share,Sagnerigu,SAGNERIGU,GS,3,0.00044923379438247733,0.15350228754122064,0.96680746583849742
monthly_share,Sagnerigu,SAGNERIGU,GS,4,0,0.15350228754122064,0.96680746583849742
monthly_share,Sagnerigu,SAGNERIGU,GS,5,0,0.15350228754122064,0.96680746583849742
monthly_share,Sagnerigu,SAGNERIGU,GS,6,0,0.15350228754122064,0.96680746583849742
monthly_share,Sagnerigu,SAGNERIGU,GS,7,0,0.15350228754122064,0.96680746583849742
monthly_share,Sagnerigu,SAGNERIGU,GS,8,0,0.15350228754122064,0.96680746583849742
monthly_share,Sagnerigu,SAGNERIGU,GS,9,0,0.15350228754122064,0.96680746583849742
monthly_share,Sagnerigu,SAGNERIGU,GS,10,0.014824836933166507,0.15350228754122064,0.96680746583849742
monthly_share,Sagnerigu,SAGNERIGU,GS,11,0.015723264003807847,0.15350228754122064,0.96680746583849742
monthly_share,Sagnerigu,SAGNERIGU,GS,12,0.77358501831528259,0.15350228754122064,0.96680746583849742
monthly_share,Savelugu,SAVELUGU,GS,1,0.34468633102961266,0.26856814585631561,0.91367497656690799
monthly_share,Savelugu,SAVELUGU,GS,2,0.042115308830007636,0.26856814585631561,0.91367497656690799
monthly_share,Savelugu,SAVELUGU,GS,3,0.00086469357107720271,0.26856814585631561,0.91367497656690799
monthly_share,Savelugu,SAVELUGU,GS,4,0,0.26856814585631561,0.91367497656690799
monthly_share,Savelugu,SAVELUGU,GS,5,0.00023736658774614917,0.26856814585631561,0.91367497656690799
monthly_share,Savelugu,SAVELUGU,GS,6,0,0.26856814585631561,0.91367497656690799
monthly_share,Savelugu,SAVELUGU,GS,7,0,0.26856814585631561,0.91367497656690799
monthly_share,Savelugu,SAVELUGU,GS,8,0,0.26856814585631561,0.91367497656690799
monthly_share,Savelugu,SAVELUGU,GS,9,0,0.26856814585631561,0.91367497656690799
monthly_share,Savelugu,SAVELUGU,GS,10,0.018276993030051956,0.26856814585631561,0.91367497656690799
monthly_share,Savelugu,SAVELUGU,GS,11,0.13182279946853415,0.26856814585631561,0.91367497656690799
monthly_share,Savelugu,SAVELUGU,GS,12,0.46199650748297016,0.26856814585631561,0.91367497656690799
monthly_share,Sawla_Tuna_Kalba,SAWLA-TUNA-KALBA,GS,1,0.054508971774060111,11.888454200554655,0.96759529406696076
monthly_share,Sawla_Tuna_Kalba,SAWLA-TUNA-KALBA,GS,2,0.0043319175524630989,11.888454200554655,0.96759529406696076
monthly_share,Sawla_Tuna_Kalba,SAWLA-TUNA-KALBA,GS,3,0.0007511390661246606,11.888454200554655,0.96759529406696076
monthly_share,Sawla_Tuna_Kalba,SAWLA-TUNA-KALBA,GS,4,2.0579092805416808e-05,11.888454200554655,0.96759529406696076
monthly_share,Sawla_Tuna_Kalba,SAWLA-TUNA-KALBA,GS,5,0,11.888454200554655,0.96759529406696076
monthly_share,Sawla_Tuna_Kalba,SAWLA-TUNA-KALBA,GS,6,0,11.888454200554655,0.96759529406696076
monthly_share,Sawla_Tuna_Kalba,SAWLA-TUNA-KALBA,GS,7,0,11.888454200554655,0.96759529406696076
monthly_share,Sawla_Tuna_Kalba,SAWLA-TUNA-KALBA,GS,8,0,11.888454200554655,0.96759529406696076
monthly_share,Sawla_Tuna_Kalba,SAWLA-TUNA-KALBA,GS,9,0,11.888454200554655,0.96759529406696076
monthly_share,Sawla_Tuna_Kalba,SAWLA-TUNA-KALBA,GS,10,0.0005813662728725099,11.888454200554655,0.96759529406696076
monthly_share,Sawla_Tuna_Kalba,SAWLA-TUNA-KALBA,GS,11,0.17550407066238471,11.888454200554655,0.96759529406696076
monthly_share,Sawla_Tuna_Kalba,SAWLA-TUNA-KALBA,GS,12,0.76430195557928948,11.888454200554655,0.96759529406696076
monthly_share,Sene_East,SENE EAST,GS,1,0.60138365823830808,0.76479267461820477,0.94805361553091083
monthly_share,Sene_East,SENE EAST,GS,2,0.086198934888877296,0.76479267461820477,0.94805361553091083
monthly_share,Sene_East,SENE EAST,GS,3,0.0012217284003595964,0.76479267461820477,0.94805361553091083
monthly_share,Sene_East,SENE EAST,GS,4,5.9933989281880966e-05,0.76479267461820477,0.94805361553091083
monthly_share,Sene_East,SENE EAST,GS,5,3.2272246275993622e-05,0.76479267461820477,0.94805361553091083
monthly_share,Sene_East,SENE EAST,GS,6,0,0.76479267461820477,0.94805361553091083
monthly_share,Sene_East,SENE EAST,GS,7,0,0.76479267461820477,0.94805361553091083
monthly_share,Sene_East,SENE EAST,GS,8,0,0.76479267461820477,0.94805361553091083
monthly_share,Sene_East,SENE EAST,GS,9,0,0.76479267461820477,0.94805361553091083
monthly_share,Sene_East,SENE EAST,GS,10,6.4545424736886747e-05,0.76479267461820477,0.94805361553091083
monthly_share,Sene_East,SENE EAST,GS,11,0.013997170725674879,0.76479267461820477,0.94805361553091083
monthly_share,Sene_East,SENE EAST,GS,12,0.29704175608648548,0.76479267461820477,0.94805361553091083
monthly_share,Sene_West,SENE WEST,GS,1,0.56271152274902303,0.63714831178103992,0.95011049042365958
monthly_share,Sene_West,SENE WEST,GS,2,0.03956331039019674,0.63714831178103992,0.95011049042365958
monthly_share,Sene_West,SENE WEST,GS,3,0.0012575135547780185,0.63714831178103992,0.95011049042365958
monthly_share,Sene_West,SENE WEST,GS,4,0.0024790593547368471,0.63714831178103992,0.95011049042365958
monthly_share,Sene_West,SENE WEST,GS,5,0,0.63714831178103992,0.95011049042365958
monthly_share,Sene_West,SENE WEST,GS,6,0,0.63714831178103992,0.95011049042365958
monthly_share,Sene_West,SENE WEST,GS,7,0,0.63714831178103992,0.95011049042365958
monthly_share,Sene_West,SENE WEST,GS,8,0,0.63714831178103992,0.95011049042365958
monthly_share,Sene_West,SENE WEST,GS,9,0,0.63714831178103992,0.95011049042365958
monthly_share,Sene_West,SENE WEST,GS,10,2.9941243918108388e-05,0.63714831178103992,0.95011049042365958
monthly_share,Sene_West,SENE WEST,GS,11,0.015755080242080579,0.63714831178103992,0.95011049042365958
monthly_share,Sene_West,SENE WEST,GS,12,0.37820357246526681,0.63714831178103992,0.95011049042365958
monthly_share,Tamale_Metropolitan,TAMALE METROPOLITAN,GS,1,0.52541093915410098,0.62016732128048169,0.94539167249608558
monthly_share,Tamale_Metropolitan,TAMALE METROPOLITAN,GS,2,0.057974576963317495,0.62016732128048169,0.94539167249608558
monthly_share,Tamale_Metropolitan,TAMALE METROPOLITAN,GS,3,0.0010038839894953499,0.62016732128048169,0.94539167249608558
monthly_share,Tamale_Metropolitan,TAMALE METROPOLITAN,GS,4,0,0.62016732128048169,0.94539167249608558
monthly_share,Tamale_Metropolitan,TAMALE METROPOLITAN,GS,5,0,0.62016732128048169,0.94539167249608558
monthly_share,Tamale_Metropolitan,TAMALE METROPOLITAN,GS,6,0,0.62016732128048169,0.94539167249608558
monthly_share,Tamale_Metropolitan,TAMALE METROPOLITAN,GS,7,0,0.62016732128048169,0.94539167249608558
monthly_share,Tamale_Metropolitan,TAMALE METROPOLITAN,GS,8,0,0.62016732128048169,0.94539167249608558
monthly_share,Tamale_Metropolitan,TAMALE METROPOLITAN,GS,9,0,0.62016732128048169,0.94539167249608558
monthly_share,Tamale_Metropolitan,TAMALE METROPOLITAN,GS,10,0.0012548664417965357,0.62016732128048169,0.94539167249608558
monthly_share,Tamale_Metropolitan,TAMALE METROPOLITAN,GS,11,0.022420182226590549,0.62016732128048169,0.94539167249608558
monthly_share,Tamale_Metropolitan,TAMALE METROPOLITAN,GS,12,0.39193555122469914,0.62016732128048169,0.94539167249608558
monthly_share,Tatale_Sanguli,TATALE SANGULI,GS,1,0.32550779686021547,0.4551535595797116,0.89531961034740493
monthly_share,Tatale_Sanguli,TATALE SANGULI,GS,2,0.097674927646021606,0.4551535595797116,0.89531961034740493
monthly_share,Tatale_Sanguli,TATALE SANGULI,GS,3,0.019317463655632739,0.4551535595797116,0.89531961034740493
monthly_share,Tatale_Sanguli,TATALE SANGULI,GS,4,0.0014596731555223295,0.4551535595797116,0.89531961034740493
monthly_share,Tatale_Sanguli,TATALE SANGULI,GS,5,0,0.4551535595797116,0.89531961034740493
monthly_share,Tatale_Sanguli,TATALE SANGULI,GS,6,0,0.4551535595797116,0.89531961034740493
monthly_share,Tatale_Sanguli,TATALE SANGULI,GS,7,0,0.4551535595797116,0.89531961034740493
monthly_share,Tatale_Sanguli,TATALE SANGULI,GS,8,0,0.4551535595797116,0.89531961034740493
monthly_share,Tatale_Sanguli,TATALE SANGULI,GS,9,0,0.4551535595797116,0.89531961034740493
monthly_share,Tatale_Sanguli,TATALE SANGULI,GS,10,0.003261003073229411,0.4551535595797116,0.89531961034740493
monthly_share,Tatale_Sanguli,TATALE SANGULI,GS,11,0.10748741789899167,0.4551535595797116,0.89531961034740493
monthly_share,Tatale_Sanguli,TATALE SANGULI,GS,12,0.44529171771038667,0.4551535595797116,0.89531961034740493
monthly_share,Tolon,TOLON,GS,1,0.28968405745398013,0.30048708897725973,0.91783768575494329
monthly_share,Tolon,TOLON,GS,2,0.058719281437002356,0.30048708897725973,0.91783768575494329
monthly_share,Tolon,TOLON,GS,3,0.0052214728144592869,0.30048708897725973,0.91783768575494329
monthly_share,Tolon,TOLON,GS,4,0,0.30048708897725973,0.91783768575494329
monthly_share,Tolon,TOLON,GS,5,0,0.30048708897725973,0.91783768575494329
monthly_share,Tolon,TOLON,GS,6,0,0.30048708897725973,0.91783768575494329
monthly_share,Tolon,TOLON,GS,7,0,0.30048708897725973,0.91783768575494329
monthly_share,Tolon,TOLON,GS,8,0,0.30048708897725973,0.91783768575494329
monthly_share,Tolon,TOLON,GS,9,0,0.30048708897725973,0.91783768575494329
monthly_share,Tolon,TOLON,GS,10,0.017939523675598583,0.30048708897725973,0.91783768575494329
monthly_share,Tolon,TOLON,GS,11,0.083134324836171003,0.30048708897725973,0.91783768575494329
monthly_share,Tolon,TOLON,GS,12,0.54530133978278861,0.30048708897725973,0.91783768575494329
monthly_share,Wa_East,WA EAST,GS,1,0.039543770779979552,11.744295334243189,0.96164037223591992
monthly_share,Wa_East,WA EAST,GS,2,0.0014631506536667883,11.744295334243189,0.96164037223591992
monthly_share,Wa_East,WA EAST,GS,3,0.00028711178988949257,11.744295334243189,0.96164037223591992
monthly_share,Wa_East,WA EAST,GS,4,0,11.744295334243189,0.96164037223591992
monthly_share,Wa_East,WA EAST,GS,5,5.5213417810027162e-06,11.744295334243189,0.96164037223591992
monthly_share,Wa_East,WA EAST,GS,6,0,11.744295334243189,0.96164037223591992
monthly_share,Wa_East,WA EAST,GS,7,0,11.744295334243189,0.96164037223591992
monthly_share,Wa_East,WA EAST,GS,8,0,11.744295334243189,0.96164037223591992
monthly_share,Wa_East,WA EAST,GS,9,0,11.744295334243189,0.96164037223591992
monthly_share,Wa_East,WA EAST,GS,10,0.0019711226795229263,11.744295334243189,0.96164037223591992
monthly_share,Wa_East,WA EAST,GS,11,0.29597667394527111,11.744295334243189,0.96164037223591992
monthly_share,Wa_East,WA EAST,GS,12,0.66075264880988915,11.744295334243189,0.96164037223591992
monthly_share,Wa_Municipal,WA MUNICIPAL,GS,1,0.0077682750851868661,11.826872219843811,0.9760285583931354
monthly_share,Wa_Municipal,WA MUNICIPAL,GS,2,0,11.826872219843811,0.9760285583931354
monthly_share,Wa_Municipal,WA MUNICIPAL,GS,3,0,11.826872219843811,0.9760285583931354
monthly_share,Wa_Municipal,WA MUNICIPAL,GS,4,0,11.826872219843811,0.9760285583931354
monthly_share,Wa_Municipal,WA MUNICIPAL,GS,5,0,11.826872219843811,0.9760285583931354
monthly_share,Wa_Municipal,WA MUNICIPAL,GS,6,0,11.826872219843811,0.9760285583931354
monthly_share,Wa_Municipal,WA MUNICIPAL,GS,7,0,11.826872219843811,0.9760285583931354
monthly_share,Wa_Municipal,WA MUNICIPAL,GS,8,0,11.826872219843811,0.9760285583931354
monthly_share,Wa_Municipal,WA MUNICIPAL,GS,9,0,11.826872219843811,0.9760285583931354
monthly_share,Wa_Municipal,WA MUNICIPAL,GS,10,0.0082949220360467972,11.826872219843811,0.9760285583931354
monthly_share,Wa_Municipal,WA MUNICIPAL,GS,11,0.17011179068767349,11.826872219843811,0.9760285583931354
monthly_share,Wa_Municipal,WA MUNICIPAL,GS,12,0.81382501219109293,11.826872219843811,0.9760285583931354
monthly_share,Wa_West,WA WEST,GS,1,0.0012541808320150314,11.481003274595581,0.96038624553088758
monthly_share,Wa_West,WA WEST,GS,2,0.00011066267163295252,11.481003274595581,0.96038624553088758
monthly_share,Wa_West,WA WEST,GS,3,0,11.481003274595581,0.96038624553088758
monthly_share,Wa_West,WA WEST,GS,4,0,11.481003274595581,0.96038624553088758
monthly_share,Wa_West,WA WEST,GS,5,0,11.481003274595581,0.96038624553088758
monthly_share,Wa_West,WA WEST,GS,6,0,11.481003274595581,0.96038624553088758
monthly_share,Wa_West,WA WEST,GS,7,0,11.481003274595581,0.96038624553088758
monthly_share,Wa_West,WA WEST,GS,8,0,11.481003274595581,0.96038624553088758
monthly_share,Wa_West,WA WEST,GS,9,0,11.481003274595581,0.96038624553088758
monthly_share,Wa_West,WA WEST,GS,10,0.020030336572428378,11.481003274595581,0.96038624553088758
monthly_share,Wa_West,WA WEST,GS,11,0.4823141778918979,11.481003274595581,0.96038624553088758
monthly_share,Wa_West,WA WEST,GS,12,0.49629064203202577,11.481003274595581,0.96038624553088758
monthly_share,West_Gonja,WEST GONJA,GS,1,0.10659408051098025,0.035185445210965227,0.96898404115467196
monthly_share,West_Gonja,WEST GONJA,GS,2,0.0086064800262247235,0.035185445210965227,0.96898404115467196
monthly_share,West_Gonja,WEST GONJA,GS,3,0.00051674015641123457,0.035185445210965227,0.96898404115467196
monthly_share,West_Gonja,WEST GONJA,GS,4,5.586436999245267e-05,0.035185445210965227,0.96898404115467196
monthly_share,West_Gonja,WEST GONJA,GS,5,1.0474587317004878e-05,0.035185445210965227,0.96898404115467196
monthly_share,West_Gonja,WEST GONJA,GS,6,0,0.035185445210965227,0.96898404115467196
monthly_share,West_Gonja,WEST GONJA,GS,7,0,0.035185445210965227,0.96898404115467196
monthly_share,West_Gonja,WEST GONJA,GS,8,0,0.035185445210965227,0.96898404115467196
monthly_share,West_Gonja,WEST GONJA,GS,9,0,0.035185445210965227,0.96898404115467196
monthly_share,West_Gonja,WEST GONJA,GS,10,0.0012254981012950257,0.035185445210965227,0.96898404115467196
monthly_share,West_Gonja,WEST GONJA,GS,11,0.084817756110270578,0.035185445210965227,0.96898404115467196
monthly_share,West_Gonja,WEST GONJA,GS,12,0.79817310613750869,0.035185445210965227,0.96898404115467196
monthly_share,West_Mamprusi_Municipal,WEST MAMPRUSI MUNICIPAL,GS,1,0.12646280381073172,11.819169693868337,0.92669516758524972
monthly_share,West_Mamprusi_Municipal,WEST MAMPRUSI MUNICIPAL,GS,2,0.016511183498891815,11.819169693868337,0.92669516758524972
monthly_share,West_Mamprusi_Municipal,WEST MAMPRUSI MUNICIPAL,GS,3,0.0004997313698562344,11.819169693868337,0.92669516758524972
monthly_share,West_Mamprusi_Municipal,WEST MAMPRUSI MUNICIPAL,GS,4,0,11.819169693868337,0.92669516758524972
monthly_share,West_Mamprusi_Municipal,WEST MAMPRUSI MUNICIPAL,GS,5,0,11.819169693868337,0.92669516758524972
monthly_share,West_Mamprusi_Municipal,WEST MAMPRUSI MUNICIPAL,GS,6,0.00014991893980553331,11.819169693868337,0.92669516758524972
monthly_share,West_Mamprusi_Municipal,WEST MAMPRUSI MUNICIPAL,GS,7,0,11.819169693868337,0.92669516758524972
monthly_share,West_Mamprusi_Municipal,WEST MAMPRUSI MUNICIPAL,GS,8,0,11.819169693868337,0.92669516758524972
monthly_share,West_Mamprusi_Municipal,WEST MAMPRUSI MUNICIPAL,GS,9,0.00012993189876514758,11.819169693868337,0.92669516758524972
monthly_share,West_Mamprusi_Municipal,WEST MAMPRUSI MUNICIPAL,GS,10,0.026046267508026189,11.819169693868337,0.92669516758524972
monthly_share,West_Mamprusi_Municipal,WEST MAMPRUSI MUNICIPAL,GS,11,0.28590875507032815,11.819169693868337,0.92669516758524972
monthly_share,West_Mamprusi_Municipal,WEST MAMPRUSI MUNICIPAL,GS,12,0.5442914079035952,11.819169693868337,0.92669516758524972
monthly_share,Yendi_Municipal,YENDI MUNICIPAL,GS,1,0.33776141220664008,0.45075637217112785,0.86417857509227536
monthly_share,Yendi_Municipal,YENDI MUNICIPAL,GS,2,0.13413453946548359,0.45075637217112785,0.86417857509227536
monthly_share,Yendi_Municipal,YENDI MUNICIPAL,GS,3,0.0157176695615663,0.45075637217112785,0.86417857509227536
monthly_share,Yendi_Municipal,YENDI MUNICIPAL,GS,4,0.00028175307270718016,0.45075637217112785,0.86417857509227536
monthly_share,Yendi_Municipal,YENDI MUNICIPAL,GS,5,0,0.45075637217112785,0.86417857509227536
monthly_share,Yendi_Municipal,YENDI MUNICIPAL,GS,6,0,0.45075637217112785,0.86417857509227536
monthly_share,Yendi_Municipal,YENDI MUNICIPAL,GS,7,0,0.45075637217112785,0.86417857509227536
monthly_share,Yendi_Municipal,YENDI MUNICIPAL,GS,8,0,0.45075637217112785,0.86417857509227536
monthly_share,Yendi_Municipal,YENDI MUNICIPAL,GS,9,0,0.45075637217112785,0.86417857509227536
monthly_share,Yendi_Municipal,YENDI MUNICIPAL,GS,10,0.017951635548235645,0.45075637217112785,0.86417857509227536
monthly_share,Yendi_Municipal,YENDI MUNICIPAL,GS,11,0.16677694405861834,0.45075637217112785,0.86417857509227536
monthly_share,Yendi_Municipal,YENDI MUNICIPAL,GS,12,0.32737604608674886,0.45075637217112785,0.86417857509227536
monthly_share,Yunyoo_Nasuan,YUNYOO-NASUAN,GS,1,0.30373036527613584,0.35816337821938582,0.92900447582840617
monthly_share,Yunyoo_Nasuan,YUNYOO-NASUAN,GS,2,0.063312417835029708,0.35816337821938582,0.92900447582840617
monthly_share,Yunyoo_Nasuan,YUNYOO-NASUAN,GS,3,0.0039004962762544545,0.35816337821938582,0.92900447582840617
monthly_share,Yunyoo_Nasuan,YUNYOO-NASUAN,GS,4,0,0.35816337821938582,0.92900447582840617
monthly_share,Yunyoo_Nasuan,YUNYOO-NASUAN,GS,5,0,0.35816337821938582,0.92900447582840617
monthly_share,Yunyoo_Nasuan,YUNYOO-NASUAN,GS,6,0,0.35816337821938582,0.92900447582840617
monthly_share,Yunyoo_Nasuan,YUNYOO-NASUAN,GS,7,0,0.35816337821938582,0.92900447582840617
monthly_share,Yunyoo_Nasuan,YUNYOO-NASUAN,GS,8,0,0.35816337821938582,0.92900447582840617
monthly_share,Yunyoo_Nasuan,YUNYOO-NASUAN,GS,9,0,0.35816337821938582,0.92900447582840617
monthly_share,Yunyoo_Nasuan,YUNYOO-NASUAN,GS,10,0.0037874422310243223,0.35816337821938582,0.92900447582840617
monthly_share,Yunyoo_Nasuan,YUNYOO-NASUAN,GS,11,0.06823075203182484,0.35816337821938582,0.92900447582840617
monthly_share,Yunyoo_Nasuan,YUNYOO-NASUAN,GS,12,0.55703852634973083,0.35816337821938582,0.92900447582840617
monthly_share,Zabzugu,ZABZUGU,GS,1,0.44638738687482782,0.48053740065944694,0.9164216281799592
monthly_share,Zabzugu,ZABZUGU,GS,2,0.063542399515202394,0.48053740065944694,0.9164216281799592
monthly_share,Zabzugu,ZABZUGU,GS,3,0.0052003929070433995,0.48053740065944694,0.9164216281799592
monthly_share,Zabzugu,ZABZUGU,GS,4,9.7507409427675492e-05,0.48053740065944694,0.9164216281799592
monthly_share,Zabzugu,ZABZUGU,GS,5,0,0.48053740065944694,0.9164216281799592
monthly_share,Zabzugu,ZABZUGU,GS,6,0,0.48053740065944694,0.9164216281799592
monthly_share,Zabzugu,ZABZUGU,GS,7,0,0.48053740065944694,0.9164216281799592
monthly_share,Zabzugu,ZABZUGU,GS,8,0,0.48053740065944694,0.9164216281799592
monthly_share,Zabzugu,ZABZUGU,GS,9,0,0.48053740065944694,0.9164216281799592
monthly_share,Zabzugu,ZABZUGU,GS,10,0.0025352037490153629,0.48053740065944694,0.9164216281799592
monthly_share,Zabzugu,ZABZUGU,GS,11,0.10631553150254942,0.48053740065944694,0.9164216281799592
monthly_share,Zabzugu,ZABZUGU,GS,12,0.37592157804193382,0.48053740065944694,0.9164216281799592
monthly_share,Bawku_Municipal,BAWKU MUNICIPAL,SS,1,0.19061827030767087,0.36540725625817672,0.74852489203056172
monthly_share,Bawku_Municipal,BAWKU MUNICIPAL,SS,2,0.113772266148194,0.36540725625817672,0.74852489203056172
monthly_share,Bawku_Municipal,BAWKU MUNICIPAL,SS,3,0.038922084724582424,0.36540725625817672,0.74852489203056172
monthly_share,Bawku_Municipal,BAWKU MUNICIPAL,SS,4,0.066866138670455155,0.36540725625817672,0.74852489203056172
monthly_share,Bawku_Municipal,BAWKU MUNICIPAL,SS,5,0,0.36540725625817672,0.74852489203056172
monthly_share,Bawku_Municipal,BAWKU MUNICIPAL,SS,6,0,0.36540725625817672,0.74852489203056172
monthly_share,Bawku_Municipal,BAWKU MUNICIPAL,SS,7,0,0.36540725625817672,0.74852489203056172
monthly_share,Bawku_Municipal,BAWKU MUNICIPAL,SS,8,0,0.36540725625817672,0.74852489203056172
monthly_share,Bawku_Municipal,BAWKU MUNICIPAL,SS,9,0,0.36540725625817672,0.74852489203056172
monthly_share,Bawku_Municipal,BAWKU MUNICIPAL,SS,10,0.013972093999819364,0.36540725625817672,0.74852489203056172
monthly_share,Bawku_Municipal,BAWKU MUNICIPAL,SS,11,0.27245551037034388,0.36540725625817672,0.74852489203056172
monthly_share,Bawku_Municipal,BAWKU MUNICIPAL,SS,12,0.30339363577893441,0.36540725625817672,0.74852489203056172
monthly_share,Bawku_West,BAWKU WEST,SS,1,0.048833022387933668,11.516680144403727,0.93797581343650804
monthly_share,Bawku_West,BAWKU WEST,SS,2,0.0093970125754905438,11.516680144403727,0.93797581343650804
monthly_share,Bawku_West,BAWKU WEST,SS,3,0.0018157115329862194,11.516680144403727,0.93797581343650804
monthly_share,Bawku_West,BAWKU WEST,SS,4,3.1854887056731573e-05,11.516680144403727,0.93797581343650804
monthly_share,Bawku_West,BAWKU WEST,SS,5,0.00012741877999019786,11.516680144403727,0.93797581343650804
monthly_share,Bawku_West,BAWKU WEST,SS,6,0,11.516680144403727,0.93797581343650804
monthly_share,Bawku_West,BAWKU WEST,SS,7,0,11.516680144403727,0.93797581343650804
monthly_share,Bawku_West,BAWKU WEST,SS,8,0,11.516680144403727,0.93797581343650804
monthly_share,Bawku_West,BAWKU WEST,SS,9,6.3709057092516596e-05,11.516680144403727,0.93797581343650804
monthly_share,Bawku_West,BAWKU WEST,SS,10,0.0236995596774046,11.516680144403727,0.93797581343650804
monthly_share,Bawku_West,BAWKU WEST,SS,11,0.4974348412980919,11.516680144403727,0.93797581343650804
monthly_share,Bawku_West,BAWKU WEST,SS,12,0.41859686980395361,11.516680144403727,0.93797581343650804
monthly_share,Binduri,BINDURI,SS,1,0.035005333024003264,11.509852346725545,0.90517964470810208
monthly_share,Binduri,BINDURI,SS,2,0.038977727167675946,11.509852346725545,0.90517964470810208
monthly_share,Binduri,BINDURI,SS,3,0.0084410434362624069,11.509852346725545,0.90517964470810208
monthly_share,Binduri,BINDURI,SS,4,0.0049653193642199348,11.509852346725545,0.90517964470810208
monthly_share,Binduri,BINDURI,SS,5,0,11.509852346725545,0.90517964470810208
monthly_share,Binduri,BINDURI,SS,6,0,11.509852346725545,0.90517964470810208
monthly_share,Binduri,BINDURI,SS,7,0,11.509852346725545,0.90517964470810208
monthly_share,Binduri,BINDURI,SS,8,0,11.509852346725545,0.90517964470810208
monthly_share,Binduri,BINDURI,SS,9,0.00049652590372261307,11.509852346725545,0.90517964470810208
monthly_share,Binduri,BINDURI,SS,10,0.019860984694061085,11.509852346725545,0.90517964470810208
monthly_share,Binduri,BINDURI,SS,11,0.55213415320076309,11.509852346725545,0.90517964470810208
monthly_share,Binduri,BINDURI,SS,12,0.34011891320929161,11.509852346725545,0.90517964470810208
monthly_share,Bolga_East,BOLGA EAST,SS,1,0,10.71473204676264,0.88036010924988284
monthly_share,Bolga_East,BOLGA EAST,SS,2,0,10.71473204676264,0.88036010924988284
monthly_share,Bolga_East,BOLGA EAST,SS,3,0.053097509503987478,10.71473204676264,0.88036010924988284
monthly_share,Bolga_East,BOLGA EAST,SS,4,0,10.71473204676264,0.88036010924988284
monthly_share,Bolga_East,BOLGA EAST,SS,5,0,10.71473204676264,0.88036010924988284
monthly_share,Bolga_East,BOLGA EAST,SS,6,0,10.71473204676264,0.88036010924988284
monthly_share,Bolga_East,BOLGA EAST,SS,7,0,10.71473204676264,0.88036010924988284
monthly_share,Bolga_East,BOLGA EAST,SS,8,0,10.71473204676264,0.88036010924988284
monthly_share,Bolga_East,BOLGA EAST,SS,9,0,10.71473204676264,0.88036010924988284
monthly_share,Bolga_East,BOLGA EAST,SS,10,0.3628319723606111,10.71473204676264,0.88036010924988284
monthly_share,Bolga_East,BOLGA EAST,SS,11,0.57522097137619144,10.71473204676264,0.88036010924988284
monthly_share,Bolga_East,BOLGA EAST,SS,12,0.0088495467592099829,10.71473204676264,0.88036010924988284
monthly_share,Bolgatanga_Municipal,BOLGATANGA MUNICIPAL,SS,1,0.0051657351189301377,11.215619696171464,0.95854927153293457
monthly_share,Bolgatanga_Municipal,BOLGATANGA MUNICIPAL,SS,2,0.0019371515249331868,11.215619696171464,0.95854927153293457
monthly_share,Bolgatanga_Municipal,BOLGATANGA MUNICIPAL,SS,3,0.00010761953309552671,11.215619696171464,0.95854927153293457
monthly_share,Bolgatanga_Municipal,BOLGATANGA MUNICIPAL,SS,4,0.00086096586810476645,11.215619696171464,0.95854927153293457
monthly_share,Bolgatanga_Municipal,BOLGATANGA MUNICIPAL,SS,5,0,11.215619696171464,0.95854927153293457
monthly_share,Bolgatanga_Municipal,BOLGATANGA MUNICIPAL,SS,6,0,11.215619696171464,0.95854927153293457
monthly_share,Bolgatanga_Municipal,BOLGATANGA MUNICIPAL,SS,7,0,11.215619696171464,0.95854927153293457
monthly_share,Bolgatanga_Municipal,BOLGATANGA MUNICIPAL,SS,8,0,11.215619696171464,0.95854927153293457
monthly_share,Bolgatanga_Municipal,BOLGATANGA MUNICIPAL,SS,9,0,11.215619696171464,0.95854927153293457
monthly_share,Bolgatanga_Municipal,BOLGATANGA MUNICIPAL,SS,10,0.052948996277919193,11.215619696171464,0.95854927153293457
monthly_share,Bolgatanga_Municipal,BOLGATANGA MUNICIPAL,SS,11,0.68392202226961107,11.215619696171464,0.95854927153293457
monthly_share,Bolgatanga_Municipal,BOLGATANGA MUNICIPAL,SS,12,0.25505750940740612,11.215619696171464,0.95854927153293457
monthly_share,Bongo,BONGO,SS,1,0.017522205441996019,11.072817529847597,0.94518071912320423
monthly_share,Bongo,BONGO,SS,2,0.0014807535419347486,11.072817529847597,0.94518071912320423
monthly_share,Bongo,BONGO,SS,3,0,11.072817529847597,0.94518071912320423
monthly_share,Bongo,BONGO,SS,4,0,11.072817529847597,0.94518071912320423
monthly_share,Bongo,BONGO,SS,5,0,11.072817529847597,0.94518071912320423
monthly_share,Bongo,BONGO,SS,6,0,11.072817529847597,0.94518071912320423
monthly_share,Bongo,BONGO,SS,7,0,11.072817529847597,0.94518071912320423
monthly_share,Bongo,BONGO,SS,8,0,11.072817529847597,0.94518071912320423
monthly_share,Bongo,BONGO,SS,9,0,11.072817529847597,0.94518071912320423
monthly_share,Bongo,BONGO,SS,10,0.14955589918606393,11.072817529847597,0.94518071912320423
monthly_share,Bongo,BONGO,SS,11,0.64313942976177529,11.072817529847597,0.94518071912320423
monthly_share,Bongo,BONGO,SS,12,0.18830171206823007,11.072817529847597,0.94518071912320423
monthly_share,Builsa_North,BUILSA NORTH,SS,1,0.005102056366689485,10.92364548159696,0.96262158208761162
monthly_share,Builsa_North,BUILSA NORTH,SS,2,0.00085562784485258814,10.92364548159696,0.96262158208761162
monthly_share,Builsa_North,BUILSA NORTH,SS,3,0.00012675986513965788,10.92364548159696,0.96262158208761162
monthly_share,Builsa_North,BUILSA NORTH,SS,4,0,10.92364548159696,0.96262158208761162
monthly_share,Builsa_North,BUILSA NORTH,SS,5,0,10.92364548159696,0.96262158208761162
monthly_share,Builsa_North,BUILSA NORTH,SS,6,0,10.92364548159696,0.96262158208761162
monthly_share,Builsa_North,BUILSA NORTH,SS,7,0,10.92364548159696,0.96262158208761162
monthly_share,Builsa_North,BUILSA NORTH,SS,8,0,10.92364548159696,0.96262158208761162
monthly_share,Builsa_North,BUILSA NORTH,SS,9,0,10.92364548159696,0.96262158208761162
monthly_share,Builsa_North,BUILSA NORTH,SS,10,0.17280383186281453,10.92364548159696,0.96262158208761162
monthly_share,Builsa_North,BUILSA NORTH,SS,11,0.73602477236045016,10.92364548159696,0.96262158208761162
monthly_share,Builsa_North,BUILSA NORTH,SS,12,0.085086951700053676,10.92364548159696,0.96262158208761162
monthly_share,Builsa_South,BUILSA SOUTH,SS,1,0.013805814315437627,11.262574607098273,0.94939299348470829
monthly_share,Builsa_South,BUILSA SOUTH,SS,2,0.00081523271228007264,11.262574607098273,0.94939299348470829
monthly_share,Builsa_South,BUILSA SOUTH,SS,3,5.3167205959101283e-05,11.262574607098273,0.94939299348470829
monthly_share,Builsa_South,BUILSA SOUTH,SS,4,0,11.262574607098273,0.94939299348470829
monthly_share,Builsa_South,BUILSA SOUTH,SS,5,0.0003367248096499983,11.262574607098273,0.94939299348470829
monthly_share,Builsa_South,BUILSA SOUTH,SS,6,0,11.262574607098273,0.94939299348470829
monthly_share,Builsa_South,BUILSA SOUTH,SS,7,0,11.262574607098273,0.94939299348470829
monthly_share,Builsa_South,BUILSA SOUTH,SS,8,0,11.262574607098273,0.94939299348470829
monthly_share,Builsa_South,BUILSA SOUTH,SS,9,7.0889063512349817e-05,11.262574607098273,0.94939299348470829
monthly_share,Builsa_South,BUILSA SOUTH,SS,10,0.073194461101128372,11.262574607098273,0.94939299348470829
monthly_share,Builsa_South,BUILSA SOUTH,SS,11,0.60381080254997577,11.262574607098273,0.94939299348470829
monthly_share,Builsa_South,BUILSA SOUTH,SS,12,0.3079129082420568,11.262574607098273,0.94939299348470829
monthly_share,Garu,GARU,SS,1,0.047428069086855915,11.488141546566943,0.9380885394899583
monthly_share,Garu,GARU,SS,2,0.0042205902528211544,11.488141546566943,0.9380885394899583
monthly_share,Garu,GARU,SS,3,0.0017884062810895945,11.488141546566943,0.9380885394899583
monthly_share,Garu,GARU,SS,4,0,11.488141546566943,0.9380885394899583
monthly_share,Garu,GARU,SS,5,0,11.488141546566943,0.9380885394899583
monthly_share,Garu,GARU,SS,6,0,11.488141546566943,0.9380885394899583
monthly_share,Garu,GARU,SS,7,0,11.488141546566943,0.9380885394899583
monthly_share,Garu,GARU,SS,8,0,11.488141546566943,0.9380885394899583
monthly_share,Garu,GARU,SS,9,0,11.488141546566943,0.9380885394899583
monthly_share,Garu,GARU,SS,10,0.040203118121947698,11.488141546566943,0.9380885394899583
monthly_share,Garu,GARU,SS,11,0.48551461968652698,11.488141546566943,0.9380885394899583
monthly_share,Garu,GARU,SS,12,0.4208451965707587,11.488141546566943,0.9380885394899583
monthly_share,Kasena_Nankana_East,KASENA NANKANA EAST,SS,1,0.013885633416347506,11.334400850858403,0.94721241397302025
monthly_share,Kasena_Nankana_East,KASENA NANKANA EAST,SS,2,0.0039728503458076377,11.334400850858403,0.94721241397302025
monthly_share,Kasena_Nankana_East,KASENA NANKANA EAST,SS,3,0.00069429708534008187,11.334400850858403,0.94721241397302025
monthly_share,Kasena_Nankana_East,KASENA NANKANA EAST,SS,4,3.8572061862734163e-05,11.334400850858403,0.94721241397302025
monthly_share,Kasena_Nankana_East,KASENA NANKANA EAST,SS,5,0,11.334400850858403,0.94721241397302025
monthly_share,Kasena_Nankana_East,KASENA NANKANA EAST,SS,6,0,11.334400850858403,0.94721241397302025
monthly_share,Kasena_Nankana_East,KASENA NANKANA EAST,SS,7,0,11.334400850858403,0.94721241397302025
monthly_share,Kasena_Nankana_East,KASENA NANKANA EAST,SS,8,0,11.334400850858403,0.94721241397302025
monthly_share,Kasena_Nankana_East,KASENA NANKANA EAST,SS,9,0.000154282883058908,11.334400850858403,0.94721241397302025
monthly_share,Kasena_Nankana_East,KASENA NANKANA EAST,SS,10,0.057355846231667243,11.334400850858403,0.94721241397302025
monthly_share,Kasena_Nankana_East,KASENA NANKANA EAST,SS,11,0.56950672796874147,11.334400850858403,0.94721241397302025
monthly_share,Kasena_Nankana_East,KASENA NANKANA EAST,SS,12,0.35439179000717447,11.334400850858403,0.94721241397302025
monthly_share,Kasena_Nankana_West,KASENA NANKANA WEST,SS,1,0.036416882665751528,11.449004831869683,0.93779159412288293
monthly_share,Kasena_Nankana_West,KASENA NANKANA WEST,SS,2,0.006556345376038328,11.449004831869683,0.93779159412288293
monthly_share,Kasena_Nankana_West,KASENA NANKANA WEST,SS,3,0.0020123471568721267,11.449004831869683,0.93779159412288293
monthly_share,Kasena_Nankana_West,KASENA NANKANA WEST,SS,4,0.00032457155110857442,11.449004831869683,0.93779159412288293
monthly_share,Kasena_Nankana_West,KASENA NANKANA WEST,SS,5,0,11.449004831869683,0.93779159412288293
monthly_share,Kasena_Nankana_West,KASENA NANKANA WEST,SS,6,0,11.449004831869683,0.93779159412288293
monthly_share,Kasena_Nankana_West,KASENA NANKANA WEST,SS,7,0,11.449004831869683,0.93779159412288293
monthly_share,Kasena_Nankana_West,KASENA NANKANA WEST,SS,8,0,11.449004831869683,0.93779159412288293
monthly_share,Kasena_Nankana_West,KASENA NANKANA WEST,SS,9,0,11.449004831869683,0.93779159412288293
monthly_share,Kasena_Nankana_West,KASENA NANKANA WEST,SS,10,0.04404412718047334,11.449004831869683,0.93779159412288293
monthly_share,Kasena_Nankana_West,KASENA NANKANA WEST,SS,11,0.50970440412951779,11.449004831869683,0.93779159412288293
monthly_share,Kasena_Nankana_West,KASENA NANKANA WEST,SS,12,0.40094132194023818,11.449004831869683,0.93779159412288293
monthly_share,Lambussie_Karni,LAMBUSSIE-KARNI,SS,1,0.0083524026009317402,11.459937517206701,0.95971097131095107
monthly_share,Lambussie_Karni,LAMBUSSIE-KARNI,SS,2,9.9433854373182562e-05,11.459937517206701,0.95971097131095107
monthly_share,Lambussie_Karni,LAMBUSSIE-KARNI,SS,3,0.00019886717827004768,11.459937517206701,0.95971097131095107
monthly_share,Lambussie_Karni,LAMBUSSIE-KARNI,SS,4,0,11.459937517206701,0.95971097131095107
monthly_share,Lambussie_Karni,LAMBUSSIE-KARNI,SS,5,0,11.459937517206701,0.95971097131095107
monthly_share,Lambussie_Karni,LAMBUSSIE-KARNI,SS,6,0,11.459937517206701,0.95971097131095107
monthly_share,Lambussie_Karni,LAMBUSSIE-KARNI,SS,7,0,11.459937517206701,0.95971097131095107
monthly_share,Lambussie_Karni,LAMBUSSIE-KARNI,SS,8,0,11.459937517206701,0.95971097131095107
monthly_share,Lambussie_Karni,LAMBUSSIE-KARNI,SS,9,0,11.459937517206701,0.95971097131095107
monthly_share,Lambussie_Karni,LAMBUSSIE-KARNI,SS,10,0.015263021841855956,11.459937517206701,0.95971097131095107
monthly_share,Lambussie_Karni,LAMBUSSIE-KARNI,SS,11,0.51804798483935011,11.459937517206701,0.95971097131095107
monthly_share,Lambussie_Karni,LAMBUSSIE-KARNI,SS,12,0.45803828968521904,11.459937517206701,0.95971097131095107
monthly_share,Lawra,LAWRA,SS,1,0.02560905396812645,11.191925323277793,0.95006972543665447
monthly_share,Lawra,LAWRA,SS,2,0.0034606784954299996,11.191925323277793,0.95006972543665447
monthly_share,Lawra,LAWRA,SS,3,0.00069213311931954615,11.191925323277793,0.95006972543665447
monthly_share,Lawra,LAWRA,SS,4,0.00055370709031943093,11.191925323277793,0.95006972543665447
monthly_share,Lawra,LAWRA,SS,5,0,11.191925323277793,0.95006972543665447
monthly_share,Lawra,LAWRA,SS,6,0,11.191925323277793,0.95006972543665447
monthly_share,Lawra,LAWRA,SS,7,0,11.191925323277793,0.95006972543665447
monthly_share,Lawra,LAWRA,SS,8,0,11.191925323277793,0.95006972543665447
monthly_share,Lawra,LAWRA,SS,9,0,11.191925323277793,0.95006972543665447
monthly_share,Lawra,LAWRA,SS,10,0.066998734587011208,11.191925323277793,0.95006972543665447
monthly_share,Lawra,LAWRA,SS,11,0.69808968251505277,11.191925323277793,0.95006972543665447
monthly_share,Lawra,LAWRA,SS,12,0.20459601022474072,11.191925323277793,0.95006972543665447
monthly_share,Nabdam,NABDAM,SS,1,0.070860217970566478,11.613831502064222,0.92507146194599732
monthly_share,Nabdam,NABDAM,SS,2,0.014020439831900091,11.613831502064222,0.92507146194599732
monthly_share,Nabdam,NABDAM,SS,3,0.0017999246580449404,11.613831502064222,0.92507146194599732
monthly_share,Nabdam,NABDAM,SS,4,0,11.613831502064222,0.92507146194599732
monthly_share,Nabdam,NABDAM,SS,5,0,11.613831502064222,0.92507146194599732
monthly_share,Nabdam,NABDAM,SS,6,0,11.613831502064222,0.92507146194599732
monthly_share,Nabdam,NABDAM,SS,7,0,11.613831502064222,0.92507146194599732
monthly_share,Nabdam,NABDAM,SS,8,0,11.613831502064222,0.92507146194599732
monthly_share,Nabdam,NABDAM,SS,9,0,11.613831502064222,0.92507146194599732
monthly_share,Nabdam,NABDAM,SS,10,0.046513658151684491,11.613831502064222,0.92507146194599732
monthly_share,Nabdam,NABDAM,SS,11,0.38973030711600792,11.613831502064222,0.92507146194599732
monthly_share,Nabdam,NABDAM,SS,12,0.4770754522717961,11.613831502064222,0.92507146194599732
monthly_share,Nandom,NANDOM,SS,1,0.0062892949148422809,11.01792502046232,0.97068406437284727
monthly_share,Nandom,NANDOM,SS,2,0.00075472004533489996,11.01792502046232,0.97068406437284727
monthly_share,Nandom,NANDOM,SS,3,0.001761008646650912,11.01792502046232,0.97068406437284727
monthly_share,Nandom,NANDOM,SS,4,0,11.01792502046232,0.97068406437284727
monthly_share,Nandom,NANDOM,SS,5,0,11.01792502046232,0.97068406437284727
monthly_share,Nandom,NANDOM,SS,6,0,11.01792502046232,0.97068406437284727
monthly_share,Nandom,NANDOM,SS,7,0,11.01792502046232,0.97068406437284727
monthly_share,Nandom,NANDOM,SS,8,0,11.01792502046232,0.97068406437284727
monthly_share,Nandom,NANDOM,SS,9,0,11.01792502046232,0.97068406437284727
monthly_share,Nandom,NANDOM,SS,10,0.083773465084341706,11.01792502046232,0.97068406437284727
monthly_share,Nandom,NANDOM,SS,11,0.82088054159827595,11.01792502046232,0.97068406437284727
monthly_share,Nandom,NANDOM,SS,12,0.086540969710554347,11.01792502046232,0.97068406437284727
monthly_share,Pusiga,PUSIGA,SS,1,0.03773570167222462,11.18345713371837,0.73417837734560953
monthly_share,Pusiga,PUSIGA,SS,2,0.018867861177734677,11.18345713371837,0.73417837734560953
monthly_share,Pusiga,PUSIGA,SS,3,0,11.18345713371837,0.73417837734560953
monthly_share,Pusiga,PUSIGA,SS,4,0.11320735321561069,11.18345713371837,0.73417837734560953
monthly_share,Pusiga,PUSIGA,SS,5,0,11.18345713371837,0.73417837734560953
monthly_share,Pusiga,PUSIGA,SS,6,0,11.18345713371837,0.73417837734560953
monthly_share,Pusiga,PUSIGA,SS,7,0,11.18345713371837,0.73417837734560953
monthly_share,Pusiga,PUSIGA,SS,8,0,11.18345713371837,0.73417837734560953
monthly_share,Pusiga,PUSIGA,SS,9,0,11.18345713371837,0.73417837734560953
monthly_share,Pusiga,PUSIGA,SS,10,0.11320846321641152,11.18345713371837,0.73417837734560953
monthly_share,Pusiga,PUSIGA,SS,11,0.67924488457371934,11.18345713371837,0.73417837734560953
monthly_share,Pusiga,PUSIGA,SS,12,0.037735736144299183,11.18345713371837,0.73417837734560953
monthly_share,Sissala_East,SISSALA EAST,SS,1,0.11463013565447225,11.794450972006933,0.94231183595647516
monthly_share,Sissala_East,SISSALA EAST,SS,2,0.0031851520543714953,11.794450972006933,0.94231183595647516
monthly_share,Sissala_East,SISSALA EAST,SS,3,0.00010465995063571211,11.794450972006933,0.94231183595647516
monthly_share,Sissala_East,SISSALA EAST,SS,4,0,11.794450972006933,0.94231183595647516
monthly_share,Sissala_East,SISSALA EAST,SS,5,0,11.794450972006933,0.94231183595647516
monthly_share,Sissala_East,SISSALA EAST,SS,6,0,11.794450972006933,0.94231183595647516
monthly_share,Sissala_East,SISSALA EAST,SS,7,0,11.794450972006933,0.94231183595647516
monthly_share,Sissala_East,SISSALA EAST,SS,8,0,11.794450972006933,0.94231183595647516
monthly_share,Sissala_East,SISSALA EAST,SS,9,0,11.794450972006933,0.94231183595647516
monthly_share,Sissala_East,SISSALA EAST,SS,10,0.010594894504060979,11.794450972006933,0.94231183595647516
monthly_share,Sissala_East,SISSALA EAST,SS,11,0.30444709250070179,11.794450972006933,0.94231183595647516
monthly_share,Sissala_East,SISSALA EAST,SS,12,0.56703806533575762,11.794450972006933,0.94231183595647516
monthly_share,Sissala_West,SISSALA WEST,SS,1,0.11818502051425332,11.879336027859601,0.94981703557539243
monthly_share,Sissala_West,SISSALA WEST,SS,2,0.0026783533708727067,11.879336027859601,0.94981703557539243
monthly_share,Sissala_West,SISSALA WEST,SS,3,1.0544366467767174e-05,11.879336027859601,0.94981703557539243
monthly_share,Sissala_West,SISSALA WEST,SS,4,0,11.879336027859601,0.94981703557539243
monthly_share,Sissala_West,SISSALA WEST,SS,5,0,11.879336027859601,0.94981703557539243
monthly_share,Sissala_West,SISSALA WEST,SS,6,0,11.879336027859601,0.94981703557539243
monthly_share,Sissala_West,SISSALA WEST,SS,7,0,11.879336027859601,0.94981703557539243
monthly_share,Sissala_West,SISSALA WEST,SS,8,0,11.879336027859601,0.94981703557539243
monthly_share,Sissala_West,SISSALA WEST,SS,9,0,11.879336027859601,0.94981703557539243
monthly_share,Sissala_West,SISSALA WEST,SS,10,0.0088363787554811505,11.879336027859601,0.94981703557539243
monthly_share,Sissala_West,SISSALA WEST,SS,11,0.22747821352821485,11.879336027859601,0.94981703557539243
monthly_share,Sissala_West,SISSALA WEST,SS,12,0.64281148946471023,11.879336027859601,0.94981703557539243
monthly_share,Talensi,TALENSI,SS,1,0.018606136965193507,11.318021591658455,0.94914168400784837
monthly_share,Talensi,TALENSI,SS,2,0.0035134559639506007,11.318021591658455,0.94914168400784837
monthly_share,Talensi,TALENSI,SS,3,9.1656096648100633e-05,11.318021591658455,0.94914168400784837
monthly_share,Talensi,TALENSI,SS,4,0,11.318021591658455,0.94914168400784837
monthly_share,Talensi,TALENSI,SS,5,0,11.318021591658455,0.94914168400784837
monthly_share,Talensi,TALENSI,SS,6,0,11.318021591658455,0.94914168400784837
monthly_share,Talensi,TALENSI,SS,7,0,11.318021591658455,0.94914168400784837
monthly_share,Talensi,TALENSI,SS,8,0,11.318021591658455,0.94914168400784837
monthly_share,Talensi,TALENSI,SS,9,0.0001527587521536026,11.318021591658455,0.94914168400784837
monthly_share,Talensi,TALENSI,SS,10,0.052427434402780845,11.318021591658455,0.94914168400784837
monthly_share,Talensi,TALENSI,SS,11,0.59729368758462109,11.318021591658455,0.94914168400784837
monthly_share,Talensi,TALENSI,SS,12,0.3279148702346521,11.318021591658455,0.94914168400784837
monthly_share,Tempane,TEMPANE,SS,1,0.41369111228685657,0.53796405318856699,0.84096175482477742
monthly_share,Tempane,TEMPANE,SS,2,0.10714306527847214,0.53796405318856699,0.84096175482477742
monthly_share,Tempane,TEMPANE,SS,3,0.047619082243583508,0.53796405318856699,0.84096175482477742
monthly_share,Tempane,TEMPANE,SS,4,0.0029761827845823513,0.53796405318856699,0.84096175482477742
monthly_share,Tempane,TEMPANE,SS,5,0,0.53796405318856699,0.84096175482477742
monthly_share,Tempane,TEMPANE,SS,6,0,0.53796405318856699,0.84096175482477742
monthly_share,Tempane,TEMPANE,SS,7,0,0.53796405318856699,0.84096175482477742
monthly_share,Tempane,TEMPANE,SS,8,0,0.53796405318856699,0.84096175482477742
monthly_share,Tempane,TEMPANE,SS,9,0,0.53796405318856699,0.84096175482477742
monthly_share,Tempane,TEMPANE,SS,10,0,0.53796405318856699,0.84096175482477742
monthly_share,Tempane,TEMPANE,SS,11,0.23214174628096196,0.53796405318856699,0.84096175482477742
monthly_share,Tempane,TEMPANE,SS,12,0.19642881112554353,0.53796405318856699,0.84096175482477742
monthly_share,Asunafo_North_Municipal,ASUNAFO NORTH MUNICIPAL,TZ,1,0.069159146773691935,1.9461394795461939,0.98782263770668355
monthly_share,Asunafo_North_Municipal,ASUNAFO NORTH MUNICIPAL,TZ,2,0.92149505666029397,1.9461394795461939,0.98782263770668355
monthly_share,Asunafo_North_Municipal,ASUNAFO NORTH MUNICIPAL,TZ,3,0.0037383100999883053,1.9461394795461939,0.98782263770668355
monthly_share,Asunafo_North_Municipal,ASUNAFO NORTH MUNICIPAL,TZ,4,0.0056074864660256886,1.9461394795461939,0.98782263770668355
monthly_share,Asunafo_North_Municipal,ASUNAFO NORTH MUNICIPAL,TZ,5,0,1.9461394795461939,0.98782263770668355
monthly_share,Asunafo_North_Municipal,ASUNAFO NORTH MUNICIPAL,TZ,6,0,1.9461394795461939,0.98782263770668355
monthly_share,Asunafo_North_Municipal,ASUNAFO NORTH MUNICIPAL,TZ,7,0,1.9461394795461939,0.98782263770668355
monthly_share,Asunafo_North_Municipal,ASUNAFO NORTH MUNICIPAL,TZ,8,0,1.9461394795461939,0.98782263770668355
monthly_share,Asunafo_North_Municipal,ASUNAFO NORTH MUNICIPAL,TZ,9,0,1.9461394795461939,0.98782263770668355
monthly_share,Asunafo_North_Municipal,ASUNAFO NORTH MUNICIPAL,TZ,10,0,1.9461394795461939,0.98782263770668355
monthly_share,Asunafo_North_Municipal,ASUNAFO NORTH MUNICIPAL,TZ,11,0,1.9461394795461939,0.98782263770668355
monthly_share,Asunafo_North_Municipal,ASUNAFO NORTH MUNICIPAL,TZ,12,0,1.9461394795461939,0.98782263770668355
monthly_share,Asutifi_North,ASUTIFI NORTH,TZ,1,0.44821566028039933,1.3078357671115317,0.89778964587243348
monthly_share,Asutifi_North,ASUTIFI NORTH,TZ,2,0.30113150387190157,1.3078357671115317,0.89778964587243348
monthly_share,Asutifi_North,ASUTIFI NORTH,TZ,3,0.067885295720086336,1.3078357671115317,0.89778964587243348
monthly_share,Asutifi_North,ASUTIFI NORTH,TZ,4,0.017406518965097768,1.3078357671115317,0.89778964587243348
monthly_share,Asutifi_North,ASUTIFI NORTH,TZ,5,0,1.3078357671115317,0.89778964587243348
monthly_share,Asutifi_North,ASUTIFI NORTH,TZ,6,0,1.3078357671115317,0.89778964587243348
monthly_share,Asutifi_North,ASUTIFI NORTH,TZ,7,0,1.3078357671115317,0.89778964587243348
monthly_share,Asutifi_North,ASUTIFI NORTH,TZ,8,0,1.3078357671115317,0.89778964587243348
monthly_share,Asutifi_North,ASUTIFI NORTH,TZ,9,0,1.3078357671115317,0.89778964587243348
monthly_share,Asutifi_North,ASUTIFI NORTH,TZ,10,0,1.3078357671115317,0.89778964587243348
monthly_share,Asutifi_North,ASUTIFI NORTH,TZ,11,0,1.3078357671115317,0.89778964587243348
monthly_share,Asutifi_North,ASUTIFI NORTH,TZ,12,0.16536102116251494,1.3078357671115317,0.89778964587243348
monthly_share,Asutifi_South,ASUTIFI SOUTH,TZ,1,0.19742533718131169,1.8801923359829531,0.91596883924427697
monthly_share,Asutifi_South,ASUTIFI SOUTH,TZ,2,0.58798281949862452,1.8801923359829531,0.91596883924427697
monthly_share,Asutifi_South,ASUTIFI SOUTH,TZ,3,0.13090094951227299,1.8801923359829531,0.91596883924427697
monthly_share,Asutifi_South,ASUTIFI SOUTH,TZ,4,0.02789672050875161,1.8801923359829531,0.91596883924427697
monthly_share,Asutifi_South,ASUTIFI SOUTH,TZ,5,0,1.8801923359829531,0.91596883924427697
monthly_share,Asutifi_South,ASUTIFI SOUTH,TZ,6,0,1.8801923359829531,0.91596883924427697
monthly_share,Asutifi_South,ASUTIFI SOUTH,TZ,7,0,1.8801923359829531,0.91596883924427697
monthly_share,Asutifi_South,ASUTIFI SOUTH,TZ,8,0,1.8801923359829531,0.91596883924427697
monthly_share,Asutifi_South,ASUTIFI SOUTH,TZ,9,0,1.8801923359829531,0.91596883924427697
monthly_share,Asutifi_South,ASUTIFI SOUTH,TZ,10,0,1.8801923359829531,0.91596883924427697
monthly_share,Asutifi_South,ASUTIFI SOUTH,TZ,11,0,1.8801923359829531,0.91596883924427697
monthly_share,Asutifi_South,ASUTIFI SOUTH,TZ,12,0.055794173299039074,1.8801923359829531,0.91596883924427697
monthly_share,Atebubu_Amantin,ATEBUBU AMANTIN,TZ,1,0.69561442608944435,0.82335966765119117,0.95879539953804183
monthly_share,Atebubu_Amantin,ATEBUBU AMANTIN,TZ,2,0.06454057278558549,0.82335966765119117,0.95879539953804183
monthly_share,Atebubu_Amantin,ATEBUBU AMANTIN,TZ,3,0.0018404736675543462,0.82335966765119117,0.95879539953804183
monthly_share,Atebubu_Amantin,ATEBUBU AMANTIN,TZ,4,0.00018118726501022622,0.82335966765119117,0.95879539953804183
monthly_share,Atebubu_Amantin,ATEBUBU AMANTIN,TZ,5,0,0.82335966765119117,0.95879539953804183
monthly_share,Atebubu_Amantin,ATEBUBU AMANTIN,TZ,6,0,0.82335966765119117,0.95879539953804183
monthly_share,Atebubu_Amantin,ATEBUBU AMANTIN,TZ,7,0,0.82335966765119117,0.95879539953804183
monthly_share,Atebubu_Amantin,ATEBUBU AMANTIN,TZ,8,0,0.82335966765119117,0.95879539953804183
monthly_share,Atebubu_Amantin,ATEBUBU AMANTIN,TZ,9,0,0.82335966765119117,0.95879539953804183
monthly_share,Atebubu_Amantin,ATEBUBU AMANTIN,TZ,10,1.9072372816138966e-05,0.82335966765119117,0.95879539953804183
monthly_share,Atebubu_Amantin,ATEBUBU AMANTIN,TZ,11,0.010041638191165983,0.82335966765119117,0.95879539953804183
monthly_share,Atebubu_Amantin,ATEBUBU AMANTIN,TZ,12,0.22776262962842356,0.82335966765119117,0.95879539953804183
monthly_share,Banda,BANDA,TZ,1,0.19474102640031943,0.16077547371813417,0.9708653250537379
monthly_share,Banda,BANDA,TZ,2,0.0030397647829405903,0.16077547371813417,0.9708653250537379
monthly_share,Banda,BANDA,TZ,3,2.4713428870368549e-05,0.16077547371813417,0.9708653250537379
monthly_share,Banda,BANDA,TZ,4,0,0.16077547371813417,0.9708653250537379
monthly_share,Banda,BANDA,TZ,5,0,0.16077547371813417,0.9708653250537379
monthly_share,Banda,BANDA,TZ,6,0,0.16077547371813417,0.9708653250537379
monthly_share,Banda,BANDA,TZ,7,0,0.16077547371813417,0.9708653250537379
monthly_share,Banda,BANDA,TZ,8,0,0.16077547371813417,0.9708653250537379
monthly_share,Banda,BANDA,TZ,9,0,0.16077547371813417,0.9708653250537379
monthly_share,Banda,BANDA,TZ,10,3.2951738484986646e-05,0.16077547371813417,0.9708653250537379
monthly_share,Banda,BANDA,TZ,11,0.036732936921731775,0.16077547371813417,0.9708653250537379
monthly_share,Banda,BANDA,TZ,12,0.76542860672765278,0.16077547371813417,0.9708653250537379
monthly_share,Berekum_East_Municipal,BEREKUM EAST MUNICIPAL,TZ,1,0.28158141328593628,1.8450996913447024,0.9240688390507994
monthly_share,Berekum_East_Municipal,BEREKUM EAST MUNICIPAL,TZ,2,0.5715021081271805,1.8450996913447024,0.9240688390507994
monthly_share,Berekum_East_Municipal,BEREKUM EAST MUNICIPAL,TZ,3,0.091526757179192841,1.8450996913447024,0.9240688390507994
monthly_share,Berekum_East_Municipal,BEREKUM EAST MUNICIPAL,TZ,4,0.039534660274658483,1.8450996913447024,0.9240688390507994
monthly_share,Berekum_East_Municipal,BEREKUM EAST MUNICIPAL,TZ,5,0,1.8450996913447024,0.9240688390507994
monthly_share,Berekum_East_Municipal,BEREKUM EAST MUNICIPAL,TZ,6,0,1.8450996913447024,0.9240688390507994
monthly_share,Berekum_East_Municipal,BEREKUM EAST MUNICIPAL,TZ,7,0,1.8450996913447024,0.9240688390507994
monthly_share,Berekum_East_Municipal,BEREKUM EAST MUNICIPAL,TZ,8,0,1.8450996913447024,0.9240688390507994
monthly_share,Berekum_East_Municipal,BEREKUM EAST MUNICIPAL,TZ,9,0,1.8450996913447024,0.9240688390507994
monthly_share,Berekum_East_Municipal,BEREKUM EAST MUNICIPAL,TZ,10,0,1.8450996913447024,0.9240688390507994
monthly_share,Berekum_East_Municipal,BEREKUM EAST MUNICIPAL,TZ,11,0.0025738720687039579,1.8450996913447024,0.9240688390507994
monthly_share,Berekum_East_Municipal,BEREKUM EAST MUNICIPAL,TZ,12,0.013281189064327979,1.8450996913447024,0.9240688390507994
monthly_share,Berekum_West,BEREKUM WEST,TZ,1,0.39335839216920415,1.7827357059860591,0.91318363830349392
monthly_share,Berekum_West,BEREKUM WEST,TZ,2,0.38390935648579183,1.7827357059860591,0.91318363830349392
monthly_share,Berekum_West,BEREKUM WEST,TZ,3,0.19492452290421619,1.7827357059860591,0.91318363830349392
monthly_share,Berekum_West,BEREKUM WEST,TZ,4,0.011339103020161317,1.7827357059860591,0.91318363830349392
monthly_share,Berekum_West,BEREKUM WEST,TZ,5,0,1.7827357059860591,0.91318363830349392
monthly_share,Berekum_West,BEREKUM WEST,TZ,6,0,1.7827357059860591,0.91318363830349392
monthly_share,Berekum_West,BEREKUM WEST,TZ,7,0,1.7827357059860591,0.91318363830349392
monthly_share,Berekum_West,BEREKUM WEST,TZ,8,0,1.7827357059860591,0.91318363830349392
monthly_share,Berekum_West,BEREKUM WEST,TZ,9,0,1.7827357059860591,0.91318363830349392
monthly_share,Berekum_West,BEREKUM WEST,TZ,10,0,1.7827357059860591,0.91318363830349392
monthly_share,Berekum_West,BEREKUM WEST,TZ,11,0,1.7827357059860591,0.91318363830349392
monthly_share,Berekum_West,BEREKUM WEST,TZ,12,0.01646862542062659,1.7827357059860591,0.91318363830349392
monthly_share,Bia_East,BIA EAST,TZ,1,0.04545419630174638,1.9563361022565198,0.99417010130927974
monthly_share,Bia_East,BIA EAST,TZ,2,0.95454580369825359,1.9563361022565198,0.99417010130927974
monthly_share,Bia_East,BIA EAST,TZ,3,0,1.9563361022565198,0.99417010130927974
monthly_share,Bia_East,BIA EAST,TZ,4,0,1.9563361022565198,0.99417010130927974
monthly_share,Bia_East,BIA EAST,TZ,5,0,1.9563361022565198,0.99417010130927974
monthly_share,Bia_East,BIA EAST,TZ,6,0,1.9563361022565198,0.99417010130927974
monthly_share,Bia_East,BIA EAST,TZ,7,0,1.9563361022565198,0.99417010130927974
monthly_share,Bia_East,BIA EAST,TZ,8,0,1.9563361022565198,0.99417010130927974
monthly_share,Bia_East,BIA EAST,TZ,9,0,1.9563361022565198,0.99417010130927974
monthly_share,Bia_East,BIA EAST,TZ,10,0,1.9563361022565198,0.99417010130927974
monthly_share,Bia_East,BIA EAST,TZ,11,0,1.9563361022565198,0.99417010130927974
monthly_share,Bia_East,BIA EAST,TZ,12,0,1.9563361022565198,0.99417010130927974
monthly_share,Dormaa_East,DORMAA EAST,TZ,1,0.22691711598750811,2.1770312310197344,0.85825602956531599
monthly_share,Dormaa_East,DORMAA EAST,TZ,2,0.47887369670973684,2.1770312310197344,0.85825602956531599
monthly_share,Dormaa_East,DORMAA EAST,TZ,3,0.087636813730411448,2.1770312310197344,0.85825602956531599
monthly_share,Dormaa_East,DORMAA EAST,TZ,4,0.18935807961580117,2.1770312310197344,0.85825602956531599
monthly_share,Dormaa_East,DORMAA EAST,TZ,5,0,2.1770312310197344,0.85825602956531599
monthly_share,Dormaa_East,DORMAA EAST,TZ,6,0,2.1770312310197344,0.85825602956531599
monthly_share,Dormaa_East,DORMAA EAST,TZ,7,0,2.1770312310197344,0.85825602956531599
monthly_share,Dormaa_East,DORMAA EAST,TZ,8,0,2.1770312310197344,0.85825602956531599
monthly_share,Dormaa_East,DORMAA EAST,TZ,9,0,2.1770312310197344,0.85825602956531599
monthly_share,Dormaa_East,DORMAA EAST,TZ,10,0,2.1770312310197344,0.85825602956531599
monthly_share,Dormaa_East,DORMAA EAST,TZ,11,0,2.1770312310197344,0.85825602956531599
monthly_share,Dormaa_East,DORMAA EAST,TZ,12,0.01721429395654249,2.1770312310197344,0.85825602956531599
monthly_share,Dormaa_Municipal,DORMAA MUNICIPAL,TZ,1,0.40519954605078057,1.7293832823399777,0.91009462231269356
monthly_share,Dormaa_Municipal,DORMAA MUNICIPAL,TZ,2,0.41819576503623251,1.7293832823399777,0.91009462231269356
monthly_share,Dormaa_Municipal,DORMAA MUNICIPAL,TZ,3,0.1199028241761443,1.7293832823399777,0.91009462231269356
monthly_share,Dormaa_Municipal,DORMAA MUNICIPAL,TZ,4,0.036555675430977493,1.7293832823399777,0.91009462231269356
monthly_share,Dormaa_Municipal,DORMAA MUNICIPAL,TZ,5,0,1.7293832823399777,0.91009462231269356
monthly_share,Dormaa_Municipal,DORMAA MUNICIPAL,TZ,6,0,1.7293832823399777,0.91009462231269356
monthly_share,Dormaa_Municipal,DORMAA MUNICIPAL,TZ,7,0,1.7293832823399777,0.91009462231269356
monthly_share,Dormaa_Municipal,DORMAA MUNICIPAL,TZ,8,0,1.7293832823399777,0.91009462231269356
monthly_share,Dormaa_Municipal,DORMAA MUNICIPAL,TZ,9,0,1.7293832823399777,0.91009462231269356
monthly_share,Dormaa_Municipal,DORMAA MUNICIPAL,TZ,10,0,1.7293832823399777,0.91009462231269356
monthly_share,Dormaa_Municipal,DORMAA MUNICIPAL,TZ,11,0.00064987586526309648,1.7293832823399777,0.91009462231269356
monthly_share,Dormaa_Municipal,DORMAA MUNICIPAL,TZ,12,0.019496313440602094,1.7293832823399777,0.91009462231269356
monthly_share,Dormaa_West,DORMAA WEST,TZ,1,0.11111105651018041,1.8924073963030368,0.98667922528455454
monthly_share,Dormaa_West,DORMAA WEST,TZ,2,0.88888894348981962,1.8924073963030368,0.98667922528455454
monthly_share,Dormaa_West,DORMAA WEST,TZ,3,0,1.8924073963030368,0.98667922528455454
monthly_share,Dormaa_West,DORMAA WEST,TZ,4,0,1.8924073963030368,0.98667922528455454
monthly_share,Dormaa_West,DORMAA WEST,TZ,5,0,1.8924073963030368,0.98667922528455454
monthly_share,Dormaa_West,DORMAA WEST,TZ,6,0,1.8924073963030368,0.98667922528455454
monthly_share,Dormaa_West,DORMAA WEST,TZ,7,0,1.8924073963030368,0.98667922528455454
monthly_share,Dormaa_West,DORMAA WEST,TZ,8,0,1.8924073963030368,0.98667922528455454
monthly_share,Dormaa_West,DORMAA WEST,TZ,9,0,1.8924073963030368,0.98667922528455454
monthly_share,Dormaa_West,DORMAA WEST,TZ,10,0,1.8924073963030368,0.98667922528455454
monthly_share,Dormaa_West,DORMAA WEST,TZ,11,0,1.8924073963030368,0.98667922528455454
monthly_share,Dormaa_West,DORMAA WEST,TZ,12,0,1.8924073963030368,0.98667922528455454
monthly_share,Ejura_Sekyedumase,EJURA-SEKYEDUMASE,TZ,1,0.63059809017185287,1.2106434535222905,0.9489319908941326
monthly_share,Ejura_Sekyedumase,EJURA-SEKYEDUMASE,TZ,2,0.27002190770049334,1.2106434535222905,0.9489319908941326
monthly_share,Ejura_Sekyedumase,EJURA-SEKYEDUMASE,TZ,3,0.014812213705198161,1.2106434535222905,0.9489319908941326
monthly_share,Ejura_Sekyedumase,EJURA-SEKYEDUMASE,TZ,4,0.00034446986634580621,1.2106434535222905,0.9489319908941326
monthly_share,Ejura_Sekyedumase,EJURA-SEKYEDUMASE,TZ,5,0,1.2106434535222905,0.9489319908941326
monthly_share,Ejura_Sekyedumase,EJURA-SEKYEDUMASE,TZ,6,0,1.2106434535222905,0.9489319908941326
monthly_share,Ejura_Sekyedumase,EJURA-SEKYEDUMASE,TZ,7,0,1.2106434535222905,0.9489319908941326
monthly_share,Ejura_Sekyedumase,EJURA-SEKYEDUMASE,TZ,8,0,1.2106434535222905,0.9489319908941326
monthly_share,Ejura_Sekyedumase,EJURA-SEKYEDUMASE,TZ,9,0,1.2106434535222905,0.9489319908941326
monthly_share,Ejura_Sekyedumase,EJURA-SEKYEDUMASE,TZ,10,0,1.2106434535222905,0.9489319908941326
monthly_share,Ejura_Sekyedumase,EJURA-SEKYEDUMASE,TZ,11,0.0044350748357422269,1.2106434535222905,0.9489319908941326
monthly_share,Ejura_Sekyedumase,EJURA-SEKYEDUMASE,TZ,12,0.079788243720367594,1.2106434535222905,0.9489319908941326
monthly_share,Jaman_North,JAMAN NORTH,TZ,1,0.39000442238175048,0.99194162218301862,0.89219613800611974
monthly_share,Jaman_North,JAMAN NORTH,TZ,2,0.24128119227170386,0.99194162218301862,0.89219613800611974
monthly_share,Jaman_North,JAMAN NORTH,TZ,3,0.049675220943452912,0.99194162218301862,0.89219613800611974
monthly_share,Jaman_North,JAMAN NORTH,TZ,4,0,0.99194162218301862,0.89219613800611974
monthly_share,Jaman_North,JAMAN NORTH,TZ,5,0,0.99194162218301862,0.89219613800611974
monthly_share,Jaman_North,JAMAN NORTH,TZ,6,0,0.99194162218301862,0.89219613800611974
monthly_share,Jaman_North,JAMAN NORTH,TZ,7,0,0.99194162218301862,0.89219613800611974
monthly_share,Jaman_North,JAMAN NORTH,TZ,8,0,0.99194162218301862,0.89219613800611974
monthly_share,Jaman_North,JAMAN NORTH,TZ,9,0,0.99194162218301862,0.89219613800611974
monthly_share,Jaman_North,JAMAN NORTH,TZ,10,0,0.99194162218301862,0.89219613800611974
monthly_share,Jaman_North,JAMAN NORTH,TZ,11,0.021598227234932443,0.99194162218301862,0.89219613800611974
monthly_share,Jaman_North,JAMAN NORTH,TZ,12,0.29744093716816034,0.99194162218301862,0.89219613800611974
monthly_share,Jaman_South_Municipal,JAMAN SOUTH MUNICIPAL,TZ,1,0.073690612511980252,1.9901634017486309,0.9270698541080743
monthly_share,Jaman_South_Municipal,JAMAN SOUTH MUNICIPAL,TZ,2,0.75274044733920342,1.9901634017486309,0.9270698541080743
monthly_share,Jaman_South_Municipal,JAMAN SOUTH MUNICIPAL,TZ,3,0.088915929976705166,1.9901634017486309,0.9270698541080743
monthly_share,Jaman_South_Municipal,JAMAN SOUTH MUNICIPAL,TZ,4,0.036540737501292712,1.9901634017486309,0.9270698541080743
monthly_share,Jaman_South_Municipal,JAMAN SOUTH MUNICIPAL,TZ,5,0,1.9901634017486309,0.9270698541080743
monthly_share,Jaman_South_Municipal,JAMAN SOUTH MUNICIPAL,TZ,6,0,1.9901634017486309,0.9270698541080743
monthly_share,Jaman_South_Municipal,JAMAN SOUTH MUNICIPAL,TZ,7,0,1.9901634017486309,0.9270698541080743
monthly_share,Jaman_South_Municipal,JAMAN SOUTH MUNICIPAL,TZ,8,0,1.9901634017486309,0.9270698541080743
monthly_share,Jaman_South_Municipal,JAMAN SOUTH MUNICIPAL,TZ,9,0,1.9901634017486309,0.9270698541080743
monthly_share,Jaman_South_Municipal,JAMAN SOUTH MUNICIPAL,TZ,10,0,1.9901634017486309,0.9270698541080743
monthly_share,Jaman_South_Municipal,JAMAN SOUTH MUNICIPAL,TZ,11,0.017661582137530406,1.9901634017486309,0.9270698541080743
monthly_share,Jaman_South_Municipal,JAMAN SOUTH MUNICIPAL,TZ,12,0.03045069053328801,1.9901634017486309,0.9270698541080743
monthly_share,Kintampo_South,KINTAMPO SOUTH,TZ,1,0.52641251261295485,0.70132381940005928,0.93163855696753806
monthly_share,Kintampo_South,KINTAMPO SOUTH,TZ,2,0.081142278259922998,0.70132381940005928,0.93163855696753806
monthly_share,Kintampo_South,KINTAMPO SOUTH,TZ,3,0.01529645625203529,0.70132381940005928,0.93163855696753806
monthly_share,Kintampo_South,KINTAMPO SOUTH,TZ,4,0.00014229139902799496,0.70132381940005928,0.93163855696753806
monthly_share,Kintampo_South,KINTAMPO SOUTH,TZ,5,0,0.70132381940005928,0.93163855696753806
monthly_share,Kintampo_South,KINTAMPO SOUTH,TZ,6,0,0.70132381940005928,0.93163855696753806
monthly_share,Kintampo_South,KINTAMPO SOUTH,TZ,7,0,0.70132381940005928,0.93163855696753806
monthly_share,Kintampo_South,KINTAMPO SOUTH,TZ,8,0,0.70132381940005928,0.93163855696753806
monthly_share,Kintampo_South,KINTAMPO SOUTH,TZ,9,0,0.70132381940005928,0.93163855696753806
monthly_share,Kintampo_South,KINTAMPO SOUTH,TZ,10,0,0.70132381940005928,0.93163855696753806
monthly_share,Kintampo_South,KINTAMPO SOUTH,TZ,11,0.028850043386707828,0.70132381940005928,0.93163855696753806
monthly_share,Kintampo_South,KINTAMPO SOUTH,TZ,12,0.34815641808935099,0.70132381940005928,0.93163855696753806
monthly_share,Nkoranza_North,NKORANZA NORTH,TZ,1,0.5668799286356534,0.79123179450977332,0.9339026855714041
monthly_share,Nkoranza_North,NKORANZA NORTH,TZ,2,0.097198942808411043,0.79123179450977332,0.9339026855714041
monthly_share,Nkoranza_North,NKORANZA NORTH,TZ,3,0.017379594785245703,0.79123179450977332,0.9339026855714041
monthly_share,Nkoranza_North,NKORANZA NORTH,TZ,4,0.00043131702788762354,0.79123179450977332,0.9339026855714041
monthly_share,Nkoranza_North,NKORANZA NORTH,TZ,5,0,0.79123179450977332,0.9339026855714041
monthly_share,Nkoranza_North,NKORANZA NORTH,TZ,6,0,0.79123179450977332,0.9339026855714041
monthly_share,Nkoranza_North,NKORANZA NORTH,TZ,7,0,0.79123179450977332,0.9339026855714041
monthly_share,Nkoranza_North,NKORANZA NORTH,TZ,8,0,0.79123179450977332,0.9339026855714041
monthly_share,Nkoranza_North,NKORANZA NORTH,TZ,9,0,0.79123179450977332,0.9339026855714041
monthly_share,Nkoranza_North,NKORANZA NORTH,TZ,10,0,0.79123179450977332,0.9339026855714041
monthly_share,Nkoranza_North,NKORANZA NORTH,TZ,11,0.018876556368894907,0.79123179450977332,0.9339026855714041
monthly_share,Nkoranza_North,NKORANZA NORTH,TZ,12,0.29923366037390731,0.79123179450977332,0.9339026855714041
monthly_share,Nkoranza_South,NKORANZA SOUTH,TZ,1,0.37959968945280514,1.6305688731834624,0.9021752710711749
monthly_share,Nkoranza_South,NKORANZA SOUTH,TZ,2,0.41725647630790014,1.6305688731834624,0.9021752710711749
monthly_share,Nkoranza_South,NKORANZA SOUTH,TZ,3,0.10804962084406626,1.6305688731834624,0.9021752710711749
monthly_share,Nkoranza_South,NKORANZA SOUTH,TZ,4,0.026083886597059444,1.6305688731834624,0.9021752710711749
monthly_share,Nkoranza_South,NKORANZA SOUTH,TZ,5,0,1.6305688731834624,0.9021752710711749
monthly_share,Nkoranza_South,NKORANZA SOUTH,TZ,6,0,1.6305688731834624,0.9021752710711749
monthly_share,Nkoranza_South,NKORANZA SOUTH,TZ,7,0,1.6305688731834624,0.9021752710711749
monthly_share,Nkoranza_South,NKORANZA SOUTH,TZ,8,0,1.6305688731834624,0.9021752710711749
monthly_share,Nkoranza_South,NKORANZA SOUTH,TZ,9,0,1.6305688731834624,0.9021752710711749
monthly_share,Nkoranza_South,NKORANZA SOUTH,TZ,10,0,1.6305688731834624,0.9021752710711749
monthly_share,Nkoranza_South,NKORANZA SOUTH,TZ,11,0.0035412057930009487,1.6305688731834624,0.9021752710711749
monthly_share,Nkoranza_South,NKORANZA SOUTH,TZ,12,0.065469121005168052,1.6305688731834624,0.9021752710711749
monthly_share,Offinso_North,OFFINSO NORTH,TZ,1,0.32795652880683551,1.6995457855969884,0.91902174327861719
monthly_share,Offinso_North,OFFINSO NORTH,TZ,2,0.47677821708292328,1.6995457855969884,0.91902174327861719
monthly_share,Offinso_North,OFFINSO NORTH,TZ,3,0.13542376194648684,1.6995457855969884,0.91902174327861719
monthly_share,Offinso_North,OFFINSO NORTH,TZ,4,0.001821263010227862,1.6995457855969884,0.91902174327861719
monthly_share,Offinso_North,OFFINSO NORTH,TZ,5,0.00052035595577940507,1.6995457855969884,0.91902174327861719
monthly_share,Offinso_North,OFFINSO NORTH,TZ,6,0,1.6995457855969884,0.91902174327861719
monthly_share,Offinso_North,OFFINSO NORTH,TZ,7,0,1.6995457855969884,0.91902174327861719
monthly_share,Offinso_North,OFFINSO NORTH,TZ,8,0,1.6995457855969884,0.91902174327861719
monthly_share,Offinso_North,OFFINSO NORTH,TZ,9,0,1.6995457855969884,0.91902174327861719
monthly_share,Offinso_North,OFFINSO NORTH,TZ,10,0,1.6995457855969884,0.91902174327861719
monthly_share,Offinso_North,OFFINSO NORTH,TZ,11,0.0001300902822634066,1.6995457855969884,0.91902174327861719
monthly_share,Offinso_North,OFFINSO NORTH,TZ,12,0.057369782915483745,1.6995457855969884,0.91902174327861719
monthly_share,Pru_West,PRU WEST,TZ,1,0.4871087298355013,0.48422829929792854,0.95387400711428771
monthly_share,Pru_West,PRU WEST,TZ,2,0.011785341248488195,0.48422829929792854,0.95387400711428771
monthly_share,Pru_West,PRU WEST,TZ,3,0.0012405592547479775,0.48422829929792854,0.95387400711428771
monthly_share,Pru_West,PRU WEST,TZ,4,0,0.48422829929792854,0.95387400711428771
monthly_share,Pru_West,PRU WEST,TZ,5,0,0.48422829929792854,0.95387400711428771
monthly_share,Pru_West,PRU WEST,TZ,6,0,0.48422829929792854,0.95387400711428771
monthly_share,Pru_West,PRU WEST,TZ,7,0,0.48422829929792854,0.95387400711428771
monthly_share,Pru_West,PRU WEST,TZ,8,0,0.48422829929792854,0.95387400711428771
monthly_share,Pru_West,PRU WEST,TZ,9,0,0.48422829929792854,0.95387400711428771
monthly_share,Pru_West,PRU WEST,TZ,10,4.045330365177314e-05,0.48422829929792854,0.95387400711428771
monthly_share,Pru_West,PRU WEST,TZ,11,0.031405186596196719,0.48422829929792854,0.95387400711428771
monthly_share,Pru_West,PRU WEST,TZ,12,0.46841972976141388,0.48422829929792854,0.95387400711428771
monthly_share,Sunyani_Municipal,SUNYANI MUNICIPAL,TZ,1,0.041782729085805763,2.7630422330042164,0.87763031047323736
monthly_share,Sunyani_Municipal,SUNYANI MUNICIPAL,TZ,2,0.47632391768644777,2.7630422330042164,0.87763031047323736
monthly_share,Sunyani_Municipal,SUNYANI MUNICIPAL,TZ,3,0.15041791312261385,2.7630422330042164,0.87763031047323736
monthly_share,Sunyani_Municipal,SUNYANI MUNICIPAL,TZ,4,0.33147544010513258,2.7630422330042164,0.87763031047323736
monthly_share,Sunyani_Municipal,SUNYANI MUNICIPAL,TZ,5,0,2.7630422330042164,0.87763031047323736
monthly_share,Sunyani_Municipal,SUNYANI MUNICIPAL,TZ,6,0,2.7630422330042164,0.87763031047323736
monthly_share,Sunyani_Municipal,SUNYANI MUNICIPAL,TZ,7,0,2.7630422330042164,0.87763031047323736
monthly_share,Sunyani_Municipal,SUNYANI MUNICIPAL,TZ,8,0,2.7630422330042164,0.87763031047323736
monthly_share,Sunyani_Municipal,SUNYANI MUNICIPAL,TZ,9,0,2.7630422330042164,0.87763031047323736
monthly_share,Sunyani_Municipal,SUNYANI MUNICIPAL,TZ,10,0,2.7630422330042164,0.87763031047323736
monthly_share,Sunyani_Municipal,SUNYANI MUNICIPAL,TZ,11,0,2.7630422330042164,0.87763031047323736
monthly_share,Sunyani_Municipal,SUNYANI MUNICIPAL,TZ,12,0,2.7630422330042164,0.87763031047323736
monthly_share,Sunyani_West,SUNYANI WEST,TZ,1,0.26597829192743816,1.8652454057948464,0.93254391402559045
monthly_share,Sunyani_West,SUNYANI WEST,TZ,2,0.62058205861642313,1.8652454057948464,0.93254391402559045
monthly_share,Sunyani_West,SUNYANI WEST,TZ,3,0.063392770582267957,1.8652454057948464,0.93254391402559045
monthly_share,Sunyani_West,SUNYANI WEST,TZ,4,0.044260207489230569,1.8652454057948464,0.93254391402559045
monthly_share,Sunyani_West,SUNYANI WEST,TZ,5,0.0011990443719560526,1.8652454057948464,0.93254391402559045
monthly_share,Sunyani_West,SUNYANI WEST,TZ,6,0,1.8652454057948464,0.93254391402559045
monthly_share,Sunyani_West,SUNYANI WEST,TZ,7,0,1.8652454057948464,0.93254391402559045
monthly_share,Sunyani_West,SUNYANI WEST,TZ,8,0,1.8652454057948464,0.93254391402559045
monthly_share,Sunyani_West,SUNYANI WEST,TZ,9,0,1.8652454057948464,0.93254391402559045
monthly_share,Sunyani_West,SUNYANI WEST,TZ,10,0,1.8652454057948464,0.93254391402559045
monthly_share,Sunyani_West,SUNYANI WEST,TZ,11,5.213189675127133e-05,1.8652454057948464,0.93254391402559045
monthly_share,Sunyani_West,SUNYANI WEST,TZ,12,0.0045354951159327708,1.8652454057948464,0.93254391402559045
monthly_share,Tain,TAIN,TZ,1,0.39419999822141871,1.1040226282245396,0.86103978899022993
monthly_share,Tain,TAIN,TZ,2,0.22247659560376748,1.1040226282245396,0.86103978899022993
monthly_share,Tain,TAIN,TZ,3,0.040811006408241736,1.1040226282245396,0.86103978899022993
monthly_share,Tain,TAIN,TZ,4,0.048894753524343949,1.1040226282245396,0.86103978899022993
monthly_share,Tain,TAIN,TZ,5,0,1.1040226282245396,0.86103978899022993
monthly_share,Tain,TAIN,TZ,6,0,1.1040226282245396,0.86103978899022993
monthly_share,Tain,TAIN,TZ,7,0,1.1040226282245396,0.86103978899022993
monthly_share,Tain,TAIN,TZ,8,0,1.1040226282245396,0.86103978899022993
monthly_share,Tain,TAIN,TZ,9,0,1.1040226282245396,0.86103978899022993
monthly_share,Tain,TAIN,TZ,10,0,1.1040226282245396,0.86103978899022993
monthly_share,Tain,TAIN,TZ,11,0.0048993410665444182,1.1040226282245396,0.86103978899022993
monthly_share,Tain,TAIN,TZ,12,0.2887183051756837,1.1040226282245396,0.86103978899022993
monthly_share,Tano_North_Municipal,TANO NORTH MUNICIPAL,TZ,1,0.15497674786295826,2.1430671445001463,0.92831855029609534
monthly_share,Tano_North_Municipal,TANO NORTH MUNICIPAL,TZ,2,0.56297128961322673,2.1430671445001463,0.92831855029609534
monthly_share,Tano_North_Municipal,TANO NORTH MUNICIPAL,TZ,3,0.23906558744768278,2.1430671445001463,0.92831855029609534
monthly_share,Tano_North_Municipal,TANO NORTH MUNICIPAL,TZ,4,0.03733031029597992,2.1430671445001463,0.92831855029609534
monthly_share,Tano_North_Municipal,TANO NORTH MUNICIPAL,TZ,5,0,2.1430671445001463,0.92831855029609534
monthly_share,Tano_North_Municipal,TANO NORTH MUNICIPAL,TZ,6,0,2.1430671445001463,0.92831855029609534
monthly_share,Tano_North_Municipal,TANO NORTH MUNICIPAL,TZ,7,0,2.1430671445001463,0.92831855029609534
monthly_share,Tano_North_Municipal,TANO NORTH MUNICIPAL,TZ,8,0,2.1430671445001463,0.92831855029609534
monthly_share,Tano_North_Municipal,TANO NORTH MUNICIPAL,TZ,9,0,2.1430671445001463,0.92831855029609534
monthly_share,Tano_North_Municipal,TANO NORTH MUNICIPAL,TZ,10,0,2.1430671445001463,0.92831855029609534
monthly_share,Tano_North_Municipal,TANO NORTH MUNICIPAL,TZ,11,0,2.1430671445001463,0.92831855029609534
monthly_share,Tano_North_Municipal,TANO NORTH MUNICIPAL,TZ,12,0.0056560647801523981,2.1430671445001463,0.92831855029609534
monthly_share,Tano_South_Municipal,TANO SOUTH MUNICIPAL,TZ,1,0.064350003735181432,2.0023072073154848,0.92549236615941499
monthly_share,Tano_South_Municipal,TANO SOUTH MUNICIPAL,TZ,2,0.66537977429395689,2.0023072073154848,0.92549236615941499
monthly_share,Tano_South_Municipal,TANO SOUTH MUNICIPAL,TZ,3,0.18918923897101705,2.0023072073154848,0.92549236615941499
monthly_share,Tano_South_Municipal,TANO SOUTH MUNICIPAL,TZ,4,0.0051480101058702082,2.0023072073154848,0.92549236615941499
monthly_share,Tano_South_Municipal,TANO SOUTH MUNICIPAL,TZ,5,0,2.0023072073154848,0.92549236615941499
monthly_share,Tano_South_Municipal,TANO SOUTH MUNICIPAL,TZ,6,0,2.0023072073154848,0.92549236615941499
monthly_share,Tano_South_Municipal,TANO SOUTH MUNICIPAL,TZ,7,0,2.0023072073154848,0.92549236615941499
monthly_share,Tano_South_Municipal,TANO SOUTH MUNICIPAL,TZ,8,0,2.0023072073154848,0.92549236615941499
monthly_share,Tano_South_Municipal,TANO SOUTH MUNICIPAL,TZ,9,0,2.0023072073154848,0.92549236615941499
monthly_share,Tano_South_Municipal,TANO SOUTH MUNICIPAL,TZ,10,0,2.0023072073154848,0.92549236615941499
monthly_share,Tano_South_Municipal,TANO SOUTH MUNICIPAL,TZ,11,0,2.0023072073154848,0.92549236615941499
monthly_share,Tano_South_Municipal,TANO SOUTH MUNICIPAL,TZ,12,0.07593297289397441,2.0023072073154848,0.92549236615941499
monthly_share,Techiman_Municipal,TECHIMAN MUNICIPAL,TZ,1,0.3935130198422197,1.4964061361965761,0.90258186047929412
monthly_share,Techiman_Municipal,TECHIMAN MUNICIPAL,TZ,2,0.37297343409149752,1.4964061361965761,0.90258186047929412
monthly_share,Techiman_Municipal,TECHIMAN MUNICIPAL,TZ,3,0.11459478316526632,1.4964061361965761,0.90258186047929412
monthly_share,Techiman_Municipal,TECHIMAN MUNICIPAL,TZ,4,0.0043243231885519958,1.4964061361965761,0.90258186047929412
monthly_share,Techiman_Municipal,TECHIMAN MUNICIPAL,TZ,5,0,1.4964061361965761,0.90258186047929412
monthly_share,Techiman_Municipal,TECHIMAN MUNICIPAL,TZ,6,0,1.4964061361965761,0.90258186047929412
monthly_share,Techiman_Municipal,TECHIMAN MUNICIPAL,TZ,7,0,1.4964061361965761,0.90258186047929412
monthly_share,Techiman_Municipal,TECHIMAN MUNICIPAL,TZ,8,0,1.4964061361965761,0.90258186047929412
monthly_share,Techiman_Municipal,TECHIMAN MUNICIPAL,TZ,9,0,1.4964061361965761,0.90258186047929412
monthly_share,Techiman_Municipal,TECHIMAN MUNICIPAL,TZ,10,0,1.4964061361965761,0.90258186047929412
monthly_share,Techiman_Municipal,TECHIMAN MUNICIPAL,TZ,11,0.0021621598556746079,1.4964061361965761,0.90258186047929412
monthly_share,Techiman_Municipal,TECHIMAN MUNICIPAL,TZ,12,0.1124322798567899,1.4964061361965761,0.90258186047929412
monthly_share,Techiman_North,TECHIMAN NORTH,TZ,1,0.23106791644425298,1.8228604502859254,0.95036063207145172
monthly_share,Techiman_North,TECHIMAN NORTH,TZ,2,0.66990308111810526,1.8228604502859254,0.95036063207145172
monthly_share,Techiman_North,TECHIMAN NORTH,TZ,3,0.075728074756382838,1.8228604502859254,0.95036063207145172
monthly_share,Techiman_North,TECHIMAN NORTH,TZ,4,0.0058252279814754422,1.8228604502859254,0.95036063207145172
monthly_share,Techiman_North,TECHIMAN NORTH,TZ,5,0,1.8228604502859254,0.95036063207145172
monthly_share,Techiman_North,TECHIMAN NORTH,TZ,6,0,1.8228604502859254,0.95036063207145172
monthly_share,Techiman_North,TECHIMAN NORTH,TZ,7,0,1.8228604502859254,0.95036063207145172
monthly_share,Techiman_North,TECHIMAN NORTH,TZ,8,0,1.8228604502859254,0.95036063207145172
monthly_share,Techiman_North,TECHIMAN NORTH,TZ,9,0,1.8228604502859254,0.95036063207145172
monthly_share,Techiman_North,TECHIMAN NORTH,TZ,10,0,1.8228604502859254,0.95036063207145172
monthly_share,Techiman_North,TECHIMAN NORTH,TZ,11,0.0019417566652538847,1.8228604502859254,0.95036063207145172
monthly_share,Techiman_North,TECHIMAN NORTH,TZ,12,0.015533943034529773,1.8228604502859254,0.95036063207145172
monthly_share,Wenchi_Municipal,WENCHI MUNICIPAL,TZ,1,0.27856112698686458,0.82647687402664793,0.87771785644722933
monthly_share,Wenchi_Municipal,WENCHI MUNICIPAL,TZ,2,0.20931783100524257,0.82647687402664793,0.87771785644722933
monthly_share,Wenchi_Municipal,WENCHI MUNICIPAL,TZ,3,0.046069887634759901,0.82647687402664793,0.87771785644722933
monthly_share,Wenchi_Municipal,WENCHI MUNICIPAL,TZ,4,0.0089468823605770263,0.82647687402664793,0.87771785644722933
monthly_share,Wenchi_Municipal,WENCHI MUNICIPAL,TZ,5,0,0.82647687402664793,0.87771785644722933
monthly_share,Wenchi_Municipal,WENCHI MUNICIPAL,TZ,6,0,0.82647687402664793,0.87771785644722933
monthly_share,Wenchi_Municipal,WENCHI MUNICIPAL,TZ,7,0,0.82647687402664793,0.87771785644722933
monthly_share,Wenchi_Municipal,WENCHI MUNICIPAL,TZ,8,0,0.82647687402664793,0.87771785644722933
monthly_share,Wenchi_Municipal,WENCHI MUNICIPAL,TZ,9,0,0.82647687402664793,0.87771785644722933
monthly_share,Wenchi_Municipal,WENCHI MUNICIPAL,TZ,10,0.00013353911565386911,0.82647687402664793,0.87771785644722933
monthly_share,Wenchi_Municipal,WENCHI MUNICIPAL,TZ,11,0.012352375877770851,0.82647687402664793,0.87771785644722933
monthly_share,Wenchi_Municipal,WENCHI MUNICIPAL,TZ,12,0.44461835701913111,0.82647687402664793,0.87771785644722933
