unit_id,year,annual_ba_km2,fixed_burnable_union_km2,annual_ba_per100km2_fixed_support,unit_name,parent_id,parent_code,parent_name,dominant_overlap_share
Abuakwa_North,2001,0,133.36936803125,0,ABUAKWA NORTH,forest_zone,FZ,FOREST ZONE,0.999999999999999
Abuakwa_North,2002,0,133.36936803125,0,ABUAKWA NORTH,forest_zone,FZ,FOREST ZONE,0.999999999999999
Abuakwa_North,2003,0,133.36936803125,0,ABUAKWA NORTH,forest_zone,FZ,FOREST ZONE,0.999999999999999
Abuakwa_North,2004,1.282398234375,133.36936803125,0.961538810077078,ABUAKWA NORTH,forest_zone,FZ,FOREST ZONE,0.999999999999999
Abuakwa_North,2005,0,133.36936803125,0,ABUAKWA NORTH,forest_zone,FZ,FOREST ZONE,0.999999999999999
Abuakwa_North,2006,0,133.36936803125,0,ABUAKWA NORTH,forest_zone,FZ,FOREST ZONE,0.999999999999999
Abuakwa_North,2007,0.213732921875,133.36936803125,0.160256380479302,ABUAKWA NORTH,forest_zone,FZ,FOREST ZONE,0.999999999999999
Abuakwa_North,2008,0,133.36936803125,0,ABUAKWA NORTH,forest_zone,FZ,FOREST ZONE,0.999999999999999
Abuakwa_North,2009,0,133.36936803125,0,ABUAKWA NORTH,forest_zone,FZ,FOREST ZONE,0.999999999999999
Abuakwa_North,2010,0,133.36936803125,0,ABUAKWA NORTH,forest_zone,FZ,FOREST ZONE,0.999999999999999
Abuakwa_North,2011,0,133.36936803125,0,ABUAKWA NORTH,forest_zone,FZ,FOREST ZONE,0.999999999999999
Abuakwa_North,2012,0,133.36936803125,0,ABUAKWA NORTH,forest_zone,FZ,FOREST ZONE,0.999999999999999
Abuakwa_North,2013,0,133.36936803125,0,ABUAKWA NORTH,forest_zone,FZ,FOREST ZONE,0.999999999999999
Abuakwa_North,2014,0,133.36936803125,0,ABUAKWA NORTH,forest_zone,FZ,FOREST ZONE,0.999999999999999
Abuakwa_North,2015,0,133.36936803125,0,ABUAKWA NORTH,forest_zone,FZ,FOREST ZONE,0.999999999999999
Abuakwa_North,2016,0,133.36936803125,0,ABUAKWA NORTH,forest_zone,FZ,FOREST ZONE,0.999999999999999
Abuakwa_North,2017,0.213733015625,133.36936803125,0.160256450772804,ABUAKWA NORTH,forest_zone,FZ,FOREST ZONE,0.999999999999999
Abuakwa_North,2018,0.213733109375,133.36936803125,0.160256521066307,ABUAKWA NORTH,forest_zone,FZ,FOREST ZONE,0.999999999999999
Abuakwa_North,2019,0,133.36936803125,0,ABUAKWA NORTH,forest_zone,FZ,FOREST ZONE,0.999999999999999
Abuakwa_North,2020,1.709866265625,133.36936803125,1.28205321121741,ABUAKWA NORTH,forest_zone,FZ,FOREST ZONE,0.999999999999999
Abuakwa_North,2021,0,133.36936803125,0,ABUAKWA NORTH,forest_zone,FZ,FOREST ZONE,0.999999999999999
Abuakwa_North,2022,1.9235975,133.36936803125,1.44230832641366,ABUAKWA NORTH,forest_zone,FZ,FOREST ZONE,0.999999999999999
Abuakwa_North,2023,0,133.36936803125,0,ABUAKWA NORTH,forest_zone,FZ,FOREST ZONE,0.999999999999999
Abuakwa_North,2024,0,133.36936803125,0,ABUAKWA NORTH,forest_zone,FZ,FOREST ZONE,0.999999999999999
Abuakwa_South,2001,0,297.08765471875,0,ABUAKWA SOUTH,forest_zone,FZ,FOREST ZONE,1
Abuakwa_South,2002,0,297.08765471875,0,ABUAKWA SOUTH,forest_zone,FZ,FOREST ZONE,1
Abuakwa_South,2003,0,297.08765471875,0,ABUAKWA SOUTH,forest_zone,FZ,FOREST ZONE,1
Abuakwa_South,2004,0,297.08765471875,0,ABUAKWA SOUTH,forest_zone,FZ,FOREST ZONE,1
Abuakwa_South,2005,0,297.08765471875,0,ABUAKWA SOUTH,forest_zone,FZ,FOREST ZONE,1
Abuakwa_South,2006,0,297.08765471875,0,ABUAKWA SOUTH,forest_zone,FZ,FOREST ZONE,1
Abuakwa_South,2007,0,297.08765471875,0,ABUAKWA SOUTH,forest_zone,FZ,FOREST ZONE,1
Abuakwa_South,2008,0,297.08765471875,0,ABUAKWA SOUTH,forest_zone,FZ,FOREST ZONE,1
Abuakwa_South,2009,0,297.08765471875,0,ABUAKWA SOUTH,forest_zone,FZ,FOREST ZONE,1
Abuakwa_South,2010,0,297.08765471875,0,ABUAKWA SOUTH,forest_zone,FZ,FOREST ZONE,1
Abuakwa_South,2011,0,297.08765471875,0,ABUAKWA SOUTH,forest_zone,FZ,FOREST ZONE,1
Abuakwa_South,2012,0,297.08765471875,0,ABUAKWA SOUTH,forest_zone,FZ,FOREST ZONE,1
Abuakwa_South,2013,0,297.08765471875,0,ABUAKWA SOUTH,forest_zone,FZ,FOREST ZONE,1
Abuakwa_South,2014,0,297.08765471875,0,ABUAKWA SOUTH,forest_zone,FZ,FOREST ZONE,1
Abuakwa_South,2015,0,297.08765471875,0,ABUAKWA SOUTH,forest_zone,FZ,FOREST ZONE,1
Abuakwa_South,2016,0,297.08765471875,0,ABUAKWA SOUTH,forest_zone,FZ,FOREST ZONE,1
Abuakwa_South,2017,0,297.08765471875,0,ABUAKWA SOUTH,forest_zone,FZ,FOREST ZONE,1
Abuakwa_South,2018,0.2137315,297.08765471875,0.0719422354329524,ABUAKWA SOUTH,forest_zone,FZ,FOREST ZONE,1
Abuakwa_South,2019,0.213732828125,297.08765471875,0.071942682481148,ABUAKWA SOUTH,forest_zone,FZ,FOREST ZONE,1
Abuakwa_South,2020,11.11406175,297.08765471875,3.74100423678714,ABUAKWA SOUTH,forest_zone,FZ,FOREST ZONE,1
Abuakwa_South,2021,0,297.08765471875,0,ABUAKWA SOUTH,forest_zone,FZ,FOREST ZONE,1
Abuakwa_South,2022,0.427464328125,297.08765471875,0.1438849179141,ABUAKWA SOUTH,forest_zone,FZ,FOREST ZONE,1
Abuakwa_South,2023,0,297.08765471875,0,ABUAKWA SOUTH,forest_zone,FZ,FOREST ZONE,1
Abuakwa_South,2024,0.213732171875,297.08765471875,0.0719424615867455,ABUAKWA SOUTH,forest_zone,FZ,FOREST ZONE,1
Abura_Asebu_Kwamankese,2001,0,314.814608953127,0,ABURA-ASEBU-KWAMANKESE,coastal_zone,CZ,COASTAL ZONE,0.999999998898171
Abura_Asebu_Kwamankese,2002,0,314.814608953127,0,ABURA-ASEBU-KWAMANKESE,coastal_zone,CZ,COASTAL ZONE,0.999999998898171
Abura_Asebu_Kwamankese,2003,0,314.814608953127,0,ABURA-ASEBU-KWAMANKESE,coastal_zone,CZ,COASTAL ZONE,0.999999998898171
Abura_Asebu_Kwamankese,2004,26.715390765625,314.814608953127,8.48607085117916,ABURA-ASEBU-KWAMANKESE,coastal_zone,CZ,COASTAL ZONE,0.999999998898171
Abura_Asebu_Kwamankese,2005,0.8548943125,314.814608953127,0.271554841543991,ABURA-ASEBU-KWAMANKESE,coastal_zone,CZ,COASTAL ZONE,0.999999998898171
Abura_Asebu_Kwamankese,2006,0,314.814608953127,0,ABURA-ASEBU-KWAMANKESE,coastal_zone,CZ,COASTAL ZONE,0.999999998898171
Abura_Asebu_Kwamankese,2007,5.556803703125,314.814608953127,1.76510350698254,ABURA-ASEBU-KWAMANKESE,coastal_zone,CZ,COASTAL ZONE,0.999999998898171
Abura_Asebu_Kwamankese,2008,0,314.814608953127,0,ABURA-ASEBU-KWAMANKESE,coastal_zone,CZ,COASTAL ZONE,0.999999998898171
Abura_Asebu_Kwamankese,2009,0,314.814608953127,0,ABURA-ASEBU-KWAMANKESE,coastal_zone,CZ,COASTAL ZONE,0.999999998898171
Abura_Asebu_Kwamankese,2010,0.213723453125,314.814608953127,0.0678886706800895,ABURA-ASEBU-KWAMANKESE,coastal_zone,CZ,COASTAL ZONE,0.999999998898171
Abura_Asebu_Kwamankese,2011,0,314.814608953127,0,ABURA-ASEBU-KWAMANKESE,coastal_zone,CZ,COASTAL ZONE,0.999999998898171
Abura_Asebu_Kwamankese,2012,0,314.814608953127,0,ABURA-ASEBU-KWAMANKESE,coastal_zone,CZ,COASTAL ZONE,0.999999998898171
Abura_Asebu_Kwamankese,2013,0,314.814608953127,0,ABURA-ASEBU-KWAMANKESE,coastal_zone,CZ,COASTAL ZONE,0.999999998898171
Abura_Asebu_Kwamankese,2014,0,314.814608953127,0,ABURA-ASEBU-KWAMANKESE,coastal_zone,CZ,COASTAL ZONE,0.999999998898171
Abura_Asebu_Kwamankese,2015,0,314.814608953127,0,ABURA-ASEBU-KWAMANKESE,coastal_zone,CZ,COASTAL ZONE,0.999999998898171
Abura_Asebu_Kwamankese,2016,0,314.814608953127,0,ABURA-ASEBU-KWAMANKESE,coastal_zone,CZ,COASTAL ZONE,0.999999998898171
Abura_Asebu_Kwamankese,2017,0,314.814608953127,0,ABURA-ASEBU-KWAMANKESE,coastal_zone,CZ,COASTAL ZONE,0.999999998898171
Abura_Asebu_Kwamankese,2018,0,314.814608953127,0,ABURA-ASEBU-KWAMANKESE,coastal_zone,CZ,COASTAL ZONE,0.999999998898171
Abura_Asebu_Kwamankese,2019,0,314.814608953127,0,ABURA-ASEBU-KWAMANKESE,coastal_zone,CZ,COASTAL ZONE,0.999999998898171
Abura_Asebu_Kwamankese,2020,0,314.814608953127,0,ABURA-ASEBU-KWAMANKESE,coastal_zone,CZ,COASTAL ZONE,0.999999998898171
Abura_Asebu_Kwamankese,2021,0,314.814608953127,0,ABURA-ASEBU-KWAMANKESE,coastal_zone,CZ,COASTAL ZONE,0.999999998898171
Abura_Asebu_Kwamankese,2022,0,314.814608953127,0,ABURA-ASEBU-KWAMANKESE,coastal_zone,CZ,COASTAL ZONE,0.999999998898171
Abura_Asebu_Kwamankese,2023,0,314.814608953127,0,ABURA-ASEBU-KWAMANKESE,coastal_zone,CZ,COASTAL ZONE,0.999999998898171
Abura_Asebu_Kwamankese,2024,0,314.814608953127,0,ABURA-ASEBU-KWAMANKESE,coastal_zone,CZ,COASTAL ZONE,0.999999998898171
Accra_Metropolis,2001,0,0.21372575,0,ACCRA METROPOLIS,coastal_zone,CZ,COASTAL ZONE,0.999999996677764
Accra_Metropolis,2002,0,0.21372575,0,ACCRA METROPOLIS,coastal_zone,CZ,COASTAL ZONE,0.999999996677764
Accra_Metropolis,2003,0,0.21372575,0,ACCRA METROPOLIS,coastal_zone,CZ,COASTAL ZONE,0.999999996677764
Accra_Metropolis,2004,0,0.21372575,0,ACCRA METROPOLIS,coastal_zone,CZ,COASTAL ZONE,0.999999996677764
Accra_Metropolis,2005,0,0.21372575,0,ACCRA METROPOLIS,coastal_zone,CZ,COASTAL ZONE,0.999999996677764
Accra_Metropolis,2006,0,0.21372575,0,ACCRA METROPOLIS,coastal_zone,CZ,COASTAL ZONE,0.999999996677764
Accra_Metropolis,2007,0,0.21372575,0,ACCRA METROPOLIS,coastal_zone,CZ,COASTAL ZONE,0.999999996677764
Accra_Metropolis,2008,0,0.21372575,0,ACCRA METROPOLIS,coastal_zone,CZ,COASTAL ZONE,0.999999996677764
Accra_Metropolis,2009,0,0.21372575,0,ACCRA METROPOLIS,coastal_zone,CZ,COASTAL ZONE,0.999999996677764
Accra_Metropolis,2010,0,0.21372575,0,ACCRA METROPOLIS,coastal_zone,CZ,COASTAL ZONE,0.999999996677764
Accra_Metropolis,2011,0,0.21372575,0,ACCRA METROPOLIS,coastal_zone,CZ,COASTAL ZONE,0.999999996677764
Accra_Metropolis,2012,0,0.21372575,0,ACCRA METROPOLIS,coastal_zone,CZ,COASTAL ZONE,0.999999996677764
Accra_Metropolis,2013,0,0.21372575,0,ACCRA METROPOLIS,coastal_zone,CZ,COASTAL ZONE,0.999999996677764
Accra_Metropolis,2014,0,0.21372575,0,ACCRA METROPOLIS,coastal_zone,CZ,COASTAL ZONE,0.999999996677764
Accra_Metropolis,2015,0,0.21372575,0,ACCRA METROPOLIS,coastal_zone,CZ,COASTAL ZONE,0.999999996677764
Accra_Metropolis,2016,0,0.21372575,0,ACCRA METROPOLIS,coastal_zone,CZ,COASTAL ZONE,0.999999996677764
Accra_Metropolis,2017,0,0.21372575,0,ACCRA METROPOLIS,coastal_zone,CZ,COASTAL ZONE,0.999999996677764
Accra_Metropolis,2018,0,0.21372575,0,ACCRA METROPOLIS,coastal_zone,CZ,COASTAL ZONE,0.999999996677764
Accra_Metropolis,2019,0,0.21372575,0,ACCRA METROPOLIS,coastal_zone,CZ,COASTAL ZONE,0.999999996677764
Accra_Metropolis,2020,0,0.21372575,0,ACCRA METROPOLIS,coastal_zone,CZ,COASTAL ZONE,0.999999996677764
Accra_Metropolis,2021,0,0.21372575,0,ACCRA METROPOLIS,coastal_zone,CZ,COASTAL ZONE,0.999999996677764
Accra_Metropolis,2022,0,0.21372575,0,ACCRA METROPOLIS,coastal_zone,CZ,COASTAL ZONE,0.999999996677764
Accra_Metropolis,2023,0,0.21372575,0,ACCRA METROPOLIS,coastal_zone,CZ,COASTAL ZONE,0.999999996677764
Accra_Metropolis,2024,0,0.21372575,0,ACCRA METROPOLIS,coastal_zone,CZ,COASTAL ZONE,0.999999996677764
Achiase,2001,0,354.147875140623,0,ACHIASE,forest_zone,FZ,FOREST ZONE,1
Achiase,2002,0,354.147875140623,0,ACHIASE,forest_zone,FZ,FOREST ZONE,1
Achiase,2003,0,354.147875140623,0,ACHIASE,forest_zone,FZ,FOREST ZONE,1
Achiase,2004,0.42745675,354.147875140623,0.120700074744277,ACHIASE,forest_zone,FZ,FOREST ZONE,1
Achiase,2005,0,354.147875140623,0,ACHIASE,forest_zone,FZ,FOREST ZONE,1
Achiase,2006,0,354.147875140623,0,ACHIASE,forest_zone,FZ,FOREST ZONE,1
Achiase,2007,0,354.147875140623,0,ACHIASE,forest_zone,FZ,FOREST ZONE,1
Achiase,2008,0,354.147875140623,0,ACHIASE,forest_zone,FZ,FOREST ZONE,1
Achiase,2009,0,354.147875140623,0,ACHIASE,forest_zone,FZ,FOREST ZONE,1
Achiase,2010,0,354.147875140623,0,ACHIASE,forest_zone,FZ,FOREST ZONE,1
Achiase,2011,0,354.147875140623,0,ACHIASE,forest_zone,FZ,FOREST ZONE,1
Achiase,2012,0,354.147875140623,0,ACHIASE,forest_zone,FZ,FOREST ZONE,1
Achiase,2013,0,354.147875140623,0,ACHIASE,forest_zone,FZ,FOREST ZONE,1
Achiase,2014,0,354.147875140623,0,ACHIASE,forest_zone,FZ,FOREST ZONE,1
Achiase,2015,12.396212828125,354.147875140623,3.50029287150256,ACHIASE,forest_zone,FZ,FOREST ZONE,1
Achiase,2016,0,354.147875140623,0,ACHIASE,forest_zone,FZ,FOREST ZONE,1
Achiase,2017,0,354.147875140623,0,ACHIASE,forest_zone,FZ,FOREST ZONE,1
Achiase,2018,0,354.147875140623,0,ACHIASE,forest_zone,FZ,FOREST ZONE,1
Achiase,2019,0,354.147875140623,0,ACHIASE,forest_zone,FZ,FOREST ZONE,1
Achiase,2020,0,354.147875140623,0,ACHIASE,forest_zone,FZ,FOREST ZONE,1
Achiase,2021,0,354.147875140623,0,ACHIASE,forest_zone,FZ,FOREST ZONE,1
Achiase,2022,0,354.147875140623,0,ACHIASE,forest_zone,FZ,FOREST ZONE,1
Achiase,2023,0,354.147875140623,0,ACHIASE,forest_zone,FZ,FOREST ZONE,1
Achiase,2024,0,354.147875140623,0,ACHIASE,forest_zone,FZ,FOREST ZONE,1
Ada_East,2001,0,181.669683375,0,ADA EAST,coastal_zone,CZ,COASTAL ZONE,0.999999999378776
Ada_East,2002,0,181.669683375,0,ADA EAST,coastal_zone,CZ,COASTAL ZONE,0.999999999378776
Ada_East,2003,0.641186359375,181.669683375,0.352940758999107,ADA EAST,coastal_zone,CZ,COASTAL ZONE,0.999999999378776
Ada_East,2004,4.702044859375,181.669683375,2.58823859436641,ADA EAST,coastal_zone,CZ,COASTAL ZONE,0.999999999378776
Ada_East,2005,0,181.669683375,0,ADA EAST,coastal_zone,CZ,COASTAL ZONE,0.999999999378776
Ada_East,2006,2.7784755625,181.669683375,1.52941069246249,ADA EAST,coastal_zone,CZ,COASTAL ZONE,0.999999999378776
Ada_East,2007,0,181.669683375,0,ADA EAST,coastal_zone,CZ,COASTAL ZONE,0.999999999378776
Ada_East,2008,4.91575984375,181.669683375,2.70587791668187,ADA EAST,coastal_zone,CZ,COASTAL ZONE,0.999999999378776
Ada_East,2009,0,181.669683375,0,ADA EAST,coastal_zone,CZ,COASTAL ZONE,0.999999999378776
Ada_East,2010,0,181.669683375,0,ADA EAST,coastal_zone,CZ,COASTAL ZONE,0.999999999378776
Ada_East,2011,0,181.669683375,0,ADA EAST,coastal_zone,CZ,COASTAL ZONE,0.999999999378776
Ada_East,2012,0,181.669683375,0,ADA EAST,coastal_zone,CZ,COASTAL ZONE,0.999999999378776
Ada_East,2013,0,181.669683375,0,ADA EAST,coastal_zone,CZ,COASTAL ZONE,0.999999999378776
Ada_East,2014,4.915766375,181.669683375,2.70588151180566,ADA EAST,coastal_zone,CZ,COASTAL ZONE,0.999999999378776
Ada_East,2015,1.709832328125,181.669683375,0.941176478298577,ADA EAST,coastal_zone,CZ,COASTAL ZONE,0.999999999378776
Ada_East,2016,0,181.669683375,0,ADA EAST,coastal_zone,CZ,COASTAL ZONE,0.999999999378776
Ada_East,2017,0,181.669683375,0,ADA EAST,coastal_zone,CZ,COASTAL ZONE,0.999999999378776
Ada_East,2018,0,181.669683375,0,ADA EAST,coastal_zone,CZ,COASTAL ZONE,0.999999999378776
Ada_East,2019,0,181.669683375,0,ADA EAST,coastal_zone,CZ,COASTAL ZONE,0.999999999378776
Ada_East,2020,0,181.669683375,0,ADA EAST,coastal_zone,CZ,COASTAL ZONE,0.999999999378776
Ada_East,2021,0,181.669683375,0,ADA EAST,coastal_zone,CZ,COASTAL ZONE,0.999999999378776
Ada_East,2022,0,181.669683375,0,ADA EAST,coastal_zone,CZ,COASTAL ZONE,0.999999999378776
Ada_East,2023,0,181.669683375,0,ADA EAST,coastal_zone,CZ,COASTAL ZONE,0.999999999378776
Ada_East,2024,0,181.669683375,0,ADA EAST,coastal_zone,CZ,COASTAL ZONE,0.999999999378776
Ada_West,2001,0,223.133553453125,0,ADA WEST,coastal_zone,CZ,COASTAL ZONE,0.999999999291504
Ada_West,2002,0,223.133553453125,0,ADA WEST,coastal_zone,CZ,COASTAL ZONE,0.999999999291504
Ada_West,2003,1.92355740625,223.133553453125,0.862065510310664,ADA WEST,coastal_zone,CZ,COASTAL ZONE,0.999999999291504
Ada_West,2004,0,223.133553453125,0,ADA WEST,coastal_zone,CZ,COASTAL ZONE,0.999999999291504
Ada_West,2005,0.641189015625,223.133553453125,0.287356610291109,ADA WEST,coastal_zone,CZ,COASTAL ZONE,0.999999999291504
Ada_West,2006,3.2059454375,223.133553453125,1.4367832125138,ADA WEST,coastal_zone,CZ,COASTAL ZONE,0.999999999291504
Ada_West,2007,0.213729125,223.133553453125,0.0957852916750592,ADA WEST,coastal_zone,CZ,COASTAL ZONE,0.999999999291504
Ada_West,2008,7.26679378125,223.133553453125,3.2567014995244,ADA WEST,coastal_zone,CZ,COASTAL ZONE,0.999999999291504
Ada_West,2009,0,223.133553453125,0,ADA WEST,coastal_zone,CZ,COASTAL ZONE,0.999999999291504
Ada_West,2010,0,223.133553453125,0,ADA WEST,coastal_zone,CZ,COASTAL ZONE,0.999999999291504
Ada_West,2011,0,223.133553453125,0,ADA WEST,coastal_zone,CZ,COASTAL ZONE,0.999999999291504
Ada_West,2012,0,223.133553453125,0,ADA WEST,coastal_zone,CZ,COASTAL ZONE,0.999999999291504
Ada_West,2013,0,223.133553453125,0,ADA WEST,coastal_zone,CZ,COASTAL ZONE,0.999999999291504
Ada_West,2014,0.213729125,223.133553453125,0.0957852916750592,ADA WEST,coastal_zone,CZ,COASTAL ZONE,0.999999999291504
Ada_West,2015,0,223.133553453125,0,ADA WEST,coastal_zone,CZ,COASTAL ZONE,0.999999999291504
Ada_West,2016,1.923560859375,223.133553453125,0.862067057870386,ADA WEST,coastal_zone,CZ,COASTAL ZONE,0.999999999291504
Ada_West,2017,0,223.133553453125,0,ADA WEST,coastal_zone,CZ,COASTAL ZONE,0.999999999291504
Ada_West,2018,0,223.133553453125,0,ADA WEST,coastal_zone,CZ,COASTAL ZONE,0.999999999291504
Ada_West,2019,0,223.133553453125,0,ADA WEST,coastal_zone,CZ,COASTAL ZONE,0.999999999291504
Ada_West,2020,1.709839765625,223.133553453125,0.766285365497124,ADA WEST,coastal_zone,CZ,COASTAL ZONE,0.999999999291504
Ada_West,2021,2.564759921875,223.133553453125,1.14942817079001,ADA WEST,coastal_zone,CZ,COASTAL ZONE,0.999999999291504
Ada_West,2022,0,223.133553453125,0,ADA WEST,coastal_zone,CZ,COASTAL ZONE,0.999999999291504
Ada_West,2023,0,223.133553453125,0,ADA WEST,coastal_zone,CZ,COASTAL ZONE,0.999999999291504
Ada_West,2024,0,223.133553453125,0,ADA WEST,coastal_zone,CZ,COASTAL ZONE,0.999999999291504
Adaklu,2001,251.78033928125,689.722987062505,36.5045596571415,ADAKLU,forest_zone,FZ,FOREST ZONE,0.999999999555842
Adaklu,2002,473.21024840625,689.722987062505,68.6087396364197,ADAKLU,forest_zone,FZ,FOREST ZONE,0.999999999555842
Adaklu,2003,275.29057828125,689.722987062505,39.9132091354094,ADAKLU,forest_zone,FZ,FOREST ZONE,0.999999999555842
Adaklu,2004,442.859181234376,689.722987062505,64.2082676003725,ADAKLU,forest_zone,FZ,FOREST ZONE,0.999999999555842
Adaklu,2005,649.113241640627,689.722987062505,94.1121658718622,ADAKLU,forest_zone,FZ,FOREST ZONE,0.999999999555842
Adaklu,2006,592.473940343752,689.722987062505,85.9002746692653,ADAKLU,forest_zone,FZ,FOREST ZONE,0.999999999555842
Adaklu,2007,113.279728109375,689.722987062505,16.4239455889135,ADAKLU,forest_zone,FZ,FOREST ZONE,0.999999999555842
Adaklu,2008,515.314924281249,689.722987062505,74.7133173675926,ADAKLU,forest_zone,FZ,FOREST ZONE,0.999999999555842
Adaklu,2009,399.470911250001,689.722987062505,57.9175870230637,ADAKLU,forest_zone,FZ,FOREST ZONE,0.999999999555842
Adaklu,2010,353.73141021875,689.722987062505,51.2860114645844,ADAKLU,forest_zone,FZ,FOREST ZONE,0.999999999555842
Adaklu,2011,836.987095250003,689.722987062505,121.351196197576,ADAKLU,forest_zone,FZ,FOREST ZONE,0.999999999555842
Adaklu,2012,164.57584465625,689.722987062505,23.861151178558,ADAKLU,forest_zone,FZ,FOREST ZONE,0.999999999555842
Adaklu,2013,360.785110890626,689.722987062505,52.3086975000197,ADAKLU,forest_zone,FZ,FOREST ZONE,0.999999999555842
Adaklu,2014,286.404972484375,689.722987062505,41.5246378410787,ADAKLU,forest_zone,FZ,FOREST ZONE,0.999999999555842
Adaklu,2015,813.689509546877,689.722987062505,117.973378415636,ADAKLU,forest_zone,FZ,FOREST ZONE,0.999999999555842
Adaklu,2016,453.118173265628,689.722987062505,65.6956751862708,ADAKLU,forest_zone,FZ,FOREST ZONE,0.999999999555842
Adaklu,2017,133.7982140625,689.722987062505,19.3988335276949,ADAKLU,forest_zone,FZ,FOREST ZONE,0.999999999555842
Adaklu,2018,640.136679468753,689.722987062505,92.8106923324482,ADAKLU,forest_zone,FZ,FOREST ZONE,0.999999999555842
Adaklu,2019,245.367779328126,689.722987062505,35.5748298854203,ADAKLU,forest_zone,FZ,FOREST ZONE,0.999999999555842
Adaklu,2020,280.206637453125,689.722987062505,40.6259676289043,ADAKLU,forest_zone,FZ,FOREST ZONE,0.999999999555842
Adaklu,2021,347.960744218752,689.722987062505,50.4493471648232,ADAKLU,forest_zone,FZ,FOREST ZONE,0.999999999555842
Adaklu,2022,540.9635154375,689.722987062505,78.4319974228257,ADAKLU,forest_zone,FZ,FOREST ZONE,0.999999999555842
Adaklu,2023,303.076344,689.722987062505,43.941749033302,ADAKLU,forest_zone,FZ,FOREST ZONE,0.999999999555842
Adaklu,2024,259.046908500001,689.722987062505,37.5581085970859,ADAKLU,forest_zone,FZ,FOREST ZONE,0.999999999555842
Adansi_Akrofuom,2001,0,488.802258906249,0,ADANSI AKROFUOM,forest_zone,FZ,FOREST ZONE,1
Adansi_Akrofuom,2002,0,488.802258906249,0,ADANSI AKROFUOM,forest_zone,FZ,FOREST ZONE,1
Adansi_Akrofuom,2003,0,488.802258906249,0,ADANSI AKROFUOM,forest_zone,FZ,FOREST ZONE,1
Adansi_Akrofuom,2004,0,488.802258906249,0,ADANSI AKROFUOM,forest_zone,FZ,FOREST ZONE,1
Adansi_Akrofuom,2005,0,488.802258906249,0,ADANSI AKROFUOM,forest_zone,FZ,FOREST ZONE,1
Adansi_Akrofuom,2006,0,488.802258906249,0,ADANSI AKROFUOM,forest_zone,FZ,FOREST ZONE,1
Adansi_Akrofuom,2007,0,488.802258906249,0,ADANSI AKROFUOM,forest_zone,FZ,FOREST ZONE,1
Adansi_Akrofuom,2008,0,488.802258906249,0,ADANSI AKROFUOM,forest_zone,FZ,FOREST ZONE,1
Adansi_Akrofuom,2009,0,488.802258906249,0,ADANSI AKROFUOM,forest_zone,FZ,FOREST ZONE,1
Adansi_Akrofuom,2010,0,488.802258906249,0,ADANSI AKROFUOM,forest_zone,FZ,FOREST ZONE,1
Adansi_Akrofuom,2011,0,488.802258906249,0,ADANSI AKROFUOM,forest_zone,FZ,FOREST ZONE,1
Adansi_Akrofuom,2012,0,488.802258906249,0,ADANSI AKROFUOM,forest_zone,FZ,FOREST ZONE,1
Adansi_Akrofuom,2013,0,488.802258906249,0,ADANSI AKROFUOM,forest_zone,FZ,FOREST ZONE,1
Adansi_Akrofuom,2014,0,488.802258906249,0,ADANSI AKROFUOM,forest_zone,FZ,FOREST ZONE,1
Adansi_Akrofuom,2015,1.7098479375,488.802258906249,0.349803607971449,ADANSI AKROFUOM,forest_zone,FZ,FOREST ZONE,1
Adansi_Akrofuom,2016,0,488.802258906249,0,ADANSI AKROFUOM,forest_zone,FZ,FOREST ZONE,1
Adansi_Akrofuom,2017,0,488.802258906249,0,ADANSI AKROFUOM,forest_zone,FZ,FOREST ZONE,1
Adansi_Akrofuom,2018,0,488.802258906249,0,ADANSI AKROFUOM,forest_zone,FZ,FOREST ZONE,1
Adansi_Akrofuom,2019,0,488.802258906249,0,ADANSI AKROFUOM,forest_zone,FZ,FOREST ZONE,1
Adansi_Akrofuom,2020,0,488.802258906249,0,ADANSI AKROFUOM,forest_zone,FZ,FOREST ZONE,1
Adansi_Akrofuom,2021,0,488.802258906249,0,ADANSI AKROFUOM,forest_zone,FZ,FOREST ZONE,1
Adansi_Akrofuom,2022,0,488.802258906249,0,ADANSI AKROFUOM,forest_zone,FZ,FOREST ZONE,1
Adansi_Akrofuom,2023,0,488.802258906249,0,ADANSI AKROFUOM,forest_zone,FZ,FOREST ZONE,1
Adansi_Akrofuom,2024,0,488.802258906249,0,ADANSI AKROFUOM,forest_zone,FZ,FOREST ZONE,1
Adansi_Asokwa,2001,0,506.545512390623,0,ADANSI ASOKWA,forest_zone,FZ,FOREST ZONE,1
Adansi_Asokwa,2002,0,506.545512390623,0,ADANSI ASOKWA,forest_zone,FZ,FOREST ZONE,1
Adansi_Asokwa,2003,0,506.545512390623,0,ADANSI ASOKWA,forest_zone,FZ,FOREST ZONE,1
Adansi_Asokwa,2004,0.427465078125,506.545512390623,0.0843882864755023,ADANSI ASOKWA,forest_zone,FZ,FOREST ZONE,1
Adansi_Asokwa,2005,0,506.545512390623,0,ADANSI ASOKWA,forest_zone,FZ,FOREST ZONE,1
Adansi_Asokwa,2006,0.427466796875,506.545512390623,0.0843886257836114,ADANSI ASOKWA,forest_zone,FZ,FOREST ZONE,1
Adansi_Asokwa,2007,0,506.545512390623,0,ADANSI ASOKWA,forest_zone,FZ,FOREST ZONE,1
Adansi_Asokwa,2008,0,506.545512390623,0,ADANSI ASOKWA,forest_zone,FZ,FOREST ZONE,1
Adansi_Asokwa,2009,0,506.545512390623,0,ADANSI ASOKWA,forest_zone,FZ,FOREST ZONE,1
Adansi_Asokwa,2010,0,506.545512390623,0,ADANSI ASOKWA,forest_zone,FZ,FOREST ZONE,1
Adansi_Asokwa,2011,0,506.545512390623,0,ADANSI ASOKWA,forest_zone,FZ,FOREST ZONE,1
Adansi_Asokwa,2012,0,506.545512390623,0,ADANSI ASOKWA,forest_zone,FZ,FOREST ZONE,1
Adansi_Asokwa,2013,0,506.545512390623,0,ADANSI ASOKWA,forest_zone,FZ,FOREST ZONE,1
Adansi_Asokwa,2014,3.8471901875,506.545512390623,0.759495463565224,ADANSI ASOKWA,forest_zone,FZ,FOREST ZONE,1
Adansi_Asokwa,2015,0,506.545512390623,0,ADANSI ASOKWA,forest_zone,FZ,FOREST ZONE,1
Adansi_Asokwa,2016,0,506.545512390623,0,ADANSI ASOKWA,forest_zone,FZ,FOREST ZONE,1
Adansi_Asokwa,2017,0,506.545512390623,0,ADANSI ASOKWA,forest_zone,FZ,FOREST ZONE,1
Adansi_Asokwa,2018,0,506.545512390623,0,ADANSI ASOKWA,forest_zone,FZ,FOREST ZONE,1
Adansi_Asokwa,2019,0,506.545512390623,0,ADANSI ASOKWA,forest_zone,FZ,FOREST ZONE,1
Adansi_Asokwa,2020,5.129576765625,506.545512390623,1.01265861411271,ADANSI ASOKWA,forest_zone,FZ,FOREST ZONE,1
Adansi_Asokwa,2021,0,506.545512390623,0,ADANSI ASOKWA,forest_zone,FZ,FOREST ZONE,1
Adansi_Asokwa,2022,0,506.545512390623,0,ADANSI ASOKWA,forest_zone,FZ,FOREST ZONE,1
Adansi_Asokwa,2023,0,506.545512390623,0,ADANSI ASOKWA,forest_zone,FZ,FOREST ZONE,1
Adansi_Asokwa,2024,0,506.545512390623,0,ADANSI ASOKWA,forest_zone,FZ,FOREST ZONE,1
Adansi_North,2001,0,213.519772437499,0,ADANSI NORTH,forest_zone,FZ,FOREST ZONE,1
Adansi_North,2002,0.641199421875,213.519772437499,0.300299787019813,ADANSI NORTH,forest_zone,FZ,FOREST ZONE,1
Adansi_North,2003,0.42746728125,213.519772437499,0.20020032635391,ADANSI NORTH,forest_zone,FZ,FOREST ZONE,1
Adansi_North,2004,1.282398234375,213.519772437499,0.600599288644512,ADANSI NORTH,forest_zone,FZ,FOREST ZONE,1
Adansi_North,2005,0,213.519772437499,0,ADANSI NORTH,forest_zone,FZ,FOREST ZONE,1
Adansi_North,2006,0,213.519772437499,0,ADANSI NORTH,forest_zone,FZ,FOREST ZONE,1
Adansi_North,2007,0.213733109375,213.519772437499,0.100099914370957,ADANSI NORTH,forest_zone,FZ,FOREST ZONE,1
Adansi_North,2008,0,213.519772437499,0,ADANSI NORTH,forest_zone,FZ,FOREST ZONE,1
Adansi_North,2009,0,213.519772437499,0,ADANSI NORTH,forest_zone,FZ,FOREST ZONE,1
Adansi_North,2010,0,213.519772437499,0,ADANSI NORTH,forest_zone,FZ,FOREST ZONE,1
Adansi_North,2011,0,213.519772437499,0,ADANSI NORTH,forest_zone,FZ,FOREST ZONE,1
Adansi_North,2012,0,213.519772437499,0,ADANSI NORTH,forest_zone,FZ,FOREST ZONE,1
Adansi_North,2013,0,213.519772437499,0,ADANSI NORTH,forest_zone,FZ,FOREST ZONE,1
Adansi_North,2014,0,213.519772437499,0,ADANSI NORTH,forest_zone,FZ,FOREST ZONE,1
Adansi_North,2015,0,213.519772437499,0,ADANSI NORTH,forest_zone,FZ,FOREST ZONE,1
Adansi_North,2016,0,213.519772437499,0,ADANSI NORTH,forest_zone,FZ,FOREST ZONE,1
Adansi_North,2017,0,213.519772437499,0,ADANSI NORTH,forest_zone,FZ,FOREST ZONE,1
Adansi_North,2018,0,213.519772437499,0,ADANSI NORTH,forest_zone,FZ,FOREST ZONE,1
Adansi_North,2019,0,213.519772437499,0,ADANSI NORTH,forest_zone,FZ,FOREST ZONE,1
Adansi_North,2020,9.19052253125,213.519772437499,4.30429576911441,ADANSI NORTH,forest_zone,FZ,FOREST ZONE,1
Adansi_North,2021,0,213.519772437499,0,ADANSI NORTH,forest_zone,FZ,FOREST ZONE,1
Adansi_North,2022,0,213.519772437499,0,ADANSI NORTH,forest_zone,FZ,FOREST ZONE,1
Adansi_North,2023,0.85493234375,213.519772437499,0.400399613576889,ADANSI NORTH,forest_zone,FZ,FOREST ZONE,1
Adansi_North,2024,0,213.519772437499,0,ADANSI NORTH,forest_zone,FZ,FOREST ZONE,1
Adansi_South,2001,0,651.236893984378,0,ADANSI SOUTH,forest_zone,FZ,FOREST ZONE,1
Adansi_South,2002,0,651.236893984378,0,ADANSI SOUTH,forest_zone,FZ,FOREST ZONE,1
Adansi_South,2003,0,651.236893984378,0,ADANSI SOUTH,forest_zone,FZ,FOREST ZONE,1
Adansi_South,2004,10.686555234375,651.236893984378,1.64096280986061,ADANSI SOUTH,forest_zone,FZ,FOREST ZONE,1
Adansi_South,2005,0,651.236893984378,0,ADANSI SOUTH,forest_zone,FZ,FOREST ZONE,1
Adansi_South,2006,0,651.236893984378,0,ADANSI SOUTH,forest_zone,FZ,FOREST ZONE,1
Adansi_South,2007,0,651.236893984378,0,ADANSI SOUTH,forest_zone,FZ,FOREST ZONE,1
Adansi_South,2008,0,651.236893984378,0,ADANSI SOUTH,forest_zone,FZ,FOREST ZONE,1
Adansi_South,2009,1.282383484375,651.236893984378,0.196915054448031,ADANSI SOUTH,forest_zone,FZ,FOREST ZONE,1
Adansi_South,2010,0.427460875,651.236893984378,0.0656383074958671,ADANSI SOUTH,forest_zone,FZ,FOREST ZONE,1
Adansi_South,2011,0,651.236893984378,0,ADANSI SOUTH,forest_zone,FZ,FOREST ZONE,1
Adansi_South,2012,0,651.236893984378,0,ADANSI SOUTH,forest_zone,FZ,FOREST ZONE,1
Adansi_South,2013,0,651.236893984378,0,ADANSI SOUTH,forest_zone,FZ,FOREST ZONE,1
Adansi_South,2014,0,651.236893984378,0,ADANSI SOUTH,forest_zone,FZ,FOREST ZONE,1
Adansi_South,2015,0,651.236893984378,0,ADANSI SOUTH,forest_zone,FZ,FOREST ZONE,1
Adansi_South,2016,0,651.236893984378,0,ADANSI SOUTH,forest_zone,FZ,FOREST ZONE,1
Adansi_South,2017,0.213731453125,651.236893984378,0.032819309701168,ADANSI SOUTH,forest_zone,FZ,FOREST ZONE,1
Adansi_South,2018,0,651.236893984378,0,ADANSI SOUTH,forest_zone,FZ,FOREST ZONE,1
Adansi_South,2019,1.4961083125,651.236893984378,0.229733346854254,ADANSI SOUTH,forest_zone,FZ,FOREST ZONE,1
Adansi_South,2020,48.9443458125,651.236893984378,7.51559782079455,ADANSI SOUTH,forest_zone,FZ,FOREST ZONE,1
Adansi_South,2021,0,651.236893984378,0,ADANSI SOUTH,forest_zone,FZ,FOREST ZONE,1
Adansi_South,2022,0,651.236893984378,0,ADANSI SOUTH,forest_zone,FZ,FOREST ZONE,1
Adansi_South,2023,0,651.236893984378,0,ADANSI SOUTH,forest_zone,FZ,FOREST ZONE,1
Adansi_South,2024,0,651.236893984378,0,ADANSI SOUTH,forest_zone,FZ,FOREST ZONE,1
Adenta_Municipal,2001,0.213728,20.517857515625,1.0416682143213,ADENTA MUNICIPAL,coastal_zone,CZ,COASTAL ZONE,1
Adenta_Municipal,2002,0,20.517857515625,0,ADENTA MUNICIPAL,coastal_zone,CZ,COASTAL ZONE,1
Adenta_Municipal,2003,0,20.517857515625,0,ADENTA MUNICIPAL,coastal_zone,CZ,COASTAL ZONE,1
Adenta_Municipal,2004,0,20.517857515625,0,ADENTA MUNICIPAL,coastal_zone,CZ,COASTAL ZONE,1
Adenta_Municipal,2005,0,20.517857515625,0,ADENTA MUNICIPAL,coastal_zone,CZ,COASTAL ZONE,1
Adenta_Municipal,2006,0,20.517857515625,0,ADENTA MUNICIPAL,coastal_zone,CZ,COASTAL ZONE,1
Adenta_Municipal,2007,0,20.517857515625,0,ADENTA MUNICIPAL,coastal_zone,CZ,COASTAL ZONE,1
Adenta_Municipal,2008,0,20.517857515625,0,ADENTA MUNICIPAL,coastal_zone,CZ,COASTAL ZONE,1
Adenta_Municipal,2009,0,20.517857515625,0,ADENTA MUNICIPAL,coastal_zone,CZ,COASTAL ZONE,1
Adenta_Municipal,2010,0,20.517857515625,0,ADENTA MUNICIPAL,coastal_zone,CZ,COASTAL ZONE,1
Adenta_Municipal,2011,0,20.517857515625,0,ADENTA MUNICIPAL,coastal_zone,CZ,COASTAL ZONE,1
Adenta_Municipal,2012,0,20.517857515625,0,ADENTA MUNICIPAL,coastal_zone,CZ,COASTAL ZONE,1
Adenta_Municipal,2013,0,20.517857515625,0,ADENTA MUNICIPAL,coastal_zone,CZ,COASTAL ZONE,1
Adenta_Municipal,2014,0,20.517857515625,0,ADENTA MUNICIPAL,coastal_zone,CZ,COASTAL ZONE,1
Adenta_Municipal,2015,0,20.517857515625,0,ADENTA MUNICIPAL,coastal_zone,CZ,COASTAL ZONE,1
Adenta_Municipal,2016,0,20.517857515625,0,ADENTA MUNICIPAL,coastal_zone,CZ,COASTAL ZONE,1
Adenta_Municipal,2017,0,20.517857515625,0,ADENTA MUNICIPAL,coastal_zone,CZ,COASTAL ZONE,1
Adenta_Municipal,2018,0,20.517857515625,0,ADENTA MUNICIPAL,coastal_zone,CZ,COASTAL ZONE,1
Adenta_Municipal,2019,0,20.517857515625,0,ADENTA MUNICIPAL,coastal_zone,CZ,COASTAL ZONE,1
Adenta_Municipal,2020,0,20.517857515625,0,ADENTA MUNICIPAL,coastal_zone,CZ,COASTAL ZONE,1
Adenta_Municipal,2021,0,20.517857515625,0,ADENTA MUNICIPAL,coastal_zone,CZ,COASTAL ZONE,1
Adenta_Municipal,2022,0,20.517857515625,0,ADENTA MUNICIPAL,coastal_zone,CZ,COASTAL ZONE,1
Adenta_Municipal,2023,0,20.517857515625,0,ADENTA MUNICIPAL,coastal_zone,CZ,COASTAL ZONE,1
Adenta_Municipal,2024,0,20.517857515625,0,ADENTA MUNICIPAL,coastal_zone,CZ,COASTAL ZONE,1
Afadzato_South,2001,146.62571796875,461.038529499998,31.8033545109055,AFADZATO SOUTH,forest_zone,FZ,FOREST ZONE,0.999999999859473
Afadzato_South,2002,98.7479658437501,461.038529499998,21.4185929212561,AFADZATO SOUTH,forest_zone,FZ,FOREST ZONE,0.999999999859473
Afadzato_South,2003,32.915909671875,461.038529499998,7.13951385095139,AFADZATO SOUTH,forest_zone,FZ,FOREST ZONE,0.999999999859473
Afadzato_South,2004,196.000061703126,461.038529499998,42.5127292323464,AFADZATO SOUTH,forest_zone,FZ,FOREST ZONE,0.999999999859473
Afadzato_South,2005,120.1222089375,461.038529499998,26.0547006923204,AFADZATO SOUTH,forest_zone,FZ,FOREST ZONE,0.999999999859473
Afadzato_South,2006,164.366304140625,461.038529499998,35.6513162400727,AFADZATO SOUTH,forest_zone,FZ,FOREST ZONE,0.999999999859473
Afadzato_South,2007,56.00001171875,461.038529499998,12.1464927843412,AFADZATO SOUTH,forest_zone,FZ,FOREST ZONE,0.999999999859473
Afadzato_South,2008,69.8931295,461.038529499998,15.1599324194878,AFADZATO SOUTH,forest_zone,FZ,FOREST ZONE,0.999999999859473
Afadzato_South,2009,48.5190250625,461.038529499998,10.5238547231876,AFADZATO SOUTH,forest_zone,FZ,FOREST ZONE,0.999999999859473
Afadzato_South,2010,60.915861265625,461.038529499998,13.2127484728205,AFADZATO SOUTH,forest_zone,FZ,FOREST ZONE,0.999999999859473
Afadzato_South,2011,41.8929095,461.038529499998,9.08663957987056,AFADZATO SOUTH,forest_zone,FZ,FOREST ZONE,0.999999999859473
Afadzato_South,2012,47.022957890625,461.038529499998,10.199355342735,AFADZATO SOUTH,forest_zone,FZ,FOREST ZONE,0.999999999859473
Afadzato_South,2013,48.9462545,461.038529499998,10.6165214766503,AFADZATO SOUTH,forest_zone,FZ,FOREST ZONE,0.999999999859473
Afadzato_South,2014,36.7633055625,461.038529499998,7.97402021960512,AFADZATO SOUTH,forest_zone,FZ,FOREST ZONE,0.999999999859473
Afadzato_South,2015,24.793799796875,461.038529499998,5.3778151304977,AFADZATO SOUTH,forest_zone,FZ,FOREST ZONE,0.999999999859473
Afadzato_South,2016,183.81695121875,461.038529499998,39.8701929355236,AFADZATO SOUTH,forest_zone,FZ,FOREST ZONE,0.999999999859473
Afadzato_South,2017,30.778735328125,461.038529499998,6.67595729179184,AFADZATO SOUTH,forest_zone,FZ,FOREST ZONE,0.999999999859473
Afadzato_South,2018,51.083813125,461.038529499998,11.0801613870322,AFADZATO SOUTH,forest_zone,FZ,FOREST ZONE,0.999999999859473
Afadzato_South,2019,20.091631125,461.038529499998,4.35790716814701,AFADZATO SOUTH,forest_zone,FZ,FOREST ZONE,0.999999999859473
Afadzato_South,2020,163.939015625001,461.038529499998,35.5586366724695,AFADZATO SOUTH,forest_zone,FZ,FOREST ZONE,0.999999999859473
Afadzato_South,2021,45.5265496875,461.038529499998,9.87478199205478,AFADZATO SOUTH,forest_zone,FZ,FOREST ZONE,0.999999999859473
Afadzato_South,2022,98.106844859375,461.038529499998,21.2795327465956,AFADZATO SOUTH,forest_zone,FZ,FOREST ZONE,0.999999999859473
Afadzato_South,2023,157.95474978125,461.038529499998,34.2606397674732,AFADZATO SOUTH,forest_zone,FZ,FOREST ZONE,0.999999999859473
Afadzato_South,2024,95.9694770625,461.038529499998,20.8159342271415,AFADZATO SOUTH,forest_zone,FZ,FOREST ZONE,0.999999999859473
Afigya_Kwabre_North,2001,8.33598853125,157.100486296875,5.30615068593573,AFIGYA KWABRE NORTH,forest_zone,FZ,FOREST ZONE,0.999999999824234
Afigya_Kwabre_North,2002,0,157.100486296875,0,AFIGYA KWABRE NORTH,forest_zone,FZ,FOREST ZONE,0.999999999824234
Afigya_Kwabre_North,2003,0,157.100486296875,0,AFIGYA KWABRE NORTH,forest_zone,FZ,FOREST ZONE,0.999999999824234
Afigya_Kwabre_North,2004,0,157.100486296875,0,AFIGYA KWABRE NORTH,forest_zone,FZ,FOREST ZONE,0.999999999824234
Afigya_Kwabre_North,2005,2.351171,157.100486296875,1.49660326038518,AFIGYA KWABRE NORTH,forest_zone,FZ,FOREST ZONE,0.999999999824234
Afigya_Kwabre_North,2006,0,157.100486296875,0,AFIGYA KWABRE NORTH,forest_zone,FZ,FOREST ZONE,0.999999999824234
Afigya_Kwabre_North,2007,0.427487375,157.100486296875,0.272110790409758,AFIGYA KWABRE NORTH,forest_zone,FZ,FOREST ZONE,0.999999999824234
Afigya_Kwabre_North,2008,0,157.100486296875,0,AFIGYA KWABRE NORTH,forest_zone,FZ,FOREST ZONE,0.999999999824234
Afigya_Kwabre_North,2009,0,157.100486296875,0,AFIGYA KWABRE NORTH,forest_zone,FZ,FOREST ZONE,0.999999999824234
Afigya_Kwabre_North,2010,0,157.100486296875,0,AFIGYA KWABRE NORTH,forest_zone,FZ,FOREST ZONE,0.999999999824234
Afigya_Kwabre_North,2011,0,157.100486296875,0,AFIGYA KWABRE NORTH,forest_zone,FZ,FOREST ZONE,0.999999999824234
Afigya_Kwabre_North,2012,2.778666140625,157.100486296875,1.76871899388912,AFIGYA KWABRE NORTH,forest_zone,FZ,FOREST ZONE,0.999999999824234
Afigya_Kwabre_North,2013,0,157.100486296875,0,AFIGYA KWABRE NORTH,forest_zone,FZ,FOREST ZONE,0.999999999824234
Afigya_Kwabre_North,2014,0,157.100486296875,0,AFIGYA KWABRE NORTH,forest_zone,FZ,FOREST ZONE,0.999999999824234
Afigya_Kwabre_North,2015,0.213743328125,157.100486296875,0.136055166450017,AFIGYA KWABRE NORTH,forest_zone,FZ,FOREST ZONE,0.999999999824234
Afigya_Kwabre_North,2016,0,157.100486296875,0,AFIGYA KWABRE NORTH,forest_zone,FZ,FOREST ZONE,0.999999999824234
Afigya_Kwabre_North,2017,0,157.100486296875,0,AFIGYA KWABRE NORTH,forest_zone,FZ,FOREST ZONE,0.999999999824234
Afigya_Kwabre_North,2018,0,157.100486296875,0,AFIGYA KWABRE NORTH,forest_zone,FZ,FOREST ZONE,0.999999999824234
Afigya_Kwabre_North,2019,0,157.100486296875,0,AFIGYA KWABRE NORTH,forest_zone,FZ,FOREST ZONE,0.999999999824234
Afigya_Kwabre_North,2020,0.42748725,157.100486296875,0.27211071084285,AFIGYA KWABRE NORTH,forest_zone,FZ,FOREST ZONE,0.999999999824234
Afigya_Kwabre_North,2021,0,157.100486296875,0,AFIGYA KWABRE NORTH,forest_zone,FZ,FOREST ZONE,0.999999999824234
Afigya_Kwabre_North,2022,0,157.100486296875,0,AFIGYA KWABRE NORTH,forest_zone,FZ,FOREST ZONE,0.999999999824234
Afigya_Kwabre_North,2023,0.21374353125,157.100486296875,0.136055295746244,AFIGYA KWABRE NORTH,forest_zone,FZ,FOREST ZONE,0.999999999824234
Afigya_Kwabre_North,2024,0,157.100486296875,0,AFIGYA KWABRE NORTH,forest_zone,FZ,FOREST ZONE,0.999999999824234
Afigya_Kwabre_South,2001,0,172.274357421876,0,AFIGYA KWABRE SOUTH,forest_zone,FZ,FOREST ZONE,1
Afigya_Kwabre_South,2002,0,172.274357421876,0,AFIGYA KWABRE SOUTH,forest_zone,FZ,FOREST ZONE,1
Afigya_Kwabre_South,2003,0,172.274357421876,0,AFIGYA KWABRE SOUTH,forest_zone,FZ,FOREST ZONE,1
Afigya_Kwabre_South,2004,0,172.274357421876,0,AFIGYA KWABRE SOUTH,forest_zone,FZ,FOREST ZONE,1
Afigya_Kwabre_South,2005,0.21373896875,172.274357421876,0.124068939770638,AFIGYA KWABRE SOUTH,forest_zone,FZ,FOREST ZONE,1
Afigya_Kwabre_South,2006,1.06869925,172.274357421876,0.620347256546664,AFIGYA KWABRE SOUTH,forest_zone,FZ,FOREST ZONE,1
Afigya_Kwabre_South,2007,0,172.274357421876,0,AFIGYA KWABRE SOUTH,forest_zone,FZ,FOREST ZONE,1
Afigya_Kwabre_South,2008,0,172.274357421876,0,AFIGYA KWABRE SOUTH,forest_zone,FZ,FOREST ZONE,1
Afigya_Kwabre_South,2009,0,172.274357421876,0,AFIGYA KWABRE SOUTH,forest_zone,FZ,FOREST ZONE,1
Afigya_Kwabre_South,2010,0,172.274357421876,0,AFIGYA KWABRE SOUTH,forest_zone,FZ,FOREST ZONE,1
Afigya_Kwabre_South,2011,0,172.274357421876,0,AFIGYA KWABRE SOUTH,forest_zone,FZ,FOREST ZONE,1
Afigya_Kwabre_South,2012,0,172.274357421876,0,AFIGYA KWABRE SOUTH,forest_zone,FZ,FOREST ZONE,1
Afigya_Kwabre_South,2013,0,172.274357421876,0,AFIGYA KWABRE SOUTH,forest_zone,FZ,FOREST ZONE,1
Afigya_Kwabre_South,2014,0,172.274357421876,0,AFIGYA KWABRE SOUTH,forest_zone,FZ,FOREST ZONE,1
Afigya_Kwabre_South,2015,0.21373975,172.274357421876,0.124069393262389,AFIGYA KWABRE SOUTH,forest_zone,FZ,FOREST ZONE,1
Afigya_Kwabre_South,2016,0,172.274357421876,0,AFIGYA KWABRE SOUTH,forest_zone,FZ,FOREST ZONE,1
Afigya_Kwabre_South,2017,0,172.274357421876,0,AFIGYA KWABRE SOUTH,forest_zone,FZ,FOREST ZONE,1
Afigya_Kwabre_South,2018,0,172.274357421876,0,AFIGYA KWABRE SOUTH,forest_zone,FZ,FOREST ZONE,1
Afigya_Kwabre_South,2019,0,172.274357421876,0,AFIGYA KWABRE SOUTH,forest_zone,FZ,FOREST ZONE,1
Afigya_Kwabre_South,2020,0,172.274357421876,0,AFIGYA KWABRE SOUTH,forest_zone,FZ,FOREST ZONE,1
Afigya_Kwabre_South,2021,0,172.274357421876,0,AFIGYA KWABRE SOUTH,forest_zone,FZ,FOREST ZONE,1
Afigya_Kwabre_South,2022,0,172.274357421876,0,AFIGYA KWABRE SOUTH,forest_zone,FZ,FOREST ZONE,1
Afigya_Kwabre_South,2023,0.2137395625,172.274357421876,0.124069284424368,AFIGYA KWABRE SOUTH,forest_zone,FZ,FOREST ZONE,1
Afigya_Kwabre_South,2024,0,172.274357421876,0,AFIGYA KWABRE SOUTH,forest_zone,FZ,FOREST ZONE,1
Agona_East,2001,0,276.562457109374,0,AGONA EAST,forest_zone,FZ,FOREST ZONE,0.999999998773642
Agona_East,2002,0,276.562457109374,0,AGONA EAST,forest_zone,FZ,FOREST ZONE,0.999999998773642
Agona_East,2003,0,276.562457109374,0,AGONA EAST,forest_zone,FZ,FOREST ZONE,0.999999998773642
Agona_East,2004,0,276.562457109374,0,AGONA EAST,forest_zone,FZ,FOREST ZONE,0.999999998773642
Agona_East,2005,0,276.562457109374,0,AGONA EAST,forest_zone,FZ,FOREST ZONE,0.999999998773642
Agona_East,2006,6.411793328125,276.562457109374,2.31838890756936,AGONA EAST,forest_zone,FZ,FOREST ZONE,0.999999998773642
Agona_East,2007,6.19806990625,276.562457109374,2.24111037016091,AGONA EAST,forest_zone,FZ,FOREST ZONE,0.999999998773642
Agona_East,2008,0,276.562457109374,0,AGONA EAST,forest_zone,FZ,FOREST ZONE,0.999999998773642
Agona_East,2009,0,276.562457109374,0,AGONA EAST,forest_zone,FZ,FOREST ZONE,0.999999998773642
Agona_East,2010,0,276.562457109374,0,AGONA EAST,forest_zone,FZ,FOREST ZONE,0.999999998773642
Agona_East,2011,0.641177734375,276.562457109374,0.231838312790745,AGONA EAST,forest_zone,FZ,FOREST ZONE,0.999999998773642
Agona_East,2012,0,276.562457109374,0,AGONA EAST,forest_zone,FZ,FOREST ZONE,0.999999998773642
Agona_East,2013,0,276.562457109374,0,AGONA EAST,forest_zone,FZ,FOREST ZONE,0.999999998773642
Agona_East,2014,0,276.562457109374,0,AGONA EAST,forest_zone,FZ,FOREST ZONE,0.999999998773642
Agona_East,2015,0,276.562457109374,0,AGONA EAST,forest_zone,FZ,FOREST ZONE,0.999999998773642
Agona_East,2016,0,276.562457109374,0,AGONA EAST,forest_zone,FZ,FOREST ZONE,0.999999998773642
Agona_East,2017,0,276.562457109374,0,AGONA EAST,forest_zone,FZ,FOREST ZONE,0.999999998773642
Agona_East,2018,0,276.562457109374,0,AGONA EAST,forest_zone,FZ,FOREST ZONE,0.999999998773642
Agona_East,2019,0,276.562457109374,0,AGONA EAST,forest_zone,FZ,FOREST ZONE,0.999999998773642
Agona_East,2020,0,276.562457109374,0,AGONA EAST,forest_zone,FZ,FOREST ZONE,0.999999998773642
Agona_East,2021,0,276.562457109374,0,AGONA EAST,forest_zone,FZ,FOREST ZONE,0.999999998773642
Agona_East,2022,0,276.562457109374,0,AGONA EAST,forest_zone,FZ,FOREST ZONE,0.999999998773642
Agona_East,2023,0,276.562457109374,0,AGONA EAST,forest_zone,FZ,FOREST ZONE,0.999999998773642
Agona_East,2024,0,276.562457109374,0,AGONA EAST,forest_zone,FZ,FOREST ZONE,0.999999998773642
Agona_West_Municipal,2001,0,293.232937843751,0,AGONA WEST MUNICIPAL,forest_zone,FZ,FOREST ZONE,0.999999999244156
Agona_West_Municipal,2002,0,293.232937843751,0,AGONA WEST MUNICIPAL,forest_zone,FZ,FOREST ZONE,0.999999999244156
Agona_West_Municipal,2003,0,293.232937843751,0,AGONA WEST MUNICIPAL,forest_zone,FZ,FOREST ZONE,0.999999999244156
Agona_West_Municipal,2004,0,293.232937843751,0,AGONA WEST MUNICIPAL,forest_zone,FZ,FOREST ZONE,0.999999999244156
Agona_West_Municipal,2005,0,293.232937843751,0,AGONA WEST MUNICIPAL,forest_zone,FZ,FOREST ZONE,0.999999999244156
Agona_West_Municipal,2006,0,293.232937843751,0,AGONA WEST MUNICIPAL,forest_zone,FZ,FOREST ZONE,0.999999999244156
Agona_West_Municipal,2007,0,293.232937843751,0,AGONA WEST MUNICIPAL,forest_zone,FZ,FOREST ZONE,0.999999999244156
Agona_West_Municipal,2008,0,293.232937843751,0,AGONA WEST MUNICIPAL,forest_zone,FZ,FOREST ZONE,0.999999999244156
Agona_West_Municipal,2009,1.49607915625,293.232937843751,0.510201605335069,AGONA WEST MUNICIPAL,forest_zone,FZ,FOREST ZONE,0.999999999244156
Agona_West_Municipal,2010,0,293.232937843751,0,AGONA WEST MUNICIPAL,forest_zone,FZ,FOREST ZONE,0.999999999244156
Agona_West_Municipal,2011,0,293.232937843751,0,AGONA WEST MUNICIPAL,forest_zone,FZ,FOREST ZONE,0.999999999244156
Agona_West_Municipal,2012,0,293.232937843751,0,AGONA WEST MUNICIPAL,forest_zone,FZ,FOREST ZONE,0.999999999244156
Agona_West_Municipal,2013,0,293.232937843751,0,AGONA WEST MUNICIPAL,forest_zone,FZ,FOREST ZONE,0.999999999244156
Agona_West_Municipal,2014,0,293.232937843751,0,AGONA WEST MUNICIPAL,forest_zone,FZ,FOREST ZONE,0.999999999244156
Agona_West_Municipal,2015,0,293.232937843751,0,AGONA WEST MUNICIPAL,forest_zone,FZ,FOREST ZONE,0.999999999244156
Agona_West_Municipal,2016,0,293.232937843751,0,AGONA WEST MUNICIPAL,forest_zone,FZ,FOREST ZONE,0.999999999244156
Agona_West_Municipal,2017,0,293.232937843751,0,AGONA WEST MUNICIPAL,forest_zone,FZ,FOREST ZONE,0.999999999244156
Agona_West_Municipal,2018,0,293.232937843751,0,AGONA WEST MUNICIPAL,forest_zone,FZ,FOREST ZONE,0.999999999244156
Agona_West_Municipal,2019,0,293.232937843751,0,AGONA WEST MUNICIPAL,forest_zone,FZ,FOREST ZONE,0.999999999244156
Agona_West_Municipal,2020,0.21372571875,293.232937843751,0.0728859862475217,AGONA WEST MUNICIPAL,forest_zone,FZ,FOREST ZONE,0.999999999244156
Agona_West_Municipal,2021,0,293.232937843751,0,AGONA WEST MUNICIPAL,forest_zone,FZ,FOREST ZONE,0.999999999244156
Agona_West_Municipal,2022,0,293.232937843751,0,AGONA WEST MUNICIPAL,forest_zone,FZ,FOREST ZONE,0.999999999244156
Agona_West_Municipal,2023,0,293.232937843751,0,AGONA WEST MUNICIPAL,forest_zone,FZ,FOREST ZONE,0.999999999244156
Agona_West_Municipal,2024,0,293.232937843751,0,AGONA WEST MUNICIPAL,forest_zone,FZ,FOREST ZONE,0.999999999244156
Agotime_Ziope,2001,95.7538708125,270.375625125,35.4151269250811,AGOTIME ZIOPE,forest_zone,FZ,FOREST ZONE,0.999999997817012
Agotime_Ziope,2002,188.728787609375,270.375625125,69.8024415189506,AGOTIME ZIOPE,forest_zone,FZ,FOREST ZONE,0.999999997817012
Agotime_Ziope,2003,112.21128484375,270.375625125,41.5019973756409,AGOTIME ZIOPE,forest_zone,FZ,FOREST ZONE,0.999999997817012
Agotime_Ziope,2004,180.17911440625,270.375625125,66.6402950794658,AGOTIME ZIOPE,forest_zone,FZ,FOREST ZONE,0.999999997817012
Agotime_Ziope,2005,262.0399556875,270.375625125,96.9170040998901,AGOTIME ZIOPE,forest_zone,FZ,FOREST ZONE,0.999999997817012
Agotime_Ziope,2006,262.681314078125,270.375625125,97.1542142368353,AGOTIME ZIOPE,forest_zone,FZ,FOREST ZONE,0.999999997817012
Agotime_Ziope,2007,41.46470121875,270.375625125,15.3359612944326,AGOTIME ZIOPE,forest_zone,FZ,FOREST ZONE,0.999999997817012
Agotime_Ziope,2008,146.195172328125,270.375625125,54.0711361316451,AGOTIME ZIOPE,forest_zone,FZ,FOREST ZONE,0.999999997817012
Agotime_Ziope,2009,177.187068984375,270.375625125,65.5336696503089,AGOTIME ZIOPE,forest_zone,FZ,FOREST ZONE,0.999999997817012
Agotime_Ziope,2010,145.767713859375,270.375625125,53.9130381268592,AGOTIME ZIOPE,forest_zone,FZ,FOREST ZONE,0.999999997817012
Agotime_Ziope,2011,239.170671234375,270.375625125,88.4586660220581,AGOTIME ZIOPE,forest_zone,FZ,FOREST ZONE,0.999999997817012
Agotime_Ziope,2012,90.83751721875,270.375625125,33.5967849086818,AGOTIME ZIOPE,forest_zone,FZ,FOREST ZONE,0.999999997817012
Agotime_Ziope,2013,86.135657359375,270.375625125,31.857774649454,AGOTIME ZIOPE,forest_zone,FZ,FOREST ZONE,0.999999997817012
Agotime_Ziope,2014,126.5318145,270.375625125,46.7985286918901,AGOTIME ZIOPE,forest_zone,FZ,FOREST ZONE,0.999999997817012
Agotime_Ziope,2015,243.44532496875,270.375625125,90.0396716073058,AGOTIME ZIOPE,forest_zone,FZ,FOREST ZONE,0.999999997817012
Agotime_Ziope,2016,106.01292459375,270.375625125,39.2094977292196,AGOTIME ZIOPE,forest_zone,FZ,FOREST ZONE,0.999999997817012
Agotime_Ziope,2017,47.02188690625,270.375625125,17.3913187938117,AGOTIME ZIOPE,forest_zone,FZ,FOREST ZONE,0.999999997817012
Agotime_Ziope,2018,184.2405309375,270.375625125,68.1424336429447,AGOTIME ZIOPE,forest_zone,FZ,FOREST ZONE,0.999999997817012
Agotime_Ziope,2019,49.159335546875,270.375625125,18.1818666250509,AGOTIME ZIOPE,forest_zone,FZ,FOREST ZONE,0.999999997817012
Agotime_Ziope,2020,158.805514609375,270.375625125,58.7351446847164,AGOTIME ZIOPE,forest_zone,FZ,FOREST ZONE,0.999999997817012
Agotime_Ziope,2021,103.448284640625,270.375625125,38.2609507024899,AGOTIME ZIOPE,forest_zone,FZ,FOREST ZONE,0.999999997817012
Agotime_Ziope,2022,215.445748390625,270.375625125,79.6838651010128,AGOTIME ZIOPE,forest_zone,FZ,FOREST ZONE,0.999999997817012
Agotime_Ziope,2023,84.85329853125,270.375625125,31.3834867666125,AGOTIME ZIOPE,forest_zone,FZ,FOREST ZONE,0.999999997817012
Agotime_Ziope,2024,51.296427796875,270.375625125,18.9722826431413,AGOTIME ZIOPE,forest_zone,FZ,FOREST ZONE,0.999999997817012
Ahafo_Ano_North,2001,3.20610740625,507.206298296872,0.632111118693845,AHAFO ANO NORTH,forest_zone,FZ,FOREST ZONE,0.999999998668921
Ahafo_Ano_North,2002,0,507.206298296872,0,AHAFO ANO NORTH,forest_zone,FZ,FOREST ZONE,0.999999998668921
Ahafo_Ano_North,2003,4.06105359375,507.206298296872,0.800670971040077,AHAFO ANO NORTH,forest_zone,FZ,FOREST ZONE,0.999999998668921
Ahafo_Ano_North,2004,0,507.206298296872,0,AHAFO ANO NORTH,forest_zone,FZ,FOREST ZONE,0.999999998668921
Ahafo_Ano_North,2005,0,507.206298296872,0,AHAFO ANO NORTH,forest_zone,FZ,FOREST ZONE,0.999999998668921
Ahafo_Ano_North,2006,0.427483046875,507.206298296872,0.0842818885156647,AHAFO ANO NORTH,forest_zone,FZ,FOREST ZONE,0.999999998668921
Ahafo_Ano_North,2007,7.69465375,507.206298296872,1.51706589130253,AHAFO ANO NORTH,forest_zone,FZ,FOREST ZONE,0.999999998668921
Ahafo_Ano_North,2008,0,507.206298296872,0,AHAFO ANO NORTH,forest_zone,FZ,FOREST ZONE,0.999999998668921
Ahafo_Ano_North,2009,0,507.206298296872,0,AHAFO ANO NORTH,forest_zone,FZ,FOREST ZONE,0.999999998668921
Ahafo_Ano_North,2010,0.42748203125,507.206298296872,0.0842816882766292,AHAFO ANO NORTH,forest_zone,FZ,FOREST ZONE,0.999999998668921
Ahafo_Ano_North,2011,1.923657328125,507.206298296872,0.379265268310818,AHAFO ANO NORTH,forest_zone,FZ,FOREST ZONE,0.999999998668921
Ahafo_Ano_North,2012,0.2137405,507.206298296872,0.0421407424784965,AHAFO ANO NORTH,forest_zone,FZ,FOREST ZONE,0.999999998668921
Ahafo_Ano_North,2013,0,507.206298296872,0,AHAFO ANO NORTH,forest_zone,FZ,FOREST ZONE,0.999999998668921
Ahafo_Ano_North,2014,0,507.206298296872,0,AHAFO ANO NORTH,forest_zone,FZ,FOREST ZONE,0.999999998668921
Ahafo_Ano_North,2015,0.85495984375,507.206298296872,0.168562544791111,AHAFO ANO NORTH,forest_zone,FZ,FOREST ZONE,0.999999998668921
Ahafo_Ano_North,2016,1.28244015625,507.206298296872,0.25284389420168,AHAFO ANO NORTH,forest_zone,FZ,FOREST ZONE,0.999999998668921
Ahafo_Ano_North,2017,4.06105328125,507.206298296872,0.800670909428066,AHAFO ANO NORTH,forest_zone,FZ,FOREST ZONE,0.999999998668921
Ahafo_Ano_North,2018,2.13739665625,507.206298296872,0.421405779744273,AHAFO ANO NORTH,forest_zone,FZ,FOREST ZONE,0.999999998668921
Ahafo_Ano_North,2019,1.496182140625,507.206298296872,0.294984929337228,AHAFO ANO NORTH,forest_zone,FZ,FOREST ZONE,0.999999998668921
Ahafo_Ano_North,2020,13.038143203125,507.206298296872,2.57057990937913,AHAFO ANO NORTH,forest_zone,FZ,FOREST ZONE,0.999999998668921
Ahafo_Ano_North,2021,0,507.206298296872,0,AHAFO ANO NORTH,forest_zone,FZ,FOREST ZONE,0.999999998668921
Ahafo_Ano_North,2022,0,507.206298296872,0,AHAFO ANO NORTH,forest_zone,FZ,FOREST ZONE,0.999999998668921
Ahafo_Ano_North,2023,7.05341790625,507.206298296872,1.39064083587573,AHAFO ANO NORTH,forest_zone,FZ,FOREST ZONE,0.999999998668921
Ahafo_Ano_North,2024,3.419836984375,507.206298296872,0.674249707832559,AHAFO ANO NORTH,forest_zone,FZ,FOREST ZONE,0.999999998668921
Ahafo_Ano_South_East,2001,0.427482484375,586.504168140622,0.0728865211188926,AHAFO ANO SOUTH EAST,forest_zone,FZ,FOREST ZONE,0.99999999990745
Ahafo_Ano_South_East,2002,0,586.504168140622,0,AHAFO ANO SOUTH EAST,forest_zone,FZ,FOREST ZONE,0.99999999990745
Ahafo_Ano_South_East,2003,1.06870996875,586.504168140622,0.182216943510922,AHAFO ANO SOUTH EAST,forest_zone,FZ,FOREST ZONE,0.99999999990745
Ahafo_Ano_South_East,2004,1.06871215625,586.504168140622,0.182217316483548,AHAFO ANO SOUTH EAST,forest_zone,FZ,FOREST ZONE,0.99999999990745
Ahafo_Ano_South_East,2005,0,586.504168140622,0,AHAFO ANO SOUTH EAST,forest_zone,FZ,FOREST ZONE,0.99999999990745
Ahafo_Ano_South_East,2006,12.18330521875,586.504168140622,2.07727512958252,AHAFO ANO SOUTH EAST,forest_zone,FZ,FOREST ZONE,0.99999999990745
Ahafo_Ano_South_East,2007,0.21374209375,586.504168140622,0.0364434057523616,AHAFO ANO SOUTH EAST,forest_zone,FZ,FOREST ZONE,0.99999999990745
Ahafo_Ano_South_East,2008,0,586.504168140622,0,AHAFO ANO SOUTH EAST,forest_zone,FZ,FOREST ZONE,0.99999999990745
Ahafo_Ano_South_East,2009,0,586.504168140622,0,AHAFO ANO SOUTH EAST,forest_zone,FZ,FOREST ZONE,0.99999999990745
Ahafo_Ano_South_East,2010,0.427484859375,586.504168140622,0.0728869260606013,AHAFO ANO SOUTH EAST,forest_zone,FZ,FOREST ZONE,0.99999999990745
Ahafo_Ano_South_East,2011,0,586.504168140622,0,AHAFO ANO SOUTH EAST,forest_zone,FZ,FOREST ZONE,0.99999999990745
Ahafo_Ano_South_East,2012,1.282455875,586.504168140622,0.218660999301289,AHAFO ANO SOUTH EAST,forest_zone,FZ,FOREST ZONE,0.99999999990745
Ahafo_Ano_South_East,2013,0,586.504168140622,0,AHAFO ANO SOUTH EAST,forest_zone,FZ,FOREST ZONE,0.99999999990745
Ahafo_Ano_South_East,2014,0,586.504168140622,0,AHAFO ANO SOUTH EAST,forest_zone,FZ,FOREST ZONE,0.99999999990745
Ahafo_Ano_South_East,2015,0,586.504168140622,0,AHAFO ANO SOUTH EAST,forest_zone,FZ,FOREST ZONE,0.99999999990745
Ahafo_Ano_South_East,2016,19.664169109375,586.504168140622,3.35277567961977,AHAFO ANO SOUTH EAST,forest_zone,FZ,FOREST ZONE,0.99999999990745
Ahafo_Ano_South_East,2017,0,586.504168140622,0,AHAFO ANO SOUTH EAST,forest_zone,FZ,FOREST ZONE,0.99999999990745
Ahafo_Ano_South_East,2018,0,586.504168140622,0,AHAFO ANO SOUTH EAST,forest_zone,FZ,FOREST ZONE,0.99999999990745
Ahafo_Ano_South_East,2019,0,586.504168140622,0,AHAFO ANO SOUTH EAST,forest_zone,FZ,FOREST ZONE,0.99999999990745
Ahafo_Ano_South_East,2020,1.282456890625,586.504168140622,0.218661172467152,AHAFO ANO SOUTH EAST,forest_zone,FZ,FOREST ZONE,0.99999999990745
Ahafo_Ano_South_East,2021,0,586.504168140622,0,AHAFO ANO SOUTH EAST,forest_zone,FZ,FOREST ZONE,0.99999999990745
Ahafo_Ano_South_East,2022,2.778633578125,586.504168140622,0.473761949029966,AHAFO ANO SOUTH EAST,forest_zone,FZ,FOREST ZONE,0.99999999990745
Ahafo_Ano_South_East,2023,8.76337021875,586.504168140622,1.49417015168575,AHAFO ANO SOUTH EAST,forest_zone,FZ,FOREST ZONE,0.99999999990745
Ahafo_Ano_South_East,2024,1.709927296875,586.504168140622,0.291545634244328,AHAFO ANO SOUTH EAST,forest_zone,FZ,FOREST ZONE,0.99999999990745
Ahafo_Ano_South_West,2001,0,432.824077234374,0,AHAFO ANO SOUTH WEST,forest_zone,FZ,FOREST ZONE,0.999999999502873
Ahafo_Ano_South_West,2002,0,432.824077234374,0,AHAFO ANO SOUTH WEST,forest_zone,FZ,FOREST ZONE,0.999999999502873
Ahafo_Ano_South_West,2003,0.21374215625,432.824077234374,0.0493831483719097,AHAFO ANO SOUTH WEST,forest_zone,FZ,FOREST ZONE,0.999999999502873
Ahafo_Ano_South_West,2004,0,432.824077234374,0,AHAFO ANO SOUTH WEST,forest_zone,FZ,FOREST ZONE,0.999999999502873
Ahafo_Ano_South_West,2005,0,432.824077234374,0,AHAFO ANO SOUTH WEST,forest_zone,FZ,FOREST ZONE,0.999999999502873
Ahafo_Ano_South_West,2006,0,432.824077234374,0,AHAFO ANO SOUTH WEST,forest_zone,FZ,FOREST ZONE,0.999999999502873
Ahafo_Ano_South_West,2007,2.5648863125,432.824077234374,0.592593260728219,AHAFO ANO SOUTH WEST,forest_zone,FZ,FOREST ZONE,0.999999999502873
Ahafo_Ano_South_West,2008,0,432.824077234374,0,AHAFO ANO SOUTH WEST,forest_zone,FZ,FOREST ZONE,0.999999999502873
Ahafo_Ano_South_West,2009,0,432.824077234374,0,AHAFO ANO SOUTH WEST,forest_zone,FZ,FOREST ZONE,0.999999999502873
Ahafo_Ano_South_West,2010,0.21374265625,432.824077234374,0.0493832638922854,AHAFO ANO SOUTH WEST,forest_zone,FZ,FOREST ZONE,0.999999999502873
Ahafo_Ano_South_West,2011,0,432.824077234374,0,AHAFO ANO SOUTH WEST,forest_zone,FZ,FOREST ZONE,0.999999999502873
Ahafo_Ano_South_West,2012,5.770993578125,432.824077234374,1.33333469223802,AHAFO ANO SOUTH WEST,forest_zone,FZ,FOREST ZONE,0.999999999502873
Ahafo_Ano_South_West,2013,0.2137393125,432.824077234374,0.0493824913497731,AHAFO ANO SOUTH WEST,forest_zone,FZ,FOREST ZONE,0.999999999502873
Ahafo_Ano_South_West,2014,0,432.824077234374,0,AHAFO ANO SOUTH WEST,forest_zone,FZ,FOREST ZONE,0.999999999502873
Ahafo_Ano_South_West,2015,0,432.824077234374,0,AHAFO ANO SOUTH WEST,forest_zone,FZ,FOREST ZONE,0.999999999502873
Ahafo_Ano_South_West,2016,102.1677971875,432.824077234374,23.6049246244164,AHAFO ANO SOUTH WEST,forest_zone,FZ,FOREST ZONE,0.999999999502873
Ahafo_Ano_South_West,2017,0,432.824077234374,0,AHAFO ANO SOUTH WEST,forest_zone,FZ,FOREST ZONE,0.999999999502873
Ahafo_Ano_South_West,2018,0,432.824077234374,0,AHAFO ANO SOUTH WEST,forest_zone,FZ,FOREST ZONE,0.999999999502873
Ahafo_Ano_South_West,2019,0.2137414375,432.824077234374,0.0493829823113697,AHAFO ANO SOUTH WEST,forest_zone,FZ,FOREST ZONE,0.999999999502873
Ahafo_Ano_South_West,2020,23.725091734375,432.824077234374,5.48146301979588,AHAFO ANO SOUTH WEST,forest_zone,FZ,FOREST ZONE,0.999999999502873
Ahafo_Ano_South_West,2021,0,432.824077234374,0,AHAFO ANO SOUTH WEST,forest_zone,FZ,FOREST ZONE,0.999999999502873
Ahafo_Ano_South_West,2022,4.916043234375,432.824077234374,1.13580632246412,AHAFO ANO SOUTH WEST,forest_zone,FZ,FOREST ZONE,0.999999999502873
Ahafo_Ano_South_West,2023,0.641222578125,432.824077234374,0.148148546222806,AHAFO ANO SOUTH WEST,forest_zone,FZ,FOREST ZONE,0.999999999502873
Ahafo_Ano_South_West,2024,4.91601440625,432.824077234374,1.13579966199246,AHAFO ANO SOUTH WEST,forest_zone,FZ,FOREST ZONE,0.999999999502873
Ahanta_West_Municipal,2001,0.213719640625,471.251854921876,0.0453514693667212,AHANTA WEST MUNICIPAL,coastal_zone,CZ,COASTAL ZONE,0.999999998903629
Ahanta_West_Municipal,2002,0,471.251854921876,0,AHANTA WEST MUNICIPAL,coastal_zone,CZ,COASTAL ZONE,0.999999998903629
Ahanta_West_Municipal,2003,0,471.251854921876,0,AHANTA WEST MUNICIPAL,coastal_zone,CZ,COASTAL ZONE,0.999999998903629
Ahanta_West_Municipal,2004,2.778359515625,471.251854921876,0.589569990358042,AHANTA WEST MUNICIPAL,coastal_zone,CZ,COASTAL ZONE,0.999999998903629
Ahanta_West_Municipal,2005,0.641158984375,471.251854921876,0.136054421362711,AHANTA WEST MUNICIPAL,coastal_zone,CZ,COASTAL ZONE,0.999999998903629
Ahanta_West_Municipal,2006,0.213719328125,471.251854921876,0.0453514030539848,AHANTA WEST MUNICIPAL,coastal_zone,CZ,COASTAL ZONE,0.999999998903629
Ahanta_West_Municipal,2007,0,471.251854921876,0,AHANTA WEST MUNICIPAL,coastal_zone,CZ,COASTAL ZONE,0.999999998903629
Ahanta_West_Municipal,2008,0.213719359375,471.251854921876,0.0453514096852585,AHANTA WEST MUNICIPAL,coastal_zone,CZ,COASTAL ZONE,0.999999998903629
Ahanta_West_Municipal,2009,0,471.251854921876,0,AHANTA WEST MUNICIPAL,coastal_zone,CZ,COASTAL ZONE,0.999999998903629
Ahanta_West_Municipal,2010,0,471.251854921876,0,AHANTA WEST MUNICIPAL,coastal_zone,CZ,COASTAL ZONE,0.999999998903629
Ahanta_West_Municipal,2011,0,471.251854921876,0,AHANTA WEST MUNICIPAL,coastal_zone,CZ,COASTAL ZONE,0.999999998903629
Ahanta_West_Municipal,2012,0,471.251854921876,0,AHANTA WEST MUNICIPAL,coastal_zone,CZ,COASTAL ZONE,0.999999998903629
Ahanta_West_Municipal,2013,0,471.251854921876,0,AHANTA WEST MUNICIPAL,coastal_zone,CZ,COASTAL ZONE,0.999999998903629
Ahanta_West_Municipal,2014,0,471.251854921876,0,AHANTA WEST MUNICIPAL,coastal_zone,CZ,COASTAL ZONE,0.999999998903629
Ahanta_West_Municipal,2015,0.427438515625,471.251854921876,0.0907027762672383,AHANTA WEST MUNICIPAL,coastal_zone,CZ,COASTAL ZONE,0.999999998903629
Ahanta_West_Municipal,2016,0.213720171875,471.251854921876,0.0453515820983729,AHANTA WEST MUNICIPAL,coastal_zone,CZ,COASTAL ZONE,0.999999998903629
Ahanta_West_Municipal,2017,0,471.251854921876,0,AHANTA WEST MUNICIPAL,coastal_zone,CZ,COASTAL ZONE,0.999999998903629
Ahanta_West_Municipal,2018,0,471.251854921876,0,AHANTA WEST MUNICIPAL,coastal_zone,CZ,COASTAL ZONE,0.999999998903629
Ahanta_West_Municipal,2019,0,471.251854921876,0,AHANTA WEST MUNICIPAL,coastal_zone,CZ,COASTAL ZONE,0.999999998903629
Ahanta_West_Municipal,2020,0,471.251854921876,0,AHANTA WEST MUNICIPAL,coastal_zone,CZ,COASTAL ZONE,0.999999998903629
Ahanta_West_Municipal,2021,0.42743928125,471.251854921876,0.0907029387334423,AHANTA WEST MUNICIPAL,coastal_zone,CZ,COASTAL ZONE,0.999999998903629
Ahanta_West_Municipal,2022,0,471.251854921876,0,AHANTA WEST MUNICIPAL,coastal_zone,CZ,COASTAL ZONE,0.999999998903629
Ahanta_West_Municipal,2023,0,471.251854921876,0,AHANTA WEST MUNICIPAL,coastal_zone,CZ,COASTAL ZONE,0.999999998903629
Ahanta_West_Municipal,2024,0.21371975,471.251854921876,0.0453514925761789,AHANTA WEST MUNICIPAL,coastal_zone,CZ,COASTAL ZONE,0.999999998903629
Ajumako_Enyan_Essiam,2001,0,435.357272562499,0,AJUMAKO-ENYAN-ESSIAM,coastal_zone,CZ,COASTAL ZONE,0.999999998812183
Ajumako_Enyan_Essiam,2002,0,435.357272562499,0,AJUMAKO-ENYAN-ESSIAM,coastal_zone,CZ,COASTAL ZONE,0.999999998812183
Ajumako_Enyan_Essiam,2003,2.778414265625,435.357272562499,0.638191765873427,AJUMAKO-ENYAN-ESSIAM,coastal_zone,CZ,COASTAL ZONE,0.999999998812183
Ajumako_Enyan_Essiam,2004,13.892059484375,435.357272562499,3.19095610890035,AJUMAKO-ENYAN-ESSIAM,coastal_zone,CZ,COASTAL ZONE,0.999999998812183
Ajumako_Enyan_Essiam,2005,9.190140953125,435.357272562499,2.11094232997008,AJUMAKO-ENYAN-ESSIAM,coastal_zone,CZ,COASTAL ZONE,0.999999998812183
Ajumako_Enyan_Essiam,2006,0,435.357272562499,0,AJUMAKO-ENYAN-ESSIAM,coastal_zone,CZ,COASTAL ZONE,0.999999998812183
Ajumako_Enyan_Essiam,2007,0.213723828125,435.357272562499,0.0490915947876622,AJUMAKO-ENYAN-ESSIAM,coastal_zone,CZ,COASTAL ZONE,0.999999998812183
Ajumako_Enyan_Essiam,2008,0,435.357272562499,0,AJUMAKO-ENYAN-ESSIAM,coastal_zone,CZ,COASTAL ZONE,0.999999998812183
Ajumako_Enyan_Essiam,2009,2.7784236875,435.357272562499,0.638193930044234,AJUMAKO-ENYAN-ESSIAM,coastal_zone,CZ,COASTAL ZONE,0.999999998812183
Ajumako_Enyan_Essiam,2010,0,435.357272562499,0,AJUMAKO-ENYAN-ESSIAM,coastal_zone,CZ,COASTAL ZONE,0.999999998812183
Ajumako_Enyan_Essiam,2011,0,435.357272562499,0,AJUMAKO-ENYAN-ESSIAM,coastal_zone,CZ,COASTAL ZONE,0.999999998812183
Ajumako_Enyan_Essiam,2012,1.70978934375,435.357272562499,0.39273246400278,AJUMAKO-ENYAN-ESSIAM,coastal_zone,CZ,COASTAL ZONE,0.999999998812183
Ajumako_Enyan_Essiam,2013,1.282341625,435.357272562499,0.29454926007143,AJUMAKO-ENYAN-ESSIAM,coastal_zone,CZ,COASTAL ZONE,0.999999998812183
Ajumako_Enyan_Essiam,2014,0,435.357272562499,0,AJUMAKO-ENYAN-ESSIAM,coastal_zone,CZ,COASTAL ZONE,0.999999998812183
Ajumako_Enyan_Essiam,2015,0,435.357272562499,0,AJUMAKO-ENYAN-ESSIAM,coastal_zone,CZ,COASTAL ZONE,0.999999998812183
Ajumako_Enyan_Essiam,2016,0,435.357272562499,0,AJUMAKO-ENYAN-ESSIAM,coastal_zone,CZ,COASTAL ZONE,0.999999998812183
Ajumako_Enyan_Essiam,2017,0,435.357272562499,0,AJUMAKO-ENYAN-ESSIAM,coastal_zone,CZ,COASTAL ZONE,0.999999998812183
Ajumako_Enyan_Essiam,2018,0.213723796875,435.357272562499,0.0490915876096496,AJUMAKO-ENYAN-ESSIAM,coastal_zone,CZ,COASTAL ZONE,0.999999998812183
Ajumako_Enyan_Essiam,2019,1.06862625,435.357272562499,0.245459606936184,AJUMAKO-ENYAN-ESSIAM,coastal_zone,CZ,COASTAL ZONE,0.999999998812183
Ajumako_Enyan_Essiam,2020,4.274479421875,435.357272562499,0.981832552541399,AJUMAKO-ENYAN-ESSIAM,coastal_zone,CZ,COASTAL ZONE,0.999999998812183
Ajumako_Enyan_Essiam,2021,0,435.357272562499,0,AJUMAKO-ENYAN-ESSIAM,coastal_zone,CZ,COASTAL ZONE,0.999999998812183
Ajumako_Enyan_Essiam,2022,0,435.357272562499,0,AJUMAKO-ENYAN-ESSIAM,coastal_zone,CZ,COASTAL ZONE,0.999999998812183
Ajumako_Enyan_Essiam,2023,0.2137245625,435.357272562499,0.0490917634709589,AJUMAKO-ENYAN-ESSIAM,coastal_zone,CZ,COASTAL ZONE,0.999999998812183
Ajumako_Enyan_Essiam,2024,0,435.357272562499,0,AJUMAKO-ENYAN-ESSIAM,coastal_zone,CZ,COASTAL ZONE,0.999999998812183
Akatsi_North,2001,30.991382953125,266.525864265625,11.6279082476733,AKATSI NORTH,coastal_zone,CZ,COASTAL ZONE,0.999999998540593
Akatsi_North,2002,139.78203496875,266.525864265625,52.4459550497661,AKATSI NORTH,coastal_zone,CZ,COASTAL ZONE,0.999999998540593
Akatsi_North,2003,157.521711875,266.525864265625,59.1018482611545,AKATSI NORTH,coastal_zone,CZ,COASTAL ZONE,0.999999998540593
Akatsi_North,2004,116.484858140625,266.525864265625,43.7048983825953,AKATSI NORTH,coastal_zone,CZ,COASTAL ZONE,0.999999998540593
Akatsi_North,2005,237.885599765625,266.525864265625,89.2542269475746,AKATSI NORTH,coastal_zone,CZ,COASTAL ZONE,0.999999998540593
Akatsi_North,2006,199.6273433125,266.525864265625,74.8998015117766,AKATSI NORTH,coastal_zone,CZ,COASTAL ZONE,0.999999998540593
Akatsi_North,2007,71.814478171875,266.525864265625,26.9446563356055,AKATSI NORTH,coastal_zone,CZ,COASTAL ZONE,0.999999998540593
Akatsi_North,2008,188.51314259375,266.525864265625,70.7297744303997,AKATSI NORTH,coastal_zone,CZ,COASTAL ZONE,0.999999998540593
Akatsi_North,2009,98.5313166093749,266.525864265625,36.9687635685431,AKATSI NORTH,coastal_zone,CZ,COASTAL ZONE,0.999999998540593
Akatsi_North,2010,74.165632984375,266.525864265625,27.8268051728218,AKATSI NORTH,coastal_zone,CZ,COASTAL ZONE,0.999999998540593
Akatsi_North,2011,185.9483614375,266.525864265625,69.7674733931941,AKATSI NORTH,coastal_zone,CZ,COASTAL ZONE,0.999999998540593
Akatsi_North,2012,133.7974348125,266.525864265625,50.2005443941286,AKATSI NORTH,coastal_zone,CZ,COASTAL ZONE,0.999999998540593
Akatsi_North,2013,137.858224953125,266.525864265625,51.7241451717919,AKATSI NORTH,coastal_zone,CZ,COASTAL ZONE,0.999999998540593
Akatsi_North,2014,66.471201296875,266.525864265625,24.9398689616962,AKATSI NORTH,coastal_zone,CZ,COASTAL ZONE,0.999999998540593
Akatsi_North,2015,231.26004296875,266.525864265625,86.7683305730778,AKATSI NORTH,coastal_zone,CZ,COASTAL ZONE,0.999999998540593
Akatsi_North,2016,141.70525684375,266.525864265625,53.1675442584903,AKATSI NORTH,coastal_zone,CZ,COASTAL ZONE,0.999999998540593
Akatsi_North,2017,60.700417984375,266.525864265625,22.7746819812879,AKATSI NORTH,coastal_zone,CZ,COASTAL ZONE,0.999999998540593
Akatsi_North,2018,109.431639375,266.525864265625,41.0585440465689,AKATSI NORTH,coastal_zone,CZ,COASTAL ZONE,0.999999998540593
Akatsi_North,2019,27.571682109375,266.525864265625,10.3448429612432,AKATSI NORTH,coastal_zone,CZ,COASTAL ZONE,0.999999998540593
Akatsi_North,2020,212.023925515625,266.525864265625,79.5509756997984,AKATSI NORTH,coastal_zone,CZ,COASTAL ZONE,0.999999998540593
Akatsi_North,2021,103.447167578125,266.525864265625,38.8131815511262,AKATSI NORTH,coastal_zone,CZ,COASTAL ZONE,0.999999998540593
Akatsi_North,2022,186.803337703125,266.525864265625,70.0882588704236,AKATSI NORTH,coastal_zone,CZ,COASTAL ZONE,0.999999998540593
Akatsi_North,2023,21.159705515625,266.525864265625,7.93908147486086,AKATSI NORTH,coastal_zone,CZ,COASTAL ZONE,0.999999998540593
Akatsi_North,2024,59.204261890625,266.525864265625,22.2133270456712,AKATSI NORTH,coastal_zone,CZ,COASTAL ZONE,0.999999998540593
Akatsi_South,2001,2.137335359375,453.539305375001,0.471256919531546,AKATSI SOUTH,coastal_zone,CZ,COASTAL ZONE,0.999999999769436
Akatsi_South,2002,50.22737725,453.539305375001,11.0745367942191,AKATSI SOUTH,coastal_zone,CZ,COASTAL ZONE,0.999999999769436
Akatsi_South,2003,51.723367953125,453.539305375001,11.4043848769311,AKATSI SOUTH,coastal_zone,CZ,COASTAL ZONE,0.999999999769436
Akatsi_South,2004,176.32885834375,453.539305375001,38.8784072855506,AKATSI SOUTH,coastal_zone,CZ,COASTAL ZONE,0.999999999769436
Akatsi_South,2005,136.789027828125,453.539305375001,30.1603468998179,AKATSI SOUTH,coastal_zone,CZ,COASTAL ZONE,0.999999999769436
Akatsi_South,2006,86.561739,453.539305375001,19.0858296015663,AKATSI SOUTH,coastal_zone,CZ,COASTAL ZONE,0.999999999769436
Akatsi_South,2007,28.426406078125,453.539305375001,6.26768303016673,AKATSI SOUTH,coastal_zone,CZ,COASTAL ZONE,0.999999999769436
Akatsi_South,2008,65.4022132656251,453.539305375001,14.4204068953954,AKATSI SOUTH,coastal_zone,CZ,COASTAL ZONE,0.999999999769436
Akatsi_South,2009,20.731878171875,453.539305375001,4.57113152623745,AKATSI SOUTH,coastal_zone,CZ,COASTAL ZONE,0.999999999769436
Akatsi_South,2010,21.159535140625,453.539305375001,4.66542478013667,AKATSI SOUTH,coastal_zone,CZ,COASTAL ZONE,0.999999999769436
Akatsi_South,2011,41.67765121875,453.539305375001,9.18942431776438,AKATSI SOUTH,coastal_zone,CZ,COASTAL ZONE,0.999999999769436
Akatsi_South,2012,63.69248784375,453.539305375001,14.0434328599342,AKATSI SOUTH,coastal_zone,CZ,COASTAL ZONE,0.999999999769436
Akatsi_South,2013,66.2571571875,453.539305375001,14.6089118191678,AKATSI SOUTH,coastal_zone,CZ,COASTAL ZONE,0.999999999769436
Akatsi_South,2014,10.6865371875,453.539305375001,2.35625381545796,AKATSI SOUTH,coastal_zone,CZ,COASTAL ZONE,0.999999999769436
Akatsi_South,2015,72.027989,453.539305375001,15.8813113100407,AKATSI SOUTH,coastal_zone,CZ,COASTAL ZONE,0.999999999769436
Akatsi_South,2016,44.88389440625,453.539305375001,9.89636264692398,AKATSI SOUTH,coastal_zone,CZ,COASTAL ZONE,0.999999999769436
Akatsi_South,2017,9.6179766875,453.539305375001,2.12064898753319,AKATSI SOUTH,coastal_zone,CZ,COASTAL ZONE,0.999999999769436
Akatsi_South,2018,5.129606015625,453.539305375001,1.131016861126,AKATSI SOUTH,coastal_zone,CZ,COASTAL ZONE,0.999999999769436
Akatsi_South,2019,6.6257276875,453.539305375001,1.46089382088321,AKATSI SOUTH,coastal_zone,CZ,COASTAL ZONE,0.999999999769436
Akatsi_South,2020,193.213947703124,453.539305375001,42.6013678226563,AKATSI SOUTH,coastal_zone,CZ,COASTAL ZONE,0.999999999769436
Akatsi_South,2021,29.92268825,453.539305375001,6.59759537825702,AKATSI SOUTH,coastal_zone,CZ,COASTAL ZONE,0.999999999769436
Akatsi_South,2022,47.448684796875,453.539305375001,10.4618682955478,AKATSI SOUTH,coastal_zone,CZ,COASTAL ZONE,0.999999999769436
Akatsi_South,2023,14.106421546875,453.539305375001,3.11029747139807,AKATSI SOUTH,coastal_zone,CZ,COASTAL ZONE,0.999999999769436
Akatsi_South,2024,5.984527859375,453.539305375001,1.31951691693552,AKATSI SOUTH,coastal_zone,CZ,COASTAL ZONE,0.999999999769436
Akwapem_North,2001,0,259.681924968752,0,AKWAPEM NORTH,forest_zone,FZ,FOREST ZONE,0.999999999205449
Akwapem_North,2002,0,259.681924968752,0,AKWAPEM NORTH,forest_zone,FZ,FOREST ZONE,0.999999999205449
Akwapem_North,2003,0,259.681924968752,0,AKWAPEM NORTH,forest_zone,FZ,FOREST ZONE,0.999999999205449
Akwapem_North,2004,13.03754953125,259.681924968752,5.02058413685082,AKWAPEM NORTH,forest_zone,FZ,FOREST ZONE,0.999999999205449
Akwapem_North,2005,4.702063390625,259.681924968752,1.8107010686981,AKWAPEM NORTH,forest_zone,FZ,FOREST ZONE,0.999999999205449
Akwapem_North,2006,6.839358171875,259.681924968752,2.63374440585266,AKWAPEM NORTH,forest_zone,FZ,FOREST ZONE,0.999999999205449
Akwapem_North,2007,4.91579775,259.681924968752,1.89300728211697,AKWAPEM NORTH,forest_zone,FZ,FOREST ZONE,0.999999999205449
Akwapem_North,2008,5.55699146875,259.681924968752,2.13992231820474,AKWAPEM NORTH,forest_zone,FZ,FOREST ZONE,0.999999999205449
Akwapem_North,2009,1.923571171875,259.681924968752,0.740741263415414,AKWAPEM NORTH,forest_zone,FZ,FOREST ZONE,0.999999999205449
Akwapem_North,2010,0,259.681924968752,0,AKWAPEM NORTH,forest_zone,FZ,FOREST ZONE,0.999999999205449
Akwapem_North,2011,0,259.681924968752,0,AKWAPEM NORTH,forest_zone,FZ,FOREST ZONE,0.999999999205449
Akwapem_North,2012,3.4196825625,259.681924968752,1.31687354170357,AKWAPEM NORTH,forest_zone,FZ,FOREST ZONE,0.999999999205449
Akwapem_North,2013,0.21372925,259.681924968752,0.0823042458676007,AKWAPEM NORTH,forest_zone,FZ,FOREST ZONE,0.999999999205449
Akwapem_North,2014,0.21373028125,259.681924968752,0.0823046429880395,AKWAPEM NORTH,forest_zone,FZ,FOREST ZONE,0.999999999205449
Akwapem_North,2015,1.9235725,259.681924968752,0.740741774858403,AKWAPEM NORTH,forest_zone,FZ,FOREST ZONE,0.999999999205449
Akwapem_North,2016,0.641192625,259.681924968752,0.246914614899422,AKWAPEM NORTH,forest_zone,FZ,FOREST ZONE,0.999999999205449
Akwapem_North,2017,2.778491171875,259.681924968752,1.06995940214527,AKWAPEM NORTH,forest_zone,FZ,FOREST ZONE,0.999999999205449
Akwapem_North,2018,0,259.681924968752,0,AKWAPEM NORTH,forest_zone,FZ,FOREST ZONE,0.999999999205449
Akwapem_North,2019,0,259.681924968752,0,AKWAPEM NORTH,forest_zone,FZ,FOREST ZONE,0.999999999205449
Akwapem_North,2020,22.441647328125,259.681924968752,8.6419751127559,AKWAPEM NORTH,forest_zone,FZ,FOREST ZONE,0.999999999205449
Akwapem_North,2021,0,259.681924968752,0,AKWAPEM NORTH,forest_zone,FZ,FOREST ZONE,0.999999999205449
Akwapem_North,2022,3.63341975,259.681924968752,1.39918084419515,AKWAPEM NORTH,forest_zone,FZ,FOREST ZONE,0.999999999205449
Akwapem_North,2023,0,259.681924968752,0,AKWAPEM NORTH,forest_zone,FZ,FOREST ZONE,0.999999999205449
Akwapem_North,2024,0,259.681924968752,0,AKWAPEM NORTH,forest_zone,FZ,FOREST ZONE,0.999999999205449
Akwapem_South,2001,0,191.501156875,0,AKWAPEM SOUTH,forest_zone,FZ,FOREST ZONE,0.999999998796039
Akwapem_South,2002,0,191.501156875,0,AKWAPEM SOUTH,forest_zone,FZ,FOREST ZONE,0.999999998796039
Akwapem_South,2003,0,191.501156875,0,AKWAPEM SOUTH,forest_zone,FZ,FOREST ZONE,0.999999998796039
Akwapem_South,2004,0,191.501156875,0,AKWAPEM SOUTH,forest_zone,FZ,FOREST ZONE,0.999999998796039
Akwapem_South,2005,0,191.501156875,0,AKWAPEM SOUTH,forest_zone,FZ,FOREST ZONE,0.999999998796039
Akwapem_South,2006,5.770660109375,191.501156875,3.01338133071527,AKWAPEM SOUTH,forest_zone,FZ,FOREST ZONE,0.999999998796039
Akwapem_South,2007,1.496096765625,191.501156875,0.781246855130782,AKWAPEM SOUTH,forest_zone,FZ,FOREST ZONE,0.999999998796039
Akwapem_South,2008,0,191.501156875,0,AKWAPEM SOUTH,forest_zone,FZ,FOREST ZONE,0.999999998796039
Akwapem_South,2009,0,191.501156875,0,AKWAPEM SOUTH,forest_zone,FZ,FOREST ZONE,0.999999998796039
Akwapem_South,2010,0,191.501156875,0,AKWAPEM SOUTH,forest_zone,FZ,FOREST ZONE,0.999999998796039
Akwapem_South,2011,0,191.501156875,0,AKWAPEM SOUTH,forest_zone,FZ,FOREST ZONE,0.999999998796039
Akwapem_South,2012,0,191.501156875,0,AKWAPEM SOUTH,forest_zone,FZ,FOREST ZONE,0.999999998796039
Akwapem_South,2013,0,191.501156875,0,AKWAPEM SOUTH,forest_zone,FZ,FOREST ZONE,0.999999998796039
Akwapem_South,2014,0,191.501156875,0,AKWAPEM SOUTH,forest_zone,FZ,FOREST ZONE,0.999999998796039
Akwapem_South,2015,0,191.501156875,0,AKWAPEM SOUTH,forest_zone,FZ,FOREST ZONE,0.999999998796039
Akwapem_South,2016,0.427456484375,191.501156875,0.223213525886957,AKWAPEM SOUTH,forest_zone,FZ,FOREST ZONE,0.999999998796039
Akwapem_South,2017,0,191.501156875,0,AKWAPEM SOUTH,forest_zone,FZ,FOREST ZONE,0.999999998796039
Akwapem_South,2018,0,191.501156875,0,AKWAPEM SOUTH,forest_zone,FZ,FOREST ZONE,0.999999998796039
Akwapem_South,2019,0,191.501156875,0,AKWAPEM SOUTH,forest_zone,FZ,FOREST ZONE,0.999999998796039
Akwapem_South,2020,36.975154953125,191.501156875,19.3080582678987,AKWAPEM SOUTH,forest_zone,FZ,FOREST ZONE,0.999999998796039
Akwapem_South,2021,0,191.501156875,0,AKWAPEM SOUTH,forest_zone,FZ,FOREST ZONE,0.999999998796039
Akwapem_South,2022,9.617784234375,191.501156875,5.0223112963505,AKWAPEM SOUTH,forest_zone,FZ,FOREST ZONE,0.999999998796039
Akwapem_South,2023,0,191.501156875,0,AKWAPEM SOUTH,forest_zone,FZ,FOREST ZONE,0.999999998796039
Akwapem_South,2024,0,191.501156875,0,AKWAPEM SOUTH,forest_zone,FZ,FOREST ZONE,0.999999998796039
Akyem_Mansa,2001,0,515.519753640626,0,AKYEM MANSA,forest_zone,FZ,FOREST ZONE,1
Akyem_Mansa,2002,0,515.519753640626,0,AKYEM MANSA,forest_zone,FZ,FOREST ZONE,1
Akyem_Mansa,2003,0.21373096875,515.519753640626,0.041459316978762,AKYEM MANSA,forest_zone,FZ,FOREST ZONE,1
Akyem_Mansa,2004,5.129546890625,515.519753640626,0.99502431369504,AKYEM MANSA,forest_zone,FZ,FOREST ZONE,1
Akyem_Mansa,2005,0,515.519753640626,0,AKYEM MANSA,forest_zone,FZ,FOREST ZONE,1
Akyem_Mansa,2006,0,515.519753640626,0,AKYEM MANSA,forest_zone,FZ,FOREST ZONE,1
Akyem_Mansa,2007,0.21373071875,515.519753640626,0.041459268484015,AKYEM MANSA,forest_zone,FZ,FOREST ZONE,1
Akyem_Mansa,2008,0,515.519753640626,0,AKYEM MANSA,forest_zone,FZ,FOREST ZONE,1
Akyem_Mansa,2009,0,515.519753640626,0,AKYEM MANSA,forest_zone,FZ,FOREST ZONE,1
Akyem_Mansa,2010,0,515.519753640626,0,AKYEM MANSA,forest_zone,FZ,FOREST ZONE,1
Akyem_Mansa,2011,0,515.519753640626,0,AKYEM MANSA,forest_zone,FZ,FOREST ZONE,1
Akyem_Mansa,2012,0,515.519753640626,0,AKYEM MANSA,forest_zone,FZ,FOREST ZONE,1
Akyem_Mansa,2013,0,515.519753640626,0,AKYEM MANSA,forest_zone,FZ,FOREST ZONE,1
Akyem_Mansa,2014,0,515.519753640626,0,AKYEM MANSA,forest_zone,FZ,FOREST ZONE,1
Akyem_Mansa,2015,0,515.519753640626,0,AKYEM MANSA,forest_zone,FZ,FOREST ZONE,1
Akyem_Mansa,2016,0,515.519753640626,0,AKYEM MANSA,forest_zone,FZ,FOREST ZONE,1
Akyem_Mansa,2017,0.427462515625,515.519753640626,0.0829187461016263,AKYEM MANSA,forest_zone,FZ,FOREST ZONE,1
Akyem_Mansa,2018,0,515.519753640626,0,AKYEM MANSA,forest_zone,FZ,FOREST ZONE,1
Akyem_Mansa,2019,0,515.519753640626,0,AKYEM MANSA,forest_zone,FZ,FOREST ZONE,1
Akyem_Mansa,2020,45.097356265625,515.519753640626,8.747939520677,AKYEM MANSA,forest_zone,FZ,FOREST ZONE,1
Akyem_Mansa,2021,0,515.519753640626,0,AKYEM MANSA,forest_zone,FZ,FOREST ZONE,1
Akyem_Mansa,2022,0,515.519753640626,0,AKYEM MANSA,forest_zone,FZ,FOREST ZONE,1
Akyem_Mansa,2023,0,515.519753640626,0,AKYEM MANSA,forest_zone,FZ,FOREST ZONE,1
Akyem_Mansa,2024,0,515.519753640626,0,AKYEM MANSA,forest_zone,FZ,FOREST ZONE,1
Amansie_Central,2001,0,727.546195828128,0,AMANSIE CENTRAL,forest_zone,FZ,FOREST ZONE,0.999999999999999
Amansie_Central,2002,0,727.546195828128,0,AMANSIE CENTRAL,forest_zone,FZ,FOREST ZONE,0.999999999999999
Amansie_Central,2003,0.213733828125,727.546195828128,0.0293773549158233,AMANSIE CENTRAL,forest_zone,FZ,FOREST ZONE,0.999999999999999
Amansie_Central,2004,0,727.546195828128,0,AMANSIE CENTRAL,forest_zone,FZ,FOREST ZONE,0.999999999999999
Amansie_Central,2005,0,727.546195828128,0,AMANSIE CENTRAL,forest_zone,FZ,FOREST ZONE,0.999999999999999
Amansie_Central,2006,0,727.546195828128,0,AMANSIE CENTRAL,forest_zone,FZ,FOREST ZONE,0.999999999999999
Amansie_Central,2007,0,727.546195828128,0,AMANSIE CENTRAL,forest_zone,FZ,FOREST ZONE,0.999999999999999
Amansie_Central,2008,0,727.546195828128,0,AMANSIE CENTRAL,forest_zone,FZ,FOREST ZONE,0.999999999999999
Amansie_Central,2009,0,727.546195828128,0,AMANSIE CENTRAL,forest_zone,FZ,FOREST ZONE,0.999999999999999
Amansie_Central,2010,0,727.546195828128,0,AMANSIE CENTRAL,forest_zone,FZ,FOREST ZONE,0.999999999999999
Amansie_Central,2011,0,727.546195828128,0,AMANSIE CENTRAL,forest_zone,FZ,FOREST ZONE,0.999999999999999
Amansie_Central,2012,0,727.546195828128,0,AMANSIE CENTRAL,forest_zone,FZ,FOREST ZONE,0.999999999999999
Amansie_Central,2013,0,727.546195828128,0,AMANSIE CENTRAL,forest_zone,FZ,FOREST ZONE,0.999999999999999
Amansie_Central,2014,0,727.546195828128,0,AMANSIE CENTRAL,forest_zone,FZ,FOREST ZONE,0.999999999999999
Amansie_Central,2015,0.213733515625,727.546195828128,0.0293773119632243,AMANSIE CENTRAL,forest_zone,FZ,FOREST ZONE,0.999999999999999
Amansie_Central,2016,0,727.546195828128,0,AMANSIE CENTRAL,forest_zone,FZ,FOREST ZONE,0.999999999999999
Amansie_Central,2017,0,727.546195828128,0,AMANSIE CENTRAL,forest_zone,FZ,FOREST ZONE,0.999999999999999
Amansie_Central,2018,0,727.546195828128,0,AMANSIE CENTRAL,forest_zone,FZ,FOREST ZONE,0.999999999999999
Amansie_Central,2019,0,727.546195828128,0,AMANSIE CENTRAL,forest_zone,FZ,FOREST ZONE,0.999999999999999
Amansie_Central,2020,0,727.546195828128,0,AMANSIE CENTRAL,forest_zone,FZ,FOREST ZONE,0.999999999999999
Amansie_Central,2021,0,727.546195828128,0,AMANSIE CENTRAL,forest_zone,FZ,FOREST ZONE,0.999999999999999
Amansie_Central,2022,0,727.546195828128,0,AMANSIE CENTRAL,forest_zone,FZ,FOREST ZONE,0.999999999999999
Amansie_Central,2023,0,727.546195828128,0,AMANSIE CENTRAL,forest_zone,FZ,FOREST ZONE,0.999999999999999
Amansie_Central,2024,0,727.546195828128,0,AMANSIE CENTRAL,forest_zone,FZ,FOREST ZONE,0.999999999999999
Amansie_South,2001,0,499.068213218749,0,AMANSIE SOUTH,forest_zone,FZ,FOREST ZONE,0.999999999999999
Amansie_South,2002,0,499.068213218749,0,AMANSIE SOUTH,forest_zone,FZ,FOREST ZONE,0.999999999999999
Amansie_South,2003,0,499.068213218749,0,AMANSIE SOUTH,forest_zone,FZ,FOREST ZONE,0.999999999999999
Amansie_South,2004,0,499.068213218749,0,AMANSIE SOUTH,forest_zone,FZ,FOREST ZONE,0.999999999999999
Amansie_South,2005,0,499.068213218749,0,AMANSIE SOUTH,forest_zone,FZ,FOREST ZONE,0.999999999999999
Amansie_South,2006,0,499.068213218749,0,AMANSIE SOUTH,forest_zone,FZ,FOREST ZONE,0.999999999999999
Amansie_South,2007,3.8472145625,499.068213218749,0.770879503161967,AMANSIE SOUTH,forest_zone,FZ,FOREST ZONE,0.999999999999999
Amansie_South,2008,0,499.068213218749,0,AMANSIE SOUTH,forest_zone,FZ,FOREST ZONE,0.999999999999999
Amansie_South,2009,0,499.068213218749,0,AMANSIE SOUTH,forest_zone,FZ,FOREST ZONE,0.999999999999999
Amansie_South,2010,3.41974796875,499.068213218749,0.685226563858731,AMANSIE SOUTH,forest_zone,FZ,FOREST ZONE,0.999999999999999
Amansie_South,2011,0,499.068213218749,0,AMANSIE SOUTH,forest_zone,FZ,FOREST ZONE,0.999999999999999
Amansie_South,2012,0,499.068213218749,0,AMANSIE SOUTH,forest_zone,FZ,FOREST ZONE,0.999999999999999
Amansie_South,2013,1.06867196875,499.068213218749,0.214133447181014,AMANSIE SOUTH,forest_zone,FZ,FOREST ZONE,0.999999999999999
Amansie_South,2014,0,499.068213218749,0,AMANSIE SOUTH,forest_zone,FZ,FOREST ZONE,0.999999999999999
Amansie_South,2015,0,499.068213218749,0,AMANSIE SOUTH,forest_zone,FZ,FOREST ZONE,0.999999999999999
Amansie_South,2016,21.80089384375,499.068213218749,4.36831945339591,AMANSIE SOUTH,forest_zone,FZ,FOREST ZONE,0.999999999999999
Amansie_South,2017,0,499.068213218749,0,AMANSIE SOUTH,forest_zone,FZ,FOREST ZONE,0.999999999999999
Amansie_South,2018,0,499.068213218749,0,AMANSIE SOUTH,forest_zone,FZ,FOREST ZONE,0.999999999999999
Amansie_South,2019,5.343352890625,499.068213218749,1.0706658426837,AMANSIE SOUTH,forest_zone,FZ,FOREST ZONE,0.999999999999999
Amansie_South,2020,0,499.068213218749,0,AMANSIE SOUTH,forest_zone,FZ,FOREST ZONE,0.999999999999999
Amansie_South,2021,0.2137325625,499.068213218749,0.0428263225023946,AMANSIE SOUTH,forest_zone,FZ,FOREST ZONE,0.999999999999999
Amansie_South,2022,0,499.068213218749,0,AMANSIE SOUTH,forest_zone,FZ,FOREST ZONE,0.999999999999999
Amansie_South,2023,0,499.068213218749,0,AMANSIE SOUTH,forest_zone,FZ,FOREST ZONE,0.999999999999999
Amansie_South,2024,0,499.068213218749,0,AMANSIE SOUTH,forest_zone,FZ,FOREST ZONE,0.999999999999999
Amansie_West,2001,0,537.971893109379,0,AMANSIE WEST,forest_zone,FZ,FOREST ZONE,0.999999999999999
Amansie_West,2002,0,537.971893109379,0,AMANSIE WEST,forest_zone,FZ,FOREST ZONE,0.999999999999999
Amansie_West,2003,0,537.971893109379,0,AMANSIE WEST,forest_zone,FZ,FOREST ZONE,0.999999999999999
Amansie_West,2004,0,537.971893109379,0,AMANSIE WEST,forest_zone,FZ,FOREST ZONE,0.999999999999999
Amansie_West,2005,2.56483659375,537.971893109379,0.476760333876499,AMANSIE WEST,forest_zone,FZ,FOREST ZONE,0.999999999999999
Amansie_West,2006,0,537.971893109379,0,AMANSIE WEST,forest_zone,FZ,FOREST ZONE,0.999999999999999
Amansie_West,2007,0,537.971893109379,0,AMANSIE WEST,forest_zone,FZ,FOREST ZONE,0.999999999999999
Amansie_West,2008,0,537.971893109379,0,AMANSIE WEST,forest_zone,FZ,FOREST ZONE,0.999999999999999
Amansie_West,2009,0,537.971893109379,0,AMANSIE WEST,forest_zone,FZ,FOREST ZONE,0.999999999999999
Amansie_West,2010,0,537.971893109379,0,AMANSIE WEST,forest_zone,FZ,FOREST ZONE,0.999999999999999
Amansie_West,2011,0,537.971893109379,0,AMANSIE WEST,forest_zone,FZ,FOREST ZONE,0.999999999999999
Amansie_West,2012,0,537.971893109379,0,AMANSIE WEST,forest_zone,FZ,FOREST ZONE,0.999999999999999
Amansie_West,2013,0,537.971893109379,0,AMANSIE WEST,forest_zone,FZ,FOREST ZONE,0.999999999999999
Amansie_West,2014,1.068677984375,537.971893109379,0.19864940865186,AMANSIE WEST,forest_zone,FZ,FOREST ZONE,0.999999999999999
Amansie_West,2015,0,537.971893109379,0,AMANSIE WEST,forest_zone,FZ,FOREST ZONE,0.999999999999999
Amansie_West,2016,7.05328809375,537.971893109379,1.31108858735784,AMANSIE WEST,forest_zone,FZ,FOREST ZONE,0.999999999999999
Amansie_West,2017,0,537.971893109379,0,AMANSIE WEST,forest_zone,FZ,FOREST ZONE,0.999999999999999
Amansie_West,2018,0,537.971893109379,0,AMANSIE WEST,forest_zone,FZ,FOREST ZONE,0.999999999999999
Amansie_West,2019,0,537.971893109379,0,AMANSIE WEST,forest_zone,FZ,FOREST ZONE,0.999999999999999
Amansie_West,2020,0,537.971893109379,0,AMANSIE WEST,forest_zone,FZ,FOREST ZONE,0.999999999999999
Amansie_West,2021,0,537.971893109379,0,AMANSIE WEST,forest_zone,FZ,FOREST ZONE,0.999999999999999
Amansie_West,2022,0.2137358125,537.971893109379,0.0397299218114623,AMANSIE WEST,forest_zone,FZ,FOREST ZONE,0.999999999999999
Amansie_West,2023,0,537.971893109379,0,AMANSIE WEST,forest_zone,FZ,FOREST ZONE,0.999999999999999
Amansie_West,2024,0,537.971893109379,0,AMANSIE WEST,forest_zone,FZ,FOREST ZONE,0.999999999999999
Anloga,2001,0,133.79413365625,0,ANLOGA,coastal_zone,CZ,COASTAL ZONE,0.99999999861339
Anloga,2002,0,133.79413365625,0,ANLOGA,coastal_zone,CZ,COASTAL ZONE,0.99999999861339
Anloga,2003,2.13728859375,133.79413365625,1.59744566921089,ANLOGA,coastal_zone,CZ,COASTAL ZONE,0.99999999861339
Anloga,2004,4.915761546875,133.79413365625,3.67412338085375,ANLOGA,coastal_zone,CZ,COASTAL ZONE,0.99999999861339
Anloga,2005,4.91576690625,133.79413365625,3.67412738654133,ANLOGA,coastal_zone,CZ,COASTAL ZONE,0.99999999861339
Anloga,2006,0.427458125,133.79413365625,0.319489437480304,ANLOGA,coastal_zone,CZ,COASTAL ZONE,0.99999999861339
Anloga,2007,0,133.79413365625,0,ANLOGA,coastal_zone,CZ,COASTAL ZONE,0.99999999861339
Anloga,2008,0,133.79413365625,0,ANLOGA,coastal_zone,CZ,COASTAL ZONE,0.99999999861339
Anloga,2009,0,133.79413365625,0,ANLOGA,coastal_zone,CZ,COASTAL ZONE,0.99999999861339
Anloga,2010,0,133.79413365625,0,ANLOGA,coastal_zone,CZ,COASTAL ZONE,0.99999999861339
Anloga,2011,0,133.79413365625,0,ANLOGA,coastal_zone,CZ,COASTAL ZONE,0.99999999861339
Anloga,2012,0,133.79413365625,0,ANLOGA,coastal_zone,CZ,COASTAL ZONE,0.99999999861339
Anloga,2013,0,133.79413365625,0,ANLOGA,coastal_zone,CZ,COASTAL ZONE,0.99999999861339
Anloga,2014,1.06864175,133.79413365625,0.798720931027964,ANLOGA,coastal_zone,CZ,COASTAL ZONE,0.99999999861339
Anloga,2015,0,133.79413365625,0,ANLOGA,coastal_zone,CZ,COASTAL ZONE,0.99999999861339
Anloga,2016,0,133.79413365625,0,ANLOGA,coastal_zone,CZ,COASTAL ZONE,0.99999999861339
Anloga,2017,0,133.79413365625,0,ANLOGA,coastal_zone,CZ,COASTAL ZONE,0.99999999861339
Anloga,2018,0,133.79413365625,0,ANLOGA,coastal_zone,CZ,COASTAL ZONE,0.99999999861339
Anloga,2019,0,133.79413365625,0,ANLOGA,coastal_zone,CZ,COASTAL ZONE,0.99999999861339
Anloga,2020,4.274578375,133.79413365625,3.19489222597938,ANLOGA,coastal_zone,CZ,COASTAL ZONE,0.99999999861339
Anloga,2021,0,133.79413365625,0,ANLOGA,coastal_zone,CZ,COASTAL ZONE,0.99999999861339
Anloga,2022,0,133.79413365625,0,ANLOGA,coastal_zone,CZ,COASTAL ZONE,0.99999999861339
Anloga,2023,0,133.79413365625,0,ANLOGA,coastal_zone,CZ,COASTAL ZONE,0.99999999861339
Anloga,2024,1.70983225,133.79413365625,1.27795756306699,ANLOGA,coastal_zone,CZ,COASTAL ZONE,0.99999999861339
Aowin,2001,0,2238.1598037656,0,AOWIN,forest_zone,FZ,FOREST ZONE,0.999999999349829
Aowin,2002,0,2238.1598037656,0,AOWIN,forest_zone,FZ,FOREST ZONE,0.999999999349829
Aowin,2003,0,2238.1598037656,0,AOWIN,forest_zone,FZ,FOREST ZONE,0.999999999349829
Aowin,2004,0,2238.1598037656,0,AOWIN,forest_zone,FZ,FOREST ZONE,0.999999999349829
Aowin,2005,0,2238.1598037656,0,AOWIN,forest_zone,FZ,FOREST ZONE,0.999999999349829
Aowin,2006,0,2238.1598037656,0,AOWIN,forest_zone,FZ,FOREST ZONE,0.999999999349829
Aowin,2007,0,2238.1598037656,0,AOWIN,forest_zone,FZ,FOREST ZONE,0.999999999349829
Aowin,2008,0,2238.1598037656,0,AOWIN,forest_zone,FZ,FOREST ZONE,0.999999999349829
Aowin,2009,0,2238.1598037656,0,AOWIN,forest_zone,FZ,FOREST ZONE,0.999999999349829
Aowin,2010,0,2238.1598037656,0,AOWIN,forest_zone,FZ,FOREST ZONE,0.999999999349829
Aowin,2011,0,2238.1598037656,0,AOWIN,forest_zone,FZ,FOREST ZONE,0.999999999349829
Aowin,2012,0,2238.1598037656,0,AOWIN,forest_zone,FZ,FOREST ZONE,0.999999999349829
Aowin,2013,0,2238.1598037656,0,AOWIN,forest_zone,FZ,FOREST ZONE,0.999999999349829
Aowin,2014,0,2238.1598037656,0,AOWIN,forest_zone,FZ,FOREST ZONE,0.999999999349829
Aowin,2015,0,2238.1598037656,0,AOWIN,forest_zone,FZ,FOREST ZONE,0.999999999349829
Aowin,2016,0,2238.1598037656,0,AOWIN,forest_zone,FZ,FOREST ZONE,0.999999999349829
Aowin,2017,0,2238.1598037656,0,AOWIN,forest_zone,FZ,FOREST ZONE,0.999999999349829
Aowin,2018,0,2238.1598037656,0,AOWIN,forest_zone,FZ,FOREST ZONE,0.999999999349829
Aowin,2019,0,2238.1598037656,0,AOWIN,forest_zone,FZ,FOREST ZONE,0.999999999349829
Aowin,2020,0,2238.1598037656,0,AOWIN,forest_zone,FZ,FOREST ZONE,0.999999999349829
Aowin,2021,0,2238.1598037656,0,AOWIN,forest_zone,FZ,FOREST ZONE,0.999999999349829
Aowin,2022,0,2238.1598037656,0,AOWIN,forest_zone,FZ,FOREST ZONE,0.999999999349829
Aowin,2023,3.20592359375,2238.1598037656,0.143239262377788,AOWIN,forest_zone,FZ,FOREST ZONE,0.999999999349829
Aowin,2024,0,2238.1598037656,0,AOWIN,forest_zone,FZ,FOREST ZONE,0.999999999349829
Asante_Akim_Central_Municipal,2001,0,247.079750578125,0,ASANTE AKIM CENTRAL MUNICIPAL,forest_zone,FZ,FOREST ZONE,1
Asante_Akim_Central_Municipal,2002,0,247.079750578125,0,ASANTE AKIM CENTRAL MUNICIPAL,forest_zone,FZ,FOREST ZONE,1
Asante_Akim_Central_Municipal,2003,0,247.079750578125,0,ASANTE AKIM CENTRAL MUNICIPAL,forest_zone,FZ,FOREST ZONE,1
Asante_Akim_Central_Municipal,2004,0,247.079750578125,0,ASANTE AKIM CENTRAL MUNICIPAL,forest_zone,FZ,FOREST ZONE,1
Asante_Akim_Central_Municipal,2005,0,247.079750578125,0,ASANTE AKIM CENTRAL MUNICIPAL,forest_zone,FZ,FOREST ZONE,1
Asante_Akim_Central_Municipal,2006,0.42747571875,247.079750578125,0.173011231292641,ASANTE AKIM CENTRAL MUNICIPAL,forest_zone,FZ,FOREST ZONE,1
Asante_Akim_Central_Municipal,2007,0,247.079750578125,0,ASANTE AKIM CENTRAL MUNICIPAL,forest_zone,FZ,FOREST ZONE,1
Asante_Akim_Central_Municipal,2008,0.42747371875,247.079750578125,0.173010421837396,ASANTE AKIM CENTRAL MUNICIPAL,forest_zone,FZ,FOREST ZONE,1
Asante_Akim_Central_Municipal,2009,0,247.079750578125,0,ASANTE AKIM CENTRAL MUNICIPAL,forest_zone,FZ,FOREST ZONE,1
Asante_Akim_Central_Municipal,2010,0,247.079750578125,0,ASANTE AKIM CENTRAL MUNICIPAL,forest_zone,FZ,FOREST ZONE,1
Asante_Akim_Central_Municipal,2011,0,247.079750578125,0,ASANTE AKIM CENTRAL MUNICIPAL,forest_zone,FZ,FOREST ZONE,1
Asante_Akim_Central_Municipal,2012,0,247.079750578125,0,ASANTE AKIM CENTRAL MUNICIPAL,forest_zone,FZ,FOREST ZONE,1
Asante_Akim_Central_Municipal,2013,10.259346109375,247.079750578125,4.15224075844737,ASANTE AKIM CENTRAL MUNICIPAL,forest_zone,FZ,FOREST ZONE,1
Asante_Akim_Central_Municipal,2014,0,247.079750578125,0,ASANTE AKIM CENTRAL MUNICIPAL,forest_zone,FZ,FOREST ZONE,1
Asante_Akim_Central_Municipal,2015,0,247.079750578125,0,ASANTE AKIM CENTRAL MUNICIPAL,forest_zone,FZ,FOREST ZONE,1
Asante_Akim_Central_Municipal,2016,12.82417475,247.079750578125,5.19029775608628,ASANTE AKIM CENTRAL MUNICIPAL,forest_zone,FZ,FOREST ZONE,1
Asante_Akim_Central_Municipal,2017,0.213736140625,247.079750578125,0.0865049200207194,ASANTE AKIM CENTRAL MUNICIPAL,forest_zone,FZ,FOREST ZONE,1
Asante_Akim_Central_Municipal,2018,0,247.079750578125,0,ASANTE AKIM CENTRAL MUNICIPAL,forest_zone,FZ,FOREST ZONE,1
Asante_Akim_Central_Municipal,2019,0,247.079750578125,0,ASANTE AKIM CENTRAL MUNICIPAL,forest_zone,FZ,FOREST ZONE,1
Asante_Akim_Central_Municipal,2020,5.12967553125,247.079750578125,2.07612138155694,ASANTE AKIM CENTRAL MUNICIPAL,forest_zone,FZ,FOREST ZONE,1
Asante_Akim_Central_Municipal,2021,0,247.079750578125,0,ASANTE AKIM CENTRAL MUNICIPAL,forest_zone,FZ,FOREST ZONE,1
Asante_Akim_Central_Municipal,2022,0,247.079750578125,0,ASANTE AKIM CENTRAL MUNICIPAL,forest_zone,FZ,FOREST ZONE,1
Asante_Akim_Central_Municipal,2023,1.282421125,247.079750578125,0.51903125286445,ASANTE AKIM CENTRAL MUNICIPAL,forest_zone,FZ,FOREST ZONE,1
Asante_Akim_Central_Municipal,2024,0.641212140625,247.079750578125,0.259516265143004,ASANTE AKIM CENTRAL MUNICIPAL,forest_zone,FZ,FOREST ZONE,1
Asante_Akim_North,2001,221.648756593751,949.00482187501,23.3559146892242,ASANTE AKIM NORTH,forest_zone,FZ,FOREST ZONE,1
Asante_Akim_North,2002,427.26699475,949.00482187501,45.022636861404,ASANTE AKIM NORTH,forest_zone,FZ,FOREST ZONE,1
Asante_Akim_North,2003,433.892666953124,949.00482187501,45.7208074133759,ASANTE AKIM NORTH,forest_zone,FZ,FOREST ZONE,1
Asante_Akim_North,2004,131.2364135,949.00482187501,13.8288458050938,ASANTE AKIM NORTH,forest_zone,FZ,FOREST ZONE,1
Asante_Akim_North,2005,403.968783593748,949.00482187501,42.5676218162518,ASANTE AKIM NORTH,forest_zone,FZ,FOREST ZONE,1
Asante_Akim_North,2006,232.976963218751,949.00482187501,24.5496079523013,ASANTE AKIM NORTH,forest_zone,FZ,FOREST ZONE,1
Asante_Akim_North,2007,241.099011484376,949.00482187501,25.4054569510006,ASANTE AKIM NORTH,forest_zone,FZ,FOREST ZONE,1
Asante_Akim_North,2008,340.274835218749,949.00482187501,35.8559648355049,ASANTE AKIM NORTH,forest_zone,FZ,FOREST ZONE,1
Asante_Akim_North,2009,229.984496609375,949.00482187501,24.2342811446394,ASANTE AKIM NORTH,forest_zone,FZ,FOREST ZONE,1
Asante_Akim_North,2010,203.26741521875,949.00482187501,21.4190076312934,ASANTE AKIM NORTH,forest_zone,FZ,FOREST ZONE,1
Asante_Akim_North,2011,208.610675796875,949.00482187501,21.982045927302,ASANTE AKIM NORTH,forest_zone,FZ,FOREST ZONE,1
Asante_Akim_North,2012,244.94650625,949.00482187501,25.8108811044863,ASANTE AKIM NORTH,forest_zone,FZ,FOREST ZONE,1
Asante_Akim_North,2013,146.198403125,949.00482187501,15.4054436558232,ASANTE AKIM NORTH,forest_zone,FZ,FOREST ZONE,1
Asante_Akim_North,2014,180.396783375,949.00482187501,19.0090481330304,ASANTE AKIM NORTH,forest_zone,FZ,FOREST ZONE,1
Asante_Akim_North,2015,203.0536305625,949.00482187501,21.3964803847165,ASANTE AKIM NORTH,forest_zone,FZ,FOREST ZONE,1
Asante_Akim_North,2016,229.129697875001,949.00482187501,24.1442079738114,ASANTE AKIM NORTH,forest_zone,FZ,FOREST ZONE,1
Asante_Akim_North,2017,143.847430421875,949.00482187501,15.1577133336021,ASANTE AKIM NORTH,forest_zone,FZ,FOREST ZONE,1
Asante_Akim_North,2018,196.427501390626,949.00482187501,20.6982616803286,ASANTE AKIM NORTH,forest_zone,FZ,FOREST ZONE,1
Asante_Akim_North,2019,130.59538553125,949.00482187501,13.7612984171381,ASANTE AKIM NORTH,forest_zone,FZ,FOREST ZONE,1
Asante_Akim_North,2020,114.992323859375,949.00482187501,12.1171485337848,ASANTE AKIM NORTH,forest_zone,FZ,FOREST ZONE,1
Asante_Akim_North,2021,166.076131171875,949.00482187501,17.5000302784287,ASANTE AKIM NORTH,forest_zone,FZ,FOREST ZONE,1
Asante_Akim_North,2022,213.74032259375,949.00482187501,22.5225749824379,ASANTE AKIM NORTH,forest_zone,FZ,FOREST ZONE,1
Asante_Akim_North,2023,55.358748640625,949.00482187501,5.8333474566809,ASANTE AKIM NORTH,forest_zone,FZ,FOREST ZONE,1
Asante_Akim_North,2024,222.29041965625,949.00482187501,23.4235289992581,ASANTE AKIM NORTH,forest_zone,FZ,FOREST ZONE,1
Asante_Akim_South,2001,0,977.199180593759,0,ASANTE AKIM SOUTH,forest_zone,FZ,FOREST ZONE,1
Asante_Akim_South,2002,0,977.199180593759,0,ASANTE AKIM SOUTH,forest_zone,FZ,FOREST ZONE,1
Asante_Akim_South,2003,0.427473328125,977.199180593759,0.0437447489328902,ASANTE AKIM SOUTH,forest_zone,FZ,FOREST ZONE,1
Asante_Akim_South,2004,0.427476328125,977.199180593759,0.0437450559327383,ASANTE AKIM SOUTH,forest_zone,FZ,FOREST ZONE,1
Asante_Akim_South,2005,0,977.199180593759,0,ASANTE AKIM SOUTH,forest_zone,FZ,FOREST ZONE,1
Asante_Akim_South,2006,8.763090421875,977.199180593759,0.896755809450273,ASANTE AKIM SOUTH,forest_zone,FZ,FOREST ZONE,1
Asante_Akim_South,2007,7.480724203125,977.199180593759,0.765527064664504,ASANTE AKIM SOUTH,forest_zone,FZ,FOREST ZONE,1
Asante_Akim_South,2008,33.129135921875,977.199180593759,3.39021323183522,ASANTE AKIM SOUTH,forest_zone,FZ,FOREST ZONE,1
Asante_Akim_South,2009,0,977.199180593759,0,ASANTE AKIM SOUTH,forest_zone,FZ,FOREST ZONE,1
Asante_Akim_South,2010,0,977.199180593759,0,ASANTE AKIM SOUTH,forest_zone,FZ,FOREST ZONE,1
Asante_Akim_South,2011,0,977.199180593759,0,ASANTE AKIM SOUTH,forest_zone,FZ,FOREST ZONE,1
Asante_Akim_South,2012,11.32801925,977.199180593759,1.15923339631916,ASANTE AKIM SOUTH,forest_zone,FZ,FOREST ZONE,1
Asante_Akim_South,2013,48.30439459375,977.199180593759,4.94314726752018,ASANTE AKIM SOUTH,forest_zone,FZ,FOREST ZONE,1
Asante_Akim_South,2014,0,977.199180593759,0,ASANTE AKIM SOUTH,forest_zone,FZ,FOREST ZONE,1
Asante_Akim_South,2015,0.854947046875,977.199180593759,0.0874895378397189,ASANTE AKIM SOUTH,forest_zone,FZ,FOREST ZONE,1
Asante_Akim_South,2016,57.708798140625,977.199180593759,5.90553075428905,ASANTE AKIM SOUTH,forest_zone,FZ,FOREST ZONE,1
Asante_Akim_South,2017,1.282419375,977.199180593759,0.131234184439326,ASANTE AKIM SOUTH,forest_zone,FZ,FOREST ZONE,1
Asante_Akim_South,2018,0,977.199180593759,0,ASANTE AKIM SOUTH,forest_zone,FZ,FOREST ZONE,1
Asante_Akim_South,2019,0.213736609375,977.199180593759,0.0218723688700937,ASANTE AKIM SOUTH,forest_zone,FZ,FOREST ZONE,1
Asante_Akim_South,2020,36.976393359375,977.199180593759,3.78391571479907,ASANTE AKIM SOUTH,forest_zone,FZ,FOREST ZONE,1
Asante_Akim_South,2021,1.282418671875,977.199180593759,0.131234112486237,ASANTE AKIM SOUTH,forest_zone,FZ,FOREST ZONE,1
Asante_Akim_South,2022,1.709863375,977.199180593759,0.17497593212891,ASANTE AKIM SOUTH,forest_zone,FZ,FOREST ZONE,1
Asante_Akim_South,2023,7.908244671875,977.199180593759,0.8092766376523,ASANTE AKIM SOUTH,forest_zone,FZ,FOREST ZONE,1
Asante_Akim_South,2024,0,977.199180593759,0,ASANTE AKIM SOUTH,forest_zone,FZ,FOREST ZONE,1
Asene_Akroso_Manso,2001,0,356.92722371875,0,ASENE AKROSO MANSO,forest_zone,FZ,FOREST ZONE,0.999999999999999
Asene_Akroso_Manso,2002,0,356.92722371875,0,ASENE AKROSO MANSO,forest_zone,FZ,FOREST ZONE,0.999999999999999
Asene_Akroso_Manso,2003,0,356.92722371875,0,ASENE AKROSO MANSO,forest_zone,FZ,FOREST ZONE,0.999999999999999
Asene_Akroso_Manso,2004,0,356.92722371875,0,ASENE AKROSO MANSO,forest_zone,FZ,FOREST ZONE,0.999999999999999
Asene_Akroso_Manso,2005,0,356.92722371875,0,ASENE AKROSO MANSO,forest_zone,FZ,FOREST ZONE,0.999999999999999
Asene_Akroso_Manso,2006,0,356.92722371875,0,ASENE AKROSO MANSO,forest_zone,FZ,FOREST ZONE,0.999999999999999
Asene_Akroso_Manso,2007,0,356.92722371875,0,ASENE AKROSO MANSO,forest_zone,FZ,FOREST ZONE,0.999999999999999
Asene_Akroso_Manso,2008,0,356.92722371875,0,ASENE AKROSO MANSO,forest_zone,FZ,FOREST ZONE,0.999999999999999
Asene_Akroso_Manso,2009,0,356.92722371875,0,ASENE AKROSO MANSO,forest_zone,FZ,FOREST ZONE,0.999999999999999
Asene_Akroso_Manso,2010,0,356.92722371875,0,ASENE AKROSO MANSO,forest_zone,FZ,FOREST ZONE,0.999999999999999
Asene_Akroso_Manso,2011,0,356.92722371875,0,ASENE AKROSO MANSO,forest_zone,FZ,FOREST ZONE,0.999999999999999
Asene_Akroso_Manso,2012,0,356.92722371875,0,ASENE AKROSO MANSO,forest_zone,FZ,FOREST ZONE,0.999999999999999
Asene_Akroso_Manso,2013,0,356.92722371875,0,ASENE AKROSO MANSO,forest_zone,FZ,FOREST ZONE,0.999999999999999
Asene_Akroso_Manso,2014,0,356.92722371875,0,ASENE AKROSO MANSO,forest_zone,FZ,FOREST ZONE,0.999999999999999
Asene_Akroso_Manso,2015,0,356.92722371875,0,ASENE AKROSO MANSO,forest_zone,FZ,FOREST ZONE,0.999999999999999
Asene_Akroso_Manso,2016,0,356.92722371875,0,ASENE AKROSO MANSO,forest_zone,FZ,FOREST ZONE,0.999999999999999
Asene_Akroso_Manso,2017,0,356.92722371875,0,ASENE AKROSO MANSO,forest_zone,FZ,FOREST ZONE,0.999999999999999
Asene_Akroso_Manso,2018,0,356.92722371875,0,ASENE AKROSO MANSO,forest_zone,FZ,FOREST ZONE,0.999999999999999
Asene_Akroso_Manso,2019,0,356.92722371875,0,ASENE AKROSO MANSO,forest_zone,FZ,FOREST ZONE,0.999999999999999
Asene_Akroso_Manso,2020,0,356.92722371875,0,ASENE AKROSO MANSO,forest_zone,FZ,FOREST ZONE,0.999999999999999
Asene_Akroso_Manso,2021,0,356.92722371875,0,ASENE AKROSO MANSO,forest_zone,FZ,FOREST ZONE,0.999999999999999
Asene_Akroso_Manso,2022,0,356.92722371875,0,ASENE AKROSO MANSO,forest_zone,FZ,FOREST ZONE,0.999999999999999
Asene_Akroso_Manso,2023,0.213728796875,356.92722371875,0.0598802172185704,ASENE AKROSO MANSO,forest_zone,FZ,FOREST ZONE,0.999999999999999
Asene_Akroso_Manso,2024,0,356.92722371875,0,ASENE AKROSO MANSO,forest_zone,FZ,FOREST ZONE,0.999999999999999
Ashaiman_Municipal,2001,0,1.49609309375,0,ASHAIMAN MUNICIPAL,coastal_zone,CZ,COASTAL ZONE,1
Ashaiman_Municipal,2002,0,1.49609309375,0,ASHAIMAN MUNICIPAL,coastal_zone,CZ,COASTAL ZONE,1
Ashaiman_Municipal,2003,0,1.49609309375,0,ASHAIMAN MUNICIPAL,coastal_zone,CZ,COASTAL ZONE,1
Ashaiman_Municipal,2004,0,1.49609309375,0,ASHAIMAN MUNICIPAL,coastal_zone,CZ,COASTAL ZONE,1
Ashaiman_Municipal,2005,0,1.49609309375,0,ASHAIMAN MUNICIPAL,coastal_zone,CZ,COASTAL ZONE,1
Ashaiman_Municipal,2006,0,1.49609309375,0,ASHAIMAN MUNICIPAL,coastal_zone,CZ,COASTAL ZONE,1
Ashaiman_Municipal,2007,0,1.49609309375,0,ASHAIMAN MUNICIPAL,coastal_zone,CZ,COASTAL ZONE,1
Ashaiman_Municipal,2008,0,1.49609309375,0,ASHAIMAN MUNICIPAL,coastal_zone,CZ,COASTAL ZONE,1
Ashaiman_Municipal,2009,0,1.49609309375,0,ASHAIMAN MUNICIPAL,coastal_zone,CZ,COASTAL ZONE,1
Ashaiman_Municipal,2010,0,1.49609309375,0,ASHAIMAN MUNICIPAL,coastal_zone,CZ,COASTAL ZONE,1
Ashaiman_Municipal,2011,0,1.49609309375,0,ASHAIMAN MUNICIPAL,coastal_zone,CZ,COASTAL ZONE,1
Ashaiman_Municipal,2012,0,1.49609309375,0,ASHAIMAN MUNICIPAL,coastal_zone,CZ,COASTAL ZONE,1
Ashaiman_Municipal,2013,0,1.49609309375,0,ASHAIMAN MUNICIPAL,coastal_zone,CZ,COASTAL ZONE,1
Ashaiman_Municipal,2014,0,1.49609309375,0,ASHAIMAN MUNICIPAL,coastal_zone,CZ,COASTAL ZONE,1
Ashaiman_Municipal,2015,0,1.49609309375,0,ASHAIMAN MUNICIPAL,coastal_zone,CZ,COASTAL ZONE,1
Ashaiman_Municipal,2016,0,1.49609309375,0,ASHAIMAN MUNICIPAL,coastal_zone,CZ,COASTAL ZONE,1
Ashaiman_Municipal,2017,0,1.49609309375,0,ASHAIMAN MUNICIPAL,coastal_zone,CZ,COASTAL ZONE,1
Ashaiman_Municipal,2018,0,1.49609309375,0,ASHAIMAN MUNICIPAL,coastal_zone,CZ,COASTAL ZONE,1
Ashaiman_Municipal,2019,0,1.49609309375,0,ASHAIMAN MUNICIPAL,coastal_zone,CZ,COASTAL ZONE,1
Ashaiman_Municipal,2020,0,1.49609309375,0,ASHAIMAN MUNICIPAL,coastal_zone,CZ,COASTAL ZONE,1
Ashaiman_Municipal,2021,0,1.49609309375,0,ASHAIMAN MUNICIPAL,coastal_zone,CZ,COASTAL ZONE,1
Ashaiman_Municipal,2022,0,1.49609309375,0,ASHAIMAN MUNICIPAL,coastal_zone,CZ,COASTAL ZONE,1
Ashaiman_Municipal,2023,0,1.49609309375,0,ASHAIMAN MUNICIPAL,coastal_zone,CZ,COASTAL ZONE,1
Ashaiman_Municipal,2024,0,1.49609309375,0,ASHAIMAN MUNICIPAL,coastal_zone,CZ,COASTAL ZONE,1
Asikuma_Odoben_Brakwa,2001,0,658.919489968744,0,ASIKUMA-ODOBEN-BRAKWA,forest_zone,FZ,FOREST ZONE,0.999999999471974
Asikuma_Odoben_Brakwa,2002,0,658.919489968744,0,ASIKUMA-ODOBEN-BRAKWA,forest_zone,FZ,FOREST ZONE,0.999999999471974
Asikuma_Odoben_Brakwa,2003,0,658.919489968744,0,ASIKUMA-ODOBEN-BRAKWA,forest_zone,FZ,FOREST ZONE,0.999999999471974
Asikuma_Odoben_Brakwa,2004,0,658.919489968744,0,ASIKUMA-ODOBEN-BRAKWA,forest_zone,FZ,FOREST ZONE,0.999999999471974
Asikuma_Odoben_Brakwa,2005,1.282358171875,658.919489968744,0.194615304509482,ASIKUMA-ODOBEN-BRAKWA,forest_zone,FZ,FOREST ZONE,0.999999999471974
Asikuma_Odoben_Brakwa,2006,0,658.919489968744,0,ASIKUMA-ODOBEN-BRAKWA,forest_zone,FZ,FOREST ZONE,0.999999999471974
Asikuma_Odoben_Brakwa,2007,0,658.919489968744,0,ASIKUMA-ODOBEN-BRAKWA,forest_zone,FZ,FOREST ZONE,0.999999999471974
Asikuma_Odoben_Brakwa,2008,0,658.919489968744,0,ASIKUMA-ODOBEN-BRAKWA,forest_zone,FZ,FOREST ZONE,0.999999999471974
Asikuma_Odoben_Brakwa,2009,0,658.919489968744,0,ASIKUMA-ODOBEN-BRAKWA,forest_zone,FZ,FOREST ZONE,0.999999999471974
Asikuma_Odoben_Brakwa,2010,0,658.919489968744,0,ASIKUMA-ODOBEN-BRAKWA,forest_zone,FZ,FOREST ZONE,0.999999999471974
Asikuma_Odoben_Brakwa,2011,0,658.919489968744,0,ASIKUMA-ODOBEN-BRAKWA,forest_zone,FZ,FOREST ZONE,0.999999999471974
Asikuma_Odoben_Brakwa,2012,0,658.919489968744,0,ASIKUMA-ODOBEN-BRAKWA,forest_zone,FZ,FOREST ZONE,0.999999999471974
Asikuma_Odoben_Brakwa,2013,0,658.919489968744,0,ASIKUMA-ODOBEN-BRAKWA,forest_zone,FZ,FOREST ZONE,0.999999999471974
Asikuma_Odoben_Brakwa,2014,0,658.919489968744,0,ASIKUMA-ODOBEN-BRAKWA,forest_zone,FZ,FOREST ZONE,0.999999999471974
Asikuma_Odoben_Brakwa,2015,0,658.919489968744,0,ASIKUMA-ODOBEN-BRAKWA,forest_zone,FZ,FOREST ZONE,0.999999999471974
Asikuma_Odoben_Brakwa,2016,0,658.919489968744,0,ASIKUMA-ODOBEN-BRAKWA,forest_zone,FZ,FOREST ZONE,0.999999999471974
Asikuma_Odoben_Brakwa,2017,0,658.919489968744,0,ASIKUMA-ODOBEN-BRAKWA,forest_zone,FZ,FOREST ZONE,0.999999999471974
Asikuma_Odoben_Brakwa,2018,0,658.919489968744,0,ASIKUMA-ODOBEN-BRAKWA,forest_zone,FZ,FOREST ZONE,0.999999999471974
Asikuma_Odoben_Brakwa,2019,0,658.919489968744,0,ASIKUMA-ODOBEN-BRAKWA,forest_zone,FZ,FOREST ZONE,0.999999999471974
Asikuma_Odoben_Brakwa,2020,0,658.919489968744,0,ASIKUMA-ODOBEN-BRAKWA,forest_zone,FZ,FOREST ZONE,0.999999999471974
Asikuma_Odoben_Brakwa,2021,0,658.919489968744,0,ASIKUMA-ODOBEN-BRAKWA,forest_zone,FZ,FOREST ZONE,0.999999999471974
Asikuma_Odoben_Brakwa,2022,0,658.919489968744,0,ASIKUMA-ODOBEN-BRAKWA,forest_zone,FZ,FOREST ZONE,0.999999999471974
Asikuma_Odoben_Brakwa,2023,4.06081028125,658.919489968744,0.616283224744593,ASIKUMA-ODOBEN-BRAKWA,forest_zone,FZ,FOREST ZONE,0.999999999471974
Asikuma_Odoben_Brakwa,2024,0,658.919489968744,0,ASIKUMA-ODOBEN-BRAKWA,forest_zone,FZ,FOREST ZONE,0.999999999471974
Asokore_Mampong_Municipal,2001,0,2.137383015625,0,ASOKORE MAMPONG MUNICIPAL,forest_zone,FZ,FOREST ZONE,1
Asokore_Mampong_Municipal,2002,0,2.137383015625,0,ASOKORE MAMPONG MUNICIPAL,forest_zone,FZ,FOREST ZONE,1
Asokore_Mampong_Municipal,2003,0,2.137383015625,0,ASOKORE MAMPONG MUNICIPAL,forest_zone,FZ,FOREST ZONE,1
Asokore_Mampong_Municipal,2004,0,2.137383015625,0,ASOKORE MAMPONG MUNICIPAL,forest_zone,FZ,FOREST ZONE,1
Asokore_Mampong_Municipal,2005,0,2.137383015625,0,ASOKORE MAMPONG MUNICIPAL,forest_zone,FZ,FOREST ZONE,1
Asokore_Mampong_Municipal,2006,0,2.137383015625,0,ASOKORE MAMPONG MUNICIPAL,forest_zone,FZ,FOREST ZONE,1
Asokore_Mampong_Municipal,2007,0,2.137383015625,0,ASOKORE MAMPONG MUNICIPAL,forest_zone,FZ,FOREST ZONE,1
Asokore_Mampong_Municipal,2008,0,2.137383015625,0,ASOKORE MAMPONG MUNICIPAL,forest_zone,FZ,FOREST ZONE,1
Asokore_Mampong_Municipal,2009,0,2.137383015625,0,ASOKORE MAMPONG MUNICIPAL,forest_zone,FZ,FOREST ZONE,1
Asokore_Mampong_Municipal,2010,0,2.137383015625,0,ASOKORE MAMPONG MUNICIPAL,forest_zone,FZ,FOREST ZONE,1
Asokore_Mampong_Municipal,2011,0,2.137383015625,0,ASOKORE MAMPONG MUNICIPAL,forest_zone,FZ,FOREST ZONE,1
Asokore_Mampong_Municipal,2012,0,2.137383015625,0,ASOKORE MAMPONG MUNICIPAL,forest_zone,FZ,FOREST ZONE,1
Asokore_Mampong_Municipal,2013,0,2.137383015625,0,ASOKORE MAMPONG MUNICIPAL,forest_zone,FZ,FOREST ZONE,1
Asokore_Mampong_Municipal,2014,0,2.137383015625,0,ASOKORE MAMPONG MUNICIPAL,forest_zone,FZ,FOREST ZONE,1
Asokore_Mampong_Municipal,2015,0,2.137383015625,0,ASOKORE MAMPONG MUNICIPAL,forest_zone,FZ,FOREST ZONE,1
Asokore_Mampong_Municipal,2016,0,2.137383015625,0,ASOKORE MAMPONG MUNICIPAL,forest_zone,FZ,FOREST ZONE,1
Asokore_Mampong_Municipal,2017,0,2.137383015625,0,ASOKORE MAMPONG MUNICIPAL,forest_zone,FZ,FOREST ZONE,1
Asokore_Mampong_Municipal,2018,0,2.137383015625,0,ASOKORE MAMPONG MUNICIPAL,forest_zone,FZ,FOREST ZONE,1
Asokore_Mampong_Municipal,2019,0,2.137383015625,0,ASOKORE MAMPONG MUNICIPAL,forest_zone,FZ,FOREST ZONE,1
Asokore_Mampong_Municipal,2020,0,2.137383015625,0,ASOKORE MAMPONG MUNICIPAL,forest_zone,FZ,FOREST ZONE,1
Asokore_Mampong_Municipal,2021,0,2.137383015625,0,ASOKORE MAMPONG MUNICIPAL,forest_zone,FZ,FOREST ZONE,1
Asokore_Mampong_Municipal,2022,0,2.137383015625,0,ASOKORE MAMPONG MUNICIPAL,forest_zone,FZ,FOREST ZONE,1
Asokore_Mampong_Municipal,2023,0,2.137383015625,0,ASOKORE MAMPONG MUNICIPAL,forest_zone,FZ,FOREST ZONE,1
Asokore_Mampong_Municipal,2024,0,2.137383015625,0,ASOKORE MAMPONG MUNICIPAL,forest_zone,FZ,FOREST ZONE,1
Asokwa_Municipal,2001,0,0.4274749375,0,ASOKWA MUNICIPAL,forest_zone,FZ,FOREST ZONE,0.999999999999999
Asokwa_Municipal,2002,0,0.4274749375,0,ASOKWA MUNICIPAL,forest_zone,FZ,FOREST ZONE,0.999999999999999
Asokwa_Municipal,2003,0,0.4274749375,0,ASOKWA MUNICIPAL,forest_zone,FZ,FOREST ZONE,0.999999999999999
Asokwa_Municipal,2004,0,0.4274749375,0,ASOKWA MUNICIPAL,forest_zone,FZ,FOREST ZONE,0.999999999999999
Asokwa_Municipal,2005,0,0.4274749375,0,ASOKWA MUNICIPAL,forest_zone,FZ,FOREST ZONE,0.999999999999999
Asokwa_Municipal,2006,0,0.4274749375,0,ASOKWA MUNICIPAL,forest_zone,FZ,FOREST ZONE,0.999999999999999
Asokwa_Municipal,2007,0,0.4274749375,0,ASOKWA MUNICIPAL,forest_zone,FZ,FOREST ZONE,0.999999999999999
Asokwa_Municipal,2008,0,0.4274749375,0,ASOKWA MUNICIPAL,forest_zone,FZ,FOREST ZONE,0.999999999999999
Asokwa_Municipal,2009,0,0.4274749375,0,ASOKWA MUNICIPAL,forest_zone,FZ,FOREST ZONE,0.999999999999999
Asokwa_Municipal,2010,0,0.4274749375,0,ASOKWA MUNICIPAL,forest_zone,FZ,FOREST ZONE,0.999999999999999
Asokwa_Municipal,2011,0,0.4274749375,0,ASOKWA MUNICIPAL,forest_zone,FZ,FOREST ZONE,0.999999999999999
Asokwa_Municipal,2012,0,0.4274749375,0,ASOKWA MUNICIPAL,forest_zone,FZ,FOREST ZONE,0.999999999999999
Asokwa_Municipal,2013,0,0.4274749375,0,ASOKWA MUNICIPAL,forest_zone,FZ,FOREST ZONE,0.999999999999999
Asokwa_Municipal,2014,0,0.4274749375,0,ASOKWA MUNICIPAL,forest_zone,FZ,FOREST ZONE,0.999999999999999
Asokwa_Municipal,2015,0,0.4274749375,0,ASOKWA MUNICIPAL,forest_zone,FZ,FOREST ZONE,0.999999999999999
Asokwa_Municipal,2016,0,0.4274749375,0,ASOKWA MUNICIPAL,forest_zone,FZ,FOREST ZONE,0.999999999999999
Asokwa_Municipal,2017,0,0.4274749375,0,ASOKWA MUNICIPAL,forest_zone,FZ,FOREST ZONE,0.999999999999999
Asokwa_Municipal,2018,0,0.4274749375,0,ASOKWA MUNICIPAL,forest_zone,FZ,FOREST ZONE,0.999999999999999
Asokwa_Municipal,2019,0,0.4274749375,0,ASOKWA MUNICIPAL,forest_zone,FZ,FOREST ZONE,0.999999999999999
Asokwa_Municipal,2020,0,0.4274749375,0,ASOKWA MUNICIPAL,forest_zone,FZ,FOREST ZONE,0.999999999999999
Asokwa_Municipal,2021,0,0.4274749375,0,ASOKWA MUNICIPAL,forest_zone,FZ,FOREST ZONE,0.999999999999999
Asokwa_Municipal,2022,0,0.4274749375,0,ASOKWA MUNICIPAL,forest_zone,FZ,FOREST ZONE,0.999999999999999
Asokwa_Municipal,2023,0,0.4274749375,0,ASOKWA MUNICIPAL,forest_zone,FZ,FOREST ZONE,0.999999999999999
Asokwa_Municipal,2024,0,0.4274749375,0,ASOKWA MUNICIPAL,forest_zone,FZ,FOREST ZONE,0.999999999999999
Assin_Fosu,2001,0,236.810309546873,0,ASSIN FOSU,forest_zone,FZ,FOREST ZONE,1
Assin_Fosu,2002,0,236.810309546873,0,ASSIN FOSU,forest_zone,FZ,FOREST ZONE,1
Assin_Fosu,2003,0,236.810309546873,0,ASSIN FOSU,forest_zone,FZ,FOREST ZONE,1
Assin_Fosu,2004,0,236.810309546873,0,ASSIN FOSU,forest_zone,FZ,FOREST ZONE,1
Assin_Fosu,2005,0,236.810309546873,0,ASSIN FOSU,forest_zone,FZ,FOREST ZONE,1
Assin_Fosu,2006,0,236.810309546873,0,ASSIN FOSU,forest_zone,FZ,FOREST ZONE,1
Assin_Fosu,2007,0,236.810309546873,0,ASSIN FOSU,forest_zone,FZ,FOREST ZONE,1
Assin_Fosu,2008,0,236.810309546873,0,ASSIN FOSU,forest_zone,FZ,FOREST ZONE,1
Assin_Fosu,2009,0,236.810309546873,0,ASSIN FOSU,forest_zone,FZ,FOREST ZONE,1
Assin_Fosu,2010,0,236.810309546873,0,ASSIN FOSU,forest_zone,FZ,FOREST ZONE,1
Assin_Fosu,2011,0,236.810309546873,0,ASSIN FOSU,forest_zone,FZ,FOREST ZONE,1
Assin_Fosu,2012,0,236.810309546873,0,ASSIN FOSU,forest_zone,FZ,FOREST ZONE,1
Assin_Fosu,2013,0,236.810309546873,0,ASSIN FOSU,forest_zone,FZ,FOREST ZONE,1
Assin_Fosu,2014,0,236.810309546873,0,ASSIN FOSU,forest_zone,FZ,FOREST ZONE,1
Assin_Fosu,2015,0,236.810309546873,0,ASSIN FOSU,forest_zone,FZ,FOREST ZONE,1
Assin_Fosu,2016,0,236.810309546873,0,ASSIN FOSU,forest_zone,FZ,FOREST ZONE,1
Assin_Fosu,2017,0,236.810309546873,0,ASSIN FOSU,forest_zone,FZ,FOREST ZONE,1
Assin_Fosu,2018,0,236.810309546873,0,ASSIN FOSU,forest_zone,FZ,FOREST ZONE,1
Assin_Fosu,2019,0,236.810309546873,0,ASSIN FOSU,forest_zone,FZ,FOREST ZONE,1
Assin_Fosu,2020,0,236.810309546873,0,ASSIN FOSU,forest_zone,FZ,FOREST ZONE,1
Assin_Fosu,2021,0.213727578125,236.810309546873,0.0902526492761058,ASSIN FOSU,forest_zone,FZ,FOREST ZONE,1
Assin_Fosu,2022,0,236.810309546873,0,ASSIN FOSU,forest_zone,FZ,FOREST ZONE,1
Assin_Fosu,2023,0,236.810309546873,0,ASSIN FOSU,forest_zone,FZ,FOREST ZONE,1
Assin_Fosu,2024,0,236.810309546873,0,ASSIN FOSU,forest_zone,FZ,FOREST ZONE,1
Assin_North,2001,0,623.019452062489,0,ASSIN NORTH,forest_zone,FZ,FOREST ZONE,0.999999999999999
Assin_North,2002,0,623.019452062489,0,ASSIN NORTH,forest_zone,FZ,FOREST ZONE,0.999999999999999
Assin_North,2003,0,623.019452062489,0,ASSIN NORTH,forest_zone,FZ,FOREST ZONE,0.999999999999999
Assin_North,2004,3.633401625,623.019452062489,0.583192324568955,ASSIN NORTH,forest_zone,FZ,FOREST ZONE,0.999999999999999
Assin_North,2005,0,623.019452062489,0,ASSIN NORTH,forest_zone,FZ,FOREST ZONE,0.999999999999999
Assin_North,2006,0,623.019452062489,0,ASSIN NORTH,forest_zone,FZ,FOREST ZONE,0.999999999999999
Assin_North,2007,0,623.019452062489,0,ASSIN NORTH,forest_zone,FZ,FOREST ZONE,0.999999999999999
Assin_North,2008,0,623.019452062489,0,ASSIN NORTH,forest_zone,FZ,FOREST ZONE,0.999999999999999
Assin_North,2009,0,623.019452062489,0,ASSIN NORTH,forest_zone,FZ,FOREST ZONE,0.999999999999999
Assin_North,2010,0,623.019452062489,0,ASSIN NORTH,forest_zone,FZ,FOREST ZONE,0.999999999999999
Assin_North,2011,0,623.019452062489,0,ASSIN NORTH,forest_zone,FZ,FOREST ZONE,0.999999999999999
Assin_North,2012,0,623.019452062489,0,ASSIN NORTH,forest_zone,FZ,FOREST ZONE,0.999999999999999
Assin_North,2013,0,623.019452062489,0,ASSIN NORTH,forest_zone,FZ,FOREST ZONE,0.999999999999999
Assin_North,2014,0,623.019452062489,0,ASSIN NORTH,forest_zone,FZ,FOREST ZONE,0.999999999999999
Assin_North,2015,1.068642765625,623.019452062489,0.171526388475879,ASSIN NORTH,forest_zone,FZ,FOREST ZONE,0.999999999999999
Assin_North,2016,0,623.019452062489,0,ASSIN NORTH,forest_zone,FZ,FOREST ZONE,0.999999999999999
Assin_North,2017,0.64118853125,623.019452062489,0.102916294046255,ASSIN NORTH,forest_zone,FZ,FOREST ZONE,0.999999999999999
Assin_North,2018,0,623.019452062489,0,ASSIN NORTH,forest_zone,FZ,FOREST ZONE,0.999999999999999
Assin_North,2019,0,623.019452062489,0,ASSIN NORTH,forest_zone,FZ,FOREST ZONE,0.999999999999999
Assin_North,2020,0.8549174375,623.019452062489,0.137221628421042,ASSIN NORTH,forest_zone,FZ,FOREST ZONE,0.999999999999999
Assin_North,2021,0,623.019452062489,0,ASSIN NORTH,forest_zone,FZ,FOREST ZONE,0.999999999999999
Assin_North,2022,0,623.019452062489,0,ASSIN NORTH,forest_zone,FZ,FOREST ZONE,0.999999999999999
Assin_North,2023,6.839319,623.019452062489,1.09776973694138,ASSIN NORTH,forest_zone,FZ,FOREST ZONE,0.999999999999999
Assin_North,2024,0,623.019452062489,0,ASSIN NORTH,forest_zone,FZ,FOREST ZONE,0.999999999999999
Assin_South,2001,0,942.316739171878,0,ASSIN SOUTH,forest_zone,FZ,FOREST ZONE,0.999999999482026
Assin_South,2002,0,942.316739171878,0,ASSIN SOUTH,forest_zone,FZ,FOREST ZONE,0.999999999482026
Assin_South,2003,0,942.316739171878,0,ASSIN SOUTH,forest_zone,FZ,FOREST ZONE,0.999999999482026
Assin_South,2004,0,942.316739171878,0,ASSIN SOUTH,forest_zone,FZ,FOREST ZONE,0.999999999482026
Assin_South,2005,0,942.316739171878,0,ASSIN SOUTH,forest_zone,FZ,FOREST ZONE,0.999999999482026
Assin_South,2006,0,942.316739171878,0,ASSIN SOUTH,forest_zone,FZ,FOREST ZONE,0.999999999482026
Assin_South,2007,0,942.316739171878,0,ASSIN SOUTH,forest_zone,FZ,FOREST ZONE,0.999999999482026
Assin_South,2008,0,942.316739171878,0,ASSIN SOUTH,forest_zone,FZ,FOREST ZONE,0.999999999482026
Assin_South,2009,0,942.316739171878,0,ASSIN SOUTH,forest_zone,FZ,FOREST ZONE,0.999999999482026
Assin_South,2010,0,942.316739171878,0,ASSIN SOUTH,forest_zone,FZ,FOREST ZONE,0.999999999482026
Assin_South,2011,0,942.316739171878,0,ASSIN SOUTH,forest_zone,FZ,FOREST ZONE,0.999999999482026
Assin_South,2012,0,942.316739171878,0,ASSIN SOUTH,forest_zone,FZ,FOREST ZONE,0.999999999482026
Assin_South,2013,0,942.316739171878,0,ASSIN SOUTH,forest_zone,FZ,FOREST ZONE,0.999999999482026
Assin_South,2014,2.77842809375,942.316739171878,0.294850762832859,ASSIN SOUTH,forest_zone,FZ,FOREST ZONE,0.999999999482026
Assin_South,2015,0,942.316739171878,0,ASSIN SOUTH,forest_zone,FZ,FOREST ZONE,0.999999999482026
Assin_South,2016,0,942.316739171878,0,ASSIN SOUTH,forest_zone,FZ,FOREST ZONE,0.999999999482026
Assin_South,2017,0,942.316739171878,0,ASSIN SOUTH,forest_zone,FZ,FOREST ZONE,0.999999999482026
Assin_South,2018,0,942.316739171878,0,ASSIN SOUTH,forest_zone,FZ,FOREST ZONE,0.999999999482026
Assin_South,2019,0,942.316739171878,0,ASSIN SOUTH,forest_zone,FZ,FOREST ZONE,0.999999999482026
Assin_South,2020,0,942.316739171878,0,ASSIN SOUTH,forest_zone,FZ,FOREST ZONE,0.999999999482026
Assin_South,2021,0,942.316739171878,0,ASSIN SOUTH,forest_zone,FZ,FOREST ZONE,0.999999999482026
Assin_South,2022,0,942.316739171878,0,ASSIN SOUTH,forest_zone,FZ,FOREST ZONE,0.999999999482026
Assin_South,2023,0,942.316739171878,0,ASSIN SOUTH,forest_zone,FZ,FOREST ZONE,0.999999999482026
Assin_South,2024,0,942.316739171878,0,ASSIN SOUTH,forest_zone,FZ,FOREST ZONE,0.999999999482026
Asunafo_North_Municipal,2001,0.427477984375,1203.35370565626,0.0355238848200389,ASUNAFO NORTH MUNICIPAL,transition_zone,TZ,TRANSITION ZONE,0.999999999552074
Asunafo_North_Municipal,2002,0,1203.35370565626,0,ASUNAFO NORTH MUNICIPAL,transition_zone,TZ,TRANSITION ZONE,0.999999999552074
Asunafo_North_Municipal,2003,0,1203.35370565626,0,ASUNAFO NORTH MUNICIPAL,transition_zone,TZ,TRANSITION ZONE,0.999999999552074
Asunafo_North_Municipal,2004,0,1203.35370565626,0,ASUNAFO NORTH MUNICIPAL,transition_zone,TZ,TRANSITION ZONE,0.999999999552074
Asunafo_North_Municipal,2005,0,1203.35370565626,0,ASUNAFO NORTH MUNICIPAL,transition_zone,TZ,TRANSITION ZONE,0.999999999552074
Asunafo_North_Municipal,2006,0,1203.35370565626,0,ASUNAFO NORTH MUNICIPAL,transition_zone,TZ,TRANSITION ZONE,0.999999999552074
Asunafo_North_Municipal,2007,0.64121590625,1203.35370565626,0.053285738285927,ASUNAFO NORTH MUNICIPAL,transition_zone,TZ,TRANSITION ZONE,0.999999999552074
Asunafo_North_Municipal,2008,0,1203.35370565626,0,ASUNAFO NORTH MUNICIPAL,transition_zone,TZ,TRANSITION ZONE,0.999999999552074
Asunafo_North_Municipal,2009,1.06870565625,1203.35370565626,0.088810600842183,ASUNAFO NORTH MUNICIPAL,transition_zone,TZ,TRANSITION ZONE,0.999999999552074
Asunafo_North_Municipal,2010,0,1203.35370565626,0,ASUNAFO NORTH MUNICIPAL,transition_zone,TZ,TRANSITION ZONE,0.999999999552074
Asunafo_North_Municipal,2011,0,1203.35370565626,0,ASUNAFO NORTH MUNICIPAL,transition_zone,TZ,TRANSITION ZONE,0.999999999552074
Asunafo_North_Municipal,2012,0,1203.35370565626,0,ASUNAFO NORTH MUNICIPAL,transition_zone,TZ,TRANSITION ZONE,0.999999999552074
Asunafo_North_Municipal,2013,0,1203.35370565626,0,ASUNAFO NORTH MUNICIPAL,transition_zone,TZ,TRANSITION ZONE,0.999999999552074
Asunafo_North_Municipal,2014,0.64121521875,1203.35370565626,0.0532856811539303,ASUNAFO NORTH MUNICIPAL,transition_zone,TZ,TRANSITION ZONE,0.999999999552074
Asunafo_North_Municipal,2015,0,1203.35370565626,0,ASUNAFO NORTH MUNICIPAL,transition_zone,TZ,TRANSITION ZONE,0.999999999552074
Asunafo_North_Municipal,2016,30.77838340625,1203.35370565626,2.55771709195549,ASUNAFO NORTH MUNICIPAL,transition_zone,TZ,TRANSITION ZONE,0.999999999552074
Asunafo_North_Municipal,2017,0,1203.35370565626,0,ASUNAFO NORTH MUNICIPAL,transition_zone,TZ,TRANSITION ZONE,0.999999999552074
Asunafo_North_Municipal,2018,0,1203.35370565626,0,ASUNAFO NORTH MUNICIPAL,transition_zone,TZ,TRANSITION ZONE,0.999999999552074
Asunafo_North_Municipal,2019,0,1203.35370565626,0,ASUNAFO NORTH MUNICIPAL,transition_zone,TZ,TRANSITION ZONE,0.999999999552074
Asunafo_North_Municipal,2020,61.984359390625,1203.35370565626,5.15096759159612,ASUNAFO NORTH MUNICIPAL,transition_zone,TZ,TRANSITION ZONE,0.999999999552074
Asunafo_North_Municipal,2021,0,1203.35370565626,0,ASUNAFO NORTH MUNICIPAL,transition_zone,TZ,TRANSITION ZONE,0.999999999552074
Asunafo_North_Municipal,2022,18.16791415625,1203.35370565626,1.50977340002804,ASUNAFO NORTH MUNICIPAL,transition_zone,TZ,TRANSITION ZONE,0.999999999552074
Asunafo_North_Municipal,2023,0.641218828125,1203.35370565626,0.0532859810969132,ASUNAFO NORTH MUNICIPAL,transition_zone,TZ,TRANSITION ZONE,0.999999999552074
Asunafo_North_Municipal,2024,0,1203.35370565626,0,ASUNAFO NORTH MUNICIPAL,transition_zone,TZ,TRANSITION ZONE,0.999999999552074
Asunafo_South,2001,0,788.474933015635,0,ASUNAFO SOUTH,forest_zone,FZ,FOREST ZONE,0.999999998917257
Asunafo_South,2002,0,788.474933015635,0,ASUNAFO SOUTH,forest_zone,FZ,FOREST ZONE,0.999999998917257
Asunafo_South,2003,0,788.474933015635,0,ASUNAFO SOUTH,forest_zone,FZ,FOREST ZONE,0.999999998917257
Asunafo_South,2004,0,788.474933015635,0,ASUNAFO SOUTH,forest_zone,FZ,FOREST ZONE,0.999999998917257
Asunafo_South,2005,0,788.474933015635,0,ASUNAFO SOUTH,forest_zone,FZ,FOREST ZONE,0.999999998917257
Asunafo_South,2006,2.137382359375,788.474933015635,0.271078035569283,ASUNAFO SOUTH,forest_zone,FZ,FOREST ZONE,0.999999998917257
Asunafo_South,2007,5.770903484375,788.474933015635,0.731907032516983,ASUNAFO SOUTH,forest_zone,FZ,FOREST ZONE,0.999999998917257
Asunafo_South,2008,0,788.474933015635,0,ASUNAFO SOUTH,forest_zone,FZ,FOREST ZONE,0.999999998917257
Asunafo_South,2009,1.923634875,788.474933015635,0.24396905905972,ASUNAFO SOUTH,forest_zone,FZ,FOREST ZONE,0.999999998917257
Asunafo_South,2010,0,788.474933015635,0,ASUNAFO SOUTH,forest_zone,FZ,FOREST ZONE,0.999999998917257
Asunafo_South,2011,0,788.474933015635,0,ASUNAFO SOUTH,forest_zone,FZ,FOREST ZONE,0.999999998917257
Asunafo_South,2012,0.854951421875,788.474933015635,0.108431021212699,ASUNAFO SOUTH,forest_zone,FZ,FOREST ZONE,0.999999998917257
Asunafo_South,2013,0,788.474933015635,0,ASUNAFO SOUTH,forest_zone,FZ,FOREST ZONE,0.999999998917257
Asunafo_South,2014,0.427469734375,788.474933015635,0.0542147526161778,ASUNAFO SOUTH,forest_zone,FZ,FOREST ZONE,0.999999998917257
Asunafo_South,2015,0,788.474933015635,0,ASUNAFO SOUTH,forest_zone,FZ,FOREST ZONE,0.999999998917257
Asunafo_South,2016,63.480033140625,788.474933015635,8.05098938248252,ASUNAFO SOUTH,forest_zone,FZ,FOREST ZONE,0.999999998917257
Asunafo_South,2017,0,788.474933015635,0,ASUNAFO SOUTH,forest_zone,FZ,FOREST ZONE,0.999999998917257
Asunafo_South,2018,0,788.474933015635,0,ASUNAFO SOUTH,forest_zone,FZ,FOREST ZONE,0.999999998917257
Asunafo_South,2019,0,788.474933015635,0,ASUNAFO SOUTH,forest_zone,FZ,FOREST ZONE,0.999999998917257
Asunafo_South,2020,38.900087234375,788.474933015635,4.93358578764147,ASUNAFO SOUTH,forest_zone,FZ,FOREST ZONE,0.999999998917257
Asunafo_South,2021,0,788.474933015635,0,ASUNAFO SOUTH,forest_zone,FZ,FOREST ZONE,0.999999998917257
Asunafo_South,2022,0,788.474933015635,0,ASUNAFO SOUTH,forest_zone,FZ,FOREST ZONE,0.999999998917257
Asunafo_South,2023,0.21373853125,788.474933015635,0.0271078410105603,ASUNAFO SOUTH,forest_zone,FZ,FOREST ZONE,0.999999998917257
Asunafo_South,2024,0,788.474933015635,0,ASUNAFO SOUTH,forest_zone,FZ,FOREST ZONE,0.999999998917257
Asuogyaman,2001,20.518526734375,425.33120075,4.82412921934578,ASUOGYAMAN,forest_zone,FZ,FOREST ZONE,1
Asuogyaman,2002,19.022383734375,425.33120075,4.47236969703428,ASUOGYAMAN,forest_zone,FZ,FOREST ZONE,1
Asuogyaman,2003,16.4575596875,425.33120075,3.86935161551278,ASUOGYAMAN,forest_zone,FZ,FOREST ZONE,1
Asuogyaman,2004,101.30985709375,425.33120075,23.8190513451887,ASUOGYAMAN,forest_zone,FZ,FOREST ZONE,1
Asuogyaman,2005,94.2568911562501,425.33120075,22.1608221992753,ASUOGYAMAN,forest_zone,FZ,FOREST ZONE,1
Asuogyaman,2006,122.255920703125,425.33120075,28.7436991425852,ASUOGYAMAN,forest_zone,FZ,FOREST ZONE,1
Asuogyaman,2007,77.157972359375,425.33120075,18.1406800684549,ASUOGYAMAN,forest_zone,FZ,FOREST ZONE,1
Asuogyaman,2008,49.15890959375,425.33120075,11.5577953150549,ASUOGYAMAN,forest_zone,FZ,FOREST ZONE,1
Asuogyaman,2009,40.18204625,425.33120075,9.44723692481194,ASUOGYAMAN,forest_zone,FZ,FOREST ZONE,1
Asuogyaman,2010,26.9305193125,425.33120075,6.33165854397998,ASUOGYAMAN,forest_zone,FZ,FOREST ZONE,1
Asuogyaman,2011,139.56873103125,425.33120075,32.8141295031129,ASUOGYAMAN,forest_zone,FZ,FOREST ZONE,1
Asuogyaman,2012,20.732172015625,425.33120075,4.87435955299478,ASUOGYAMAN,forest_zone,FZ,FOREST ZONE,1
Asuogyaman,2013,22.22831028125,425.33120075,5.22611796220313,ASUOGYAMAN,forest_zone,FZ,FOREST ZONE,1
Asuogyaman,2014,32.273908328125,425.33120075,7.58794752682507,ASUOGYAMAN,forest_zone,FZ,FOREST ZONE,1
Asuogyaman,2015,79.081719125,425.33120075,18.5929738955319,ASUOGYAMAN,forest_zone,FZ,FOREST ZONE,1
Asuogyaman,2016,78.440483125,425.33120075,18.4422123245799,ASUOGYAMAN,forest_zone,FZ,FOREST ZONE,1
Asuogyaman,2017,32.915120015625,425.33120075,7.73870338164347,ASUOGYAMAN,forest_zone,FZ,FOREST ZONE,1
Asuogyaman,2018,48.30394134375,425.33120075,11.356782963153,ASUOGYAMAN,forest_zone,FZ,FOREST ZONE,1
Asuogyaman,2019,11.5416723125,425.33120075,2.71357292673291,ASUOGYAMAN,forest_zone,FZ,FOREST ZONE,1
Asuogyaman,2020,51.08250215625,425.33120075,12.0100528872969,ASUOGYAMAN,forest_zone,FZ,FOREST ZONE,1
Asuogyaman,2021,2.992267578125,425.33120075,0.703514713439466,ASUOGYAMAN,forest_zone,FZ,FOREST ZONE,1
Asuogyaman,2022,36.548587984375,425.33120075,8.59297129388291,ASUOGYAMAN,forest_zone,FZ,FOREST ZONE,1
Asuogyaman,2023,20.73231953125,425.33120075,4.87439423552565,ASUOGYAMAN,forest_zone,FZ,FOREST ZONE,1
Asuogyaman,2024,31.4189365625,425.33120075,7.38693434836147,ASUOGYAMAN,forest_zone,FZ,FOREST ZONE,1
Asutifi_North,2001,16.885585671875,802.38917117188,2.10441345403675,ASUTIFI NORTH,transition_zone,TZ,TRANSITION ZONE,1
Asutifi_North,2002,0,802.38917117188,0,ASUTIFI NORTH,transition_zone,TZ,TRANSITION ZONE,1
Asutifi_North,2003,0.213744359375,802.38917117188,0.0266384900313184,ASUTIFI NORTH,transition_zone,TZ,TRANSITION ZONE,1
Asutifi_North,2004,2.137415765625,802.38917117188,0.266381432155089,ASUTIFI NORTH,transition_zone,TZ,TRANSITION ZONE,1
Asutifi_North,2005,3.847354765625,802.38917117188,0.479487373939255,ASUTIFI NORTH,transition_zone,TZ,TRANSITION ZONE,1
Asutifi_North,2006,8.54967503125,802.38917117188,1.06552722025938,ASUTIFI NORTH,transition_zone,TZ,TRANSITION ZONE,1
Asutifi_North,2007,20.7329599375,802.38917117188,2.58390325821817,ASUTIFI NORTH,transition_zone,TZ,TRANSITION ZONE,1
Asutifi_North,2008,0.641224125,802.38917117188,0.0799143542856516,ASUTIFI NORTH,transition_zone,TZ,TRANSITION ZONE,1
Asutifi_North,2009,11.969528453125,802.38917117188,1.49173604070998,ASUTIFI NORTH,transition_zone,TZ,TRANSITION ZONE,1
Asutifi_North,2010,15.175652078125,802.38917117188,1.89130818602165,ASUTIFI NORTH,transition_zone,TZ,TRANSITION ZONE,1
Asutifi_North,2011,7.908483390625,802.38917117188,0.985616914430033,ASUTIFI NORTH,transition_zone,TZ,TRANSITION ZONE,1
Asutifi_North,2012,14.320707046875,802.38917117188,1.78475826461613,ASUTIFI NORTH,transition_zone,TZ,TRANSITION ZONE,1
Asutifi_North,2013,9.832117578125,802.38917117188,1.22535521806274,ASUTIFI NORTH,transition_zone,TZ,TRANSITION ZONE,1
Asutifi_North,2014,10.045861234375,802.38917117188,1.25199362046513,ASUTIFI NORTH,transition_zone,TZ,TRANSITION ZONE,1
Asutifi_North,2015,18.59553234375,802.38917117188,2.31752035194984,ASUTIFI NORTH,transition_zone,TZ,TRANSITION ZONE,1
Asutifi_North,2016,10.687101234375,802.38917117188,1.33190995321717,ASUTIFI NORTH,transition_zone,TZ,TRANSITION ZONE,1
Asutifi_North,2017,5.771033390625,802.38917117188,0.719231215719982,ASUTIFI NORTH,transition_zone,TZ,TRANSITION ZONE,1
Asutifi_North,2018,8.54966996875,802.38917117188,1.06552658933112,ASUTIFI NORTH,transition_zone,TZ,TRANSITION ZONE,1
Asutifi_North,2019,7.267227359375,802.38917117188,0.905698583738524,ASUTIFI NORTH,transition_zone,TZ,TRANSITION ZONE,1
Asutifi_North,2020,25.862785984375,802.38917117188,3.22322221106283,ASUTIFI NORTH,transition_zone,TZ,TRANSITION ZONE,1
Asutifi_North,2021,9.6183716875,802.38917117188,1.1987165371951,ASUTIFI NORTH,transition_zone,TZ,TRANSITION ZONE,1
Asutifi_North,2022,13.89321275,802.38917117188,1.73148058936403,ASUTIFI NORTH,transition_zone,TZ,TRANSITION ZONE,1
Asutifi_North,2023,7.267226515625,802.38917117188,0.905698478583814,ASUTIFI NORTH,transition_zone,TZ,TRANSITION ZONE,1
Asutifi_North,2024,15.81689690625,802.38917117188,1.97122512049229,ASUTIFI NORTH,transition_zone,TZ,TRANSITION ZONE,1
Asutifi_South,2001,19.87787803125,511.692902593748,3.88472811142972,ASUTIFI SOUTH,transition_zone,TZ,TRANSITION ZONE,0.999999998565091
Asutifi_South,2002,0,511.692902593748,0,ASUTIFI SOUTH,transition_zone,TZ,TRANSITION ZONE,0.999999998565091
Asutifi_South,2003,0,511.692902593748,0,ASUTIFI SOUTH,transition_zone,TZ,TRANSITION ZONE,0.999999998565091
Asutifi_South,2004,2.137409734375,511.692902593748,0.417713383074217,ASUTIFI SOUTH,transition_zone,TZ,TRANSITION ZONE,0.999999998565091
Asutifi_South,2005,1.7099275625,511.692902593748,0.334170662487687,ASUTIFI SOUTH,transition_zone,TZ,TRANSITION ZONE,0.999999998565091
Asutifi_South,2006,6.412198375,511.692902593748,1.25313412449085,ASUTIFI SOUTH,transition_zone,TZ,TRANSITION ZONE,0.999999998565091
Asutifi_South,2007,20.091550796875,511.692902593748,3.92648611990353,ASUTIFI SOUTH,transition_zone,TZ,TRANSITION ZONE,0.999999998565091
Asutifi_South,2008,3.20612415625,511.692902593748,0.626571941881215,ASUTIFI SOUTH,transition_zone,TZ,TRANSITION ZONE,0.999999998565091
Asutifi_South,2009,1.70992946875,511.692902593748,0.334171035025588,ASUTIFI SOUTH,transition_zone,TZ,TRANSITION ZONE,0.999999998565091
Asutifi_South,2010,8.977094984375,511.692902593748,1.754391147282,ASUTIFI SOUTH,transition_zone,TZ,TRANSITION ZONE,0.999999998565091
Asutifi_South,2011,0,511.692902593748,0,ASUTIFI SOUTH,transition_zone,TZ,TRANSITION ZONE,0.999999998565091
Asutifi_South,2012,1.70993021875,511.692902593748,0.334171181597877,ASUTIFI SOUTH,transition_zone,TZ,TRANSITION ZONE,0.999999998565091
Asutifi_South,2013,0.427483328125,511.692902593748,0.0835429465521423,ASUTIFI SOUTH,transition_zone,TZ,TRANSITION ZONE,0.999999998565091
Asutifi_South,2014,2.99238159375,511.692902593748,0.584800293023756,ASUTIFI SOUTH,transition_zone,TZ,TRANSITION ZONE,0.999999998565091
Asutifi_South,2015,4.702303234375,511.692902593748,0.918969798201077,ASUTIFI SOUTH,transition_zone,TZ,TRANSITION ZONE,0.999999998565091
Asutifi_South,2016,4.48854725,511.692902593748,0.877195526310363,ASUTIFI SOUTH,transition_zone,TZ,TRANSITION ZONE,0.999999998565091
Asutifi_South,2017,0.42748384375,511.692902593748,0.083543047320591,ASUTIFI SOUTH,transition_zone,TZ,TRANSITION ZONE,0.999999998565091
Asutifi_South,2018,0.641223875,511.692902593748,0.125314201496575,ASUTIFI SOUTH,transition_zone,TZ,TRANSITION ZONE,0.999999998565091
Asutifi_South,2019,2.3511538125,511.692902593748,0.459485328129843,ASUTIFI SOUTH,transition_zone,TZ,TRANSITION ZONE,0.999999998565091
Asutifi_South,2020,7.908405234375,511.692902593748,1.54553741009259,ASUTIFI SOUTH,transition_zone,TZ,TRANSITION ZONE,0.999999998565091
Asutifi_South,2021,0.854963640625,511.692902593748,0.167085303761539,ASUTIFI SOUTH,transition_zone,TZ,TRANSITION ZONE,0.999999998565091
Asutifi_South,2022,4.274810265625,511.692902593748,0.835424967584304,ASUTIFI SOUTH,transition_zone,TZ,TRANSITION ZONE,0.999999998565091
Asutifi_South,2023,4.488543765625,511.692902593748,0.877194845359937,ASUTIFI SOUTH,transition_zone,TZ,TRANSITION ZONE,0.999999998565091
Asutifi_South,2024,0.21374175,511.692902593748,0.0417714900708126,ASUTIFI SOUTH,transition_zone,TZ,TRANSITION ZONE,0.999999998565091
Atebubu_Amantin,2001,1280.15265853125,2247.37462725001,56.962138978035,ATEBUBU AMANTIN,transition_zone,TZ,TRANSITION ZONE,0.999999999486515
Atebubu_Amantin,2002,627.143215421874,2247.37462725001,27.9055929446562,ATEBUBU AMANTIN,transition_zone,TZ,TRANSITION ZONE,0.999999999486515
Atebubu_Amantin,2003,1418.4462703125,2247.37462725001,63.1157019000509,ATEBUBU AMANTIN,transition_zone,TZ,TRANSITION ZONE,0.999999999486515
Atebubu_Amantin,2004,978.763527890626,2247.37462725001,43.5514184427847,ATEBUBU AMANTIN,transition_zone,TZ,TRANSITION ZONE,0.999999999486515
Atebubu_Amantin,2005,2009.47255115625,2247.37462725001,89.414222568452,ATEBUBU AMANTIN,transition_zone,TZ,TRANSITION ZONE,0.999999999486515
Atebubu_Amantin,2006,1710.6449821875,2247.37462725001,76.1174822143794,ATEBUBU AMANTIN,transition_zone,TZ,TRANSITION ZONE,0.999999999486515
Atebubu_Amantin,2007,1046.94920973437,2247.37462725001,46.5854333781217,ATEBUBU AMANTIN,transition_zone,TZ,TRANSITION ZONE,0.999999999486515
Atebubu_Amantin,2008,933.02331057813,2247.37462725001,41.5161450727874,ATEBUBU AMANTIN,transition_zone,TZ,TRANSITION ZONE,0.999999999486515
Atebubu_Amantin,2009,704.307014906254,2247.37462725001,31.3391014727293,ATEBUBU AMANTIN,transition_zone,TZ,TRANSITION ZONE,0.999999999486515
Atebubu_Amantin,2010,1116.84620864062,2247.37462725001,49.6955957008041,ATEBUBU AMANTIN,transition_zone,TZ,TRANSITION ZONE,0.999999999486515
Atebubu_Amantin,2011,1397.29006745313,2247.37462725001,62.1743277916649,ATEBUBU AMANTIN,transition_zone,TZ,TRANSITION ZONE,0.999999999486515
Atebubu_Amantin,2012,515.778086640626,2247.37462725001,22.9502496106648,ATEBUBU AMANTIN,transition_zone,TZ,TRANSITION ZONE,0.999999999486515
Atebubu_Amantin,2013,1122.19067710937,2247.37462725001,49.9334051164638,ATEBUBU AMANTIN,transition_zone,TZ,TRANSITION ZONE,0.999999999486515
Atebubu_Amantin,2014,885.142861046874,2247.37462725001,39.3856391504239,ATEBUBU AMANTIN,transition_zone,TZ,TRANSITION ZONE,0.999999999486515
Atebubu_Amantin,2015,938.154090031249,2247.37462725001,41.7444461041734,ATEBUBU AMANTIN,transition_zone,TZ,TRANSITION ZONE,0.999999999486515
Atebubu_Amantin,2016,487.991277593751,2247.37462725001,21.7138376342212,ATEBUBU AMANTIN,transition_zone,TZ,TRANSITION ZONE,0.999999999486515
Atebubu_Amantin,2017,400.568628375,2247.37462725001,17.8238475916743,ATEBUBU AMANTIN,transition_zone,TZ,TRANSITION ZONE,0.999999999486515
Atebubu_Amantin,2018,707.727410484379,2247.37462725001,31.4912966402217,ATEBUBU AMANTIN,transition_zone,TZ,TRANSITION ZONE,0.999999999486515
Atebubu_Amantin,2019,449.303581484375,2247.37462725001,19.9923758164949,ATEBUBU AMANTIN,transition_zone,TZ,TRANSITION ZONE,0.999999999486515
Atebubu_Amantin,2020,877.231989171878,2247.37462725001,39.0336341140105,ATEBUBU AMANTIN,transition_zone,TZ,TRANSITION ZONE,0.999999999486515
Atebubu_Amantin,2021,386.67446559375,2247.37462725001,17.2056078637366,ATEBUBU AMANTIN,transition_zone,TZ,TRANSITION ZONE,0.999999999486515
Atebubu_Amantin,2022,1036.04950832813,2247.37462725001,46.1004362942323,ATEBUBU AMANTIN,transition_zone,TZ,TRANSITION ZONE,0.999999999486515
Atebubu_Amantin,2023,516.849231234376,2247.37462725001,22.997911650663,ATEBUBU AMANTIN,transition_zone,TZ,TRANSITION ZONE,0.999999999486515
Atebubu_Amantin,2024,868.040992500004,2247.37462725001,38.6246681783614,ATEBUBU AMANTIN,transition_zone,TZ,TRANSITION ZONE,0.999999999486515
Atiwa_East,2001,0,492.017547515625,0,ATIWA EAST,forest_zone,FZ,FOREST ZONE,1
Atiwa_East,2002,0,492.017547515625,0,ATIWA EAST,forest_zone,FZ,FOREST ZONE,1
Atiwa_East,2003,0,492.017547515625,0,ATIWA EAST,forest_zone,FZ,FOREST ZONE,1
Atiwa_East,2004,0,492.017547515625,0,ATIWA EAST,forest_zone,FZ,FOREST ZONE,1
Atiwa_East,2005,0,492.017547515625,0,ATIWA EAST,forest_zone,FZ,FOREST ZONE,1
Atiwa_East,2006,12.82413684375,492.017547515625,2.60643891838893,ATIWA EAST,forest_zone,FZ,FOREST ZONE,1
Atiwa_East,2007,21.37356221875,492.017547515625,4.34406502911795,ATIWA EAST,forest_zone,FZ,FOREST ZONE,1
Atiwa_East,2008,0,492.017547515625,0,ATIWA EAST,forest_zone,FZ,FOREST ZONE,1
Atiwa_East,2009,0,492.017547515625,0,ATIWA EAST,forest_zone,FZ,FOREST ZONE,1
Atiwa_East,2010,5.12962128125,492.017547515625,1.04256876754728,ATIWA EAST,forest_zone,FZ,FOREST ZONE,1
Atiwa_East,2011,0,492.017547515625,0,ATIWA EAST,forest_zone,FZ,FOREST ZONE,1
Atiwa_East,2012,1.28241365625,492.017547515625,0.260643886122634,ATIWA EAST,forest_zone,FZ,FOREST ZONE,1
Atiwa_East,2013,0,492.017547515625,0,ATIWA EAST,forest_zone,FZ,FOREST ZONE,1
Atiwa_East,2014,0,492.017547515625,0,ATIWA EAST,forest_zone,FZ,FOREST ZONE,1
Atiwa_East,2015,0,492.017547515625,0,ATIWA EAST,forest_zone,FZ,FOREST ZONE,1
Atiwa_East,2016,0.21373590625,492.017547515625,0.0434407080254008,ATIWA EAST,forest_zone,FZ,FOREST ZONE,1
Atiwa_East,2017,0,492.017547515625,0,ATIWA EAST,forest_zone,FZ,FOREST ZONE,1
Atiwa_East,2018,0,492.017547515625,0,ATIWA EAST,forest_zone,FZ,FOREST ZONE,1
Atiwa_East,2019,0,492.017547515625,0,ATIWA EAST,forest_zone,FZ,FOREST ZONE,1
Atiwa_East,2020,14.747751,492.017547515625,2.99740346141448,ATIWA EAST,forest_zone,FZ,FOREST ZONE,1
Atiwa_East,2021,0.427471578125,492.017547515625,0.0868813684153054,ATIWA EAST,forest_zone,FZ,FOREST ZONE,1
Atiwa_East,2022,0,492.017547515625,0,ATIWA EAST,forest_zone,FZ,FOREST ZONE,1
Atiwa_East,2023,0,492.017547515625,0,ATIWA EAST,forest_zone,FZ,FOREST ZONE,1
Atiwa_East,2024,0.42747153125,492.017547515625,0.0868813588882061,ATIWA EAST,forest_zone,FZ,FOREST ZONE,1
Atiwa_West,2001,0,499.066706765628,0,ATIWA WEST,forest_zone,FZ,FOREST ZONE,1
Atiwa_West,2002,0,499.066706765628,0,ATIWA WEST,forest_zone,FZ,FOREST ZONE,1
Atiwa_West,2003,0,499.066706765628,0,ATIWA WEST,forest_zone,FZ,FOREST ZONE,1
Atiwa_West,2004,0,499.066706765628,0,ATIWA WEST,forest_zone,FZ,FOREST ZONE,1
Atiwa_West,2005,0.85493228125,499.066706765628,0.171306214111272,ATIWA WEST,forest_zone,FZ,FOREST ZONE,1
Atiwa_West,2006,0,499.066706765628,0,ATIWA WEST,forest_zone,FZ,FOREST ZONE,1
Atiwa_West,2007,0.641200546875,499.066706765628,0.128479928270615,ATIWA WEST,forest_zone,FZ,FOREST ZONE,1
Atiwa_West,2008,0,499.066706765628,0,ATIWA WEST,forest_zone,FZ,FOREST ZONE,1
Atiwa_West,2009,0,499.066706765628,0,ATIWA WEST,forest_zone,FZ,FOREST ZONE,1
Atiwa_West,2010,0,499.066706765628,0,ATIWA WEST,forest_zone,FZ,FOREST ZONE,1
Atiwa_West,2011,0,499.066706765628,0,ATIWA WEST,forest_zone,FZ,FOREST ZONE,1
Atiwa_West,2012,0,499.066706765628,0,ATIWA WEST,forest_zone,FZ,FOREST ZONE,1
Atiwa_West,2013,0,499.066706765628,0,ATIWA WEST,forest_zone,FZ,FOREST ZONE,1
Atiwa_West,2014,0,499.066706765628,0,ATIWA WEST,forest_zone,FZ,FOREST ZONE,1
Atiwa_West,2015,0,499.066706765628,0,ATIWA WEST,forest_zone,FZ,FOREST ZONE,1
Atiwa_West,2016,0,499.066706765628,0,ATIWA WEST,forest_zone,FZ,FOREST ZONE,1
Atiwa_West,2017,0,499.066706765628,0,ATIWA WEST,forest_zone,FZ,FOREST ZONE,1
Atiwa_West,2018,0,499.066706765628,0,ATIWA WEST,forest_zone,FZ,FOREST ZONE,1
Atiwa_West,2019,0,499.066706765628,0,ATIWA WEST,forest_zone,FZ,FOREST ZONE,1
Atiwa_West,2020,0.641193703125,499.066706765628,0.128478556960947,ATIWA WEST,forest_zone,FZ,FOREST ZONE,1
Atiwa_West,2021,0,499.066706765628,0,ATIWA WEST,forest_zone,FZ,FOREST ZONE,1
Atiwa_West,2022,0.85492846875,499.066706765628,0.171305450185338,ATIWA WEST,forest_zone,FZ,FOREST ZONE,1
Atiwa_West,2023,0,499.066706765628,0,ATIWA WEST,forest_zone,FZ,FOREST ZONE,1
Atiwa_West,2024,0,499.066706765628,0,ATIWA WEST,forest_zone,FZ,FOREST ZONE,1
Atwima_Kwanwoma,2001,0,194.07306665625,0,ATWIMA KWANWOMA,forest_zone,FZ,FOREST ZONE,1
Atwima_Kwanwoma,2002,0,194.07306665625,0,ATWIMA KWANWOMA,forest_zone,FZ,FOREST ZONE,1
Atwima_Kwanwoma,2003,0.21373709375,194.07306665625,0.110132280296565,ATWIMA KWANWOMA,forest_zone,FZ,FOREST ZONE,1
Atwima_Kwanwoma,2004,0,194.07306665625,0,ATWIMA KWANWOMA,forest_zone,FZ,FOREST ZONE,1
Atwima_Kwanwoma,2005,0.641210453125,194.07306665625,0.330396414181849,ATWIMA KWANWOMA,forest_zone,FZ,FOREST ZONE,1
Atwima_Kwanwoma,2006,12.610498265625,194.07306665625,6.49780955332727,ATWIMA KWANWOMA,forest_zone,FZ,FOREST ZONE,1
Atwima_Kwanwoma,2007,0,194.07306665625,0,ATWIMA KWANWOMA,forest_zone,FZ,FOREST ZONE,1
Atwima_Kwanwoma,2008,0.42747365625,194.07306665625,0.220264286856022,ATWIMA KWANWOMA,forest_zone,FZ,FOREST ZONE,1
Atwima_Kwanwoma,2009,0,194.07306665625,0,ATWIMA KWANWOMA,forest_zone,FZ,FOREST ZONE,1
Atwima_Kwanwoma,2010,0,194.07306665625,0,ATWIMA KWANWOMA,forest_zone,FZ,FOREST ZONE,1
Atwima_Kwanwoma,2011,0,194.07306665625,0,ATWIMA KWANWOMA,forest_zone,FZ,FOREST ZONE,1
Atwima_Kwanwoma,2012,0,194.07306665625,0,ATWIMA KWANWOMA,forest_zone,FZ,FOREST ZONE,1
Atwima_Kwanwoma,2013,0,194.07306665625,0,ATWIMA KWANWOMA,forest_zone,FZ,FOREST ZONE,1
Atwima_Kwanwoma,2014,0,194.07306665625,0,ATWIMA KWANWOMA,forest_zone,FZ,FOREST ZONE,1
Atwima_Kwanwoma,2015,0,194.07306665625,0,ATWIMA KWANWOMA,forest_zone,FZ,FOREST ZONE,1
Atwima_Kwanwoma,2016,0,194.07306665625,0,ATWIMA KWANWOMA,forest_zone,FZ,FOREST ZONE,1
Atwima_Kwanwoma,2017,0,194.07306665625,0,ATWIMA KWANWOMA,forest_zone,FZ,FOREST ZONE,1
Atwima_Kwanwoma,2018,0,194.07306665625,0,ATWIMA KWANWOMA,forest_zone,FZ,FOREST ZONE,1
Atwima_Kwanwoma,2019,0,194.07306665625,0,ATWIMA KWANWOMA,forest_zone,FZ,FOREST ZONE,1
Atwima_Kwanwoma,2020,0,194.07306665625,0,ATWIMA KWANWOMA,forest_zone,FZ,FOREST ZONE,1
Atwima_Kwanwoma,2021,0,194.07306665625,0,ATWIMA KWANWOMA,forest_zone,FZ,FOREST ZONE,1
Atwima_Kwanwoma,2022,0,194.07306665625,0,ATWIMA KWANWOMA,forest_zone,FZ,FOREST ZONE,1
Atwima_Kwanwoma,2023,0,194.07306665625,0,ATWIMA KWANWOMA,forest_zone,FZ,FOREST ZONE,1
Atwima_Kwanwoma,2024,0,194.07306665625,0,ATWIMA KWANWOMA,forest_zone,FZ,FOREST ZONE,1
Atwima_Mponua,2001,0,1609.65184542186,0,ATWIMA MPONUA,forest_zone,FZ,FOREST ZONE,0.999999999907508
Atwima_Mponua,2002,0,1609.65184542186,0,ATWIMA MPONUA,forest_zone,FZ,FOREST ZONE,0.999999999907508
Atwima_Mponua,2003,16.030322390625,1609.65184542186,0.995887553958831,ATWIMA MPONUA,forest_zone,FZ,FOREST ZONE,0.999999999907508
Atwima_Mponua,2004,0,1609.65184542186,0,ATWIMA MPONUA,forest_zone,FZ,FOREST ZONE,0.999999999907508
Atwima_Mponua,2005,0,1609.65184542186,0,ATWIMA MPONUA,forest_zone,FZ,FOREST ZONE,0.999999999907508
Atwima_Mponua,2006,0.641210953125,1609.65184542186,0.0398353814800833,ATWIMA MPONUA,forest_zone,FZ,FOREST ZONE,0.999999999907508
Atwima_Mponua,2007,0,1609.65184542186,0,ATWIMA MPONUA,forest_zone,FZ,FOREST ZONE,0.999999999907508
Atwima_Mponua,2008,0,1609.65184542186,0,ATWIMA MPONUA,forest_zone,FZ,FOREST ZONE,0.999999999907508
Atwima_Mponua,2009,0,1609.65184542186,0,ATWIMA MPONUA,forest_zone,FZ,FOREST ZONE,0.999999999907508
Atwima_Mponua,2010,0,1609.65184542186,0,ATWIMA MPONUA,forest_zone,FZ,FOREST ZONE,0.999999999907508
Atwima_Mponua,2011,0,1609.65184542186,0,ATWIMA MPONUA,forest_zone,FZ,FOREST ZONE,0.999999999907508
Atwima_Mponua,2012,0,1609.65184542186,0,ATWIMA MPONUA,forest_zone,FZ,FOREST ZONE,0.999999999907508
Atwima_Mponua,2013,0,1609.65184542186,0,ATWIMA MPONUA,forest_zone,FZ,FOREST ZONE,0.999999999907508
Atwima_Mponua,2014,1.49614465625,1609.65184542186,0.0929483391396283,ATWIMA MPONUA,forest_zone,FZ,FOREST ZONE,0.999999999907508
Atwima_Mponua,2015,5.129687203125,1609.65184542186,0.318683025631582,ATWIMA MPONUA,forest_zone,FZ,FOREST ZONE,0.999999999907508
Atwima_Mponua,2016,117.9832963125,1609.65184542186,7.32974007069078,ATWIMA MPONUA,forest_zone,FZ,FOREST ZONE,0.999999999907508
Atwima_Mponua,2017,0,1609.65184542186,0,ATWIMA MPONUA,forest_zone,FZ,FOREST ZONE,0.999999999907508
Atwima_Mponua,2018,0,1609.65184542186,0,ATWIMA MPONUA,forest_zone,FZ,FOREST ZONE,0.999999999907508
Atwima_Mponua,2019,0.213734515625,1609.65184542186,0.0132783071216859,ATWIMA MPONUA,forest_zone,FZ,FOREST ZONE,0.999999999907508
Atwima_Mponua,2020,85.2813770156251,1609.65184542186,5.29812563245775,ATWIMA MPONUA,forest_zone,FZ,FOREST ZONE,0.999999999907508
Atwima_Mponua,2021,0,1609.65184542186,0,ATWIMA MPONUA,forest_zone,FZ,FOREST ZONE,0.999999999907508
Atwima_Mponua,2022,11.541855765625,1609.65184542186,0.717040507762724,ATWIMA MPONUA,forest_zone,FZ,FOREST ZONE,0.999999999907508
Atwima_Mponua,2023,0,1609.65184542186,0,ATWIMA MPONUA,forest_zone,FZ,FOREST ZONE,0.999999999907508
Atwima_Mponua,2024,2.992345375,1609.65184542186,0.185900161175273,ATWIMA MPONUA,forest_zone,FZ,FOREST ZONE,0.999999999907508
Atwima_Nwabiagya_North,2001,0,177.831787890625,0,ATWIMA NWABIAGYA NORTH,forest_zone,FZ,FOREST ZONE,0.999999999999999
Atwima_Nwabiagya_North,2002,0,177.831787890625,0,ATWIMA NWABIAGYA NORTH,forest_zone,FZ,FOREST ZONE,0.999999999999999
Atwima_Nwabiagya_North,2003,0,177.831787890625,0,ATWIMA NWABIAGYA NORTH,forest_zone,FZ,FOREST ZONE,0.999999999999999
Atwima_Nwabiagya_North,2004,0,177.831787890625,0,ATWIMA NWABIAGYA NORTH,forest_zone,FZ,FOREST ZONE,0.999999999999999
Atwima_Nwabiagya_North,2005,0.42748109375,177.831787890625,0.240385084590681,ATWIMA NWABIAGYA NORTH,forest_zone,FZ,FOREST ZONE,0.999999999999999
Atwima_Nwabiagya_North,2006,5.55724203125,177.831787890625,3.12499924629221,ATWIMA NWABIAGYA NORTH,forest_zone,FZ,FOREST ZONE,0.999999999999999
Atwima_Nwabiagya_North,2007,0.8549614375,177.831787890625,0.480769747434491,ATWIMA NWABIAGYA NORTH,forest_zone,FZ,FOREST ZONE,0.999999999999999
Atwima_Nwabiagya_North,2008,1.4961779375,177.831787890625,0.841344483597172,ATWIMA NWABIAGYA NORTH,forest_zone,FZ,FOREST ZONE,0.999999999999999
Atwima_Nwabiagya_North,2009,0,177.831787890625,0,ATWIMA NWABIAGYA NORTH,forest_zone,FZ,FOREST ZONE,0.999999999999999
Atwima_Nwabiagya_North,2010,0,177.831787890625,0,ATWIMA NWABIAGYA NORTH,forest_zone,FZ,FOREST ZONE,0.999999999999999
Atwima_Nwabiagya_North,2011,0.42748040625,177.831787890625,0.240384697989383,ATWIMA NWABIAGYA NORTH,forest_zone,FZ,FOREST ZONE,0.999999999999999
Atwima_Nwabiagya_North,2012,0,177.831787890625,0,ATWIMA NWABIAGYA NORTH,forest_zone,FZ,FOREST ZONE,0.999999999999999
Atwima_Nwabiagya_North,2013,0,177.831787890625,0,ATWIMA NWABIAGYA NORTH,forest_zone,FZ,FOREST ZONE,0.999999999999999
Atwima_Nwabiagya_North,2014,0,177.831787890625,0,ATWIMA NWABIAGYA NORTH,forest_zone,FZ,FOREST ZONE,0.999999999999999
Atwima_Nwabiagya_North,2015,0,177.831787890625,0,ATWIMA NWABIAGYA NORTH,forest_zone,FZ,FOREST ZONE,0.999999999999999
Atwima_Nwabiagya_North,2016,0,177.831787890625,0,ATWIMA NWABIAGYA NORTH,forest_zone,FZ,FOREST ZONE,0.999999999999999
Atwima_Nwabiagya_North,2017,0,177.831787890625,0,ATWIMA NWABIAGYA NORTH,forest_zone,FZ,FOREST ZONE,0.999999999999999
Atwima_Nwabiagya_North,2018,0,177.831787890625,0,ATWIMA NWABIAGYA NORTH,forest_zone,FZ,FOREST ZONE,0.999999999999999
Atwima_Nwabiagya_North,2019,0,177.831787890625,0,ATWIMA NWABIAGYA NORTH,forest_zone,FZ,FOREST ZONE,0.999999999999999
Atwima_Nwabiagya_North,2020,0,177.831787890625,0,ATWIMA NWABIAGYA NORTH,forest_zone,FZ,FOREST ZONE,0.999999999999999
Atwima_Nwabiagya_North,2021,0,177.831787890625,0,ATWIMA NWABIAGYA NORTH,forest_zone,FZ,FOREST ZONE,0.999999999999999
Atwima_Nwabiagya_North,2022,0,177.831787890625,0,ATWIMA NWABIAGYA NORTH,forest_zone,FZ,FOREST ZONE,0.999999999999999
Atwima_Nwabiagya_North,2023,0,177.831787890625,0,ATWIMA NWABIAGYA NORTH,forest_zone,FZ,FOREST ZONE,0.999999999999999
Atwima_Nwabiagya_North,2024,0,177.831787890625,0,ATWIMA NWABIAGYA NORTH,forest_zone,FZ,FOREST ZONE,0.999999999999999
Atwima_Nwabiagya_South,2001,0,287.05053615625,0,ATWIMA NWABIAGYA SOUTH,forest_zone,FZ,FOREST ZONE,1
Atwima_Nwabiagya_South,2002,0,287.05053615625,0,ATWIMA NWABIAGYA SOUTH,forest_zone,FZ,FOREST ZONE,1
Atwima_Nwabiagya_South,2003,8.122040765625,287.05053615625,2.82948113401326,ATWIMA NWABIAGYA SOUTH,forest_zone,FZ,FOREST ZONE,1
Atwima_Nwabiagya_South,2004,0,287.05053615625,0,ATWIMA NWABIAGYA SOUTH,forest_zone,FZ,FOREST ZONE,1
Atwima_Nwabiagya_South,2005,0,287.05053615625,0,ATWIMA NWABIAGYA SOUTH,forest_zone,FZ,FOREST ZONE,1
Atwima_Nwabiagya_South,2006,15.389183015625,287.05053615625,5.36114066244009,ATWIMA NWABIAGYA SOUTH,forest_zone,FZ,FOREST ZONE,1
Atwima_Nwabiagya_South,2007,0.854954703125,287.05053615625,0.297841179665877,ATWIMA NWABIAGYA SOUTH,forest_zone,FZ,FOREST ZONE,1
Atwima_Nwabiagya_South,2008,0,287.05053615625,0,ATWIMA NWABIAGYA SOUTH,forest_zone,FZ,FOREST ZONE,1
Atwima_Nwabiagya_South,2009,0,287.05053615625,0,ATWIMA NWABIAGYA SOUTH,forest_zone,FZ,FOREST ZONE,1
Atwima_Nwabiagya_South,2010,0,287.05053615625,0,ATWIMA NWABIAGYA SOUTH,forest_zone,FZ,FOREST ZONE,1
Atwima_Nwabiagya_South,2011,0,287.05053615625,0,ATWIMA NWABIAGYA SOUTH,forest_zone,FZ,FOREST ZONE,1
Atwima_Nwabiagya_South,2012,0,287.05053615625,0,ATWIMA NWABIAGYA SOUTH,forest_zone,FZ,FOREST ZONE,1
Atwima_Nwabiagya_South,2013,0.213738,287.05053615625,0.0744600594940734,ATWIMA NWABIAGYA SOUTH,forest_zone,FZ,FOREST ZONE,1
Atwima_Nwabiagya_South,2014,0,287.05053615625,0,ATWIMA NWABIAGYA SOUTH,forest_zone,FZ,FOREST ZONE,1
Atwima_Nwabiagya_South,2015,0,287.05053615625,0,ATWIMA NWABIAGYA SOUTH,forest_zone,FZ,FOREST ZONE,1
Atwima_Nwabiagya_South,2016,0.85495675,287.05053615625,0.297841892737181,ATWIMA NWABIAGYA SOUTH,forest_zone,FZ,FOREST ZONE,1
Atwima_Nwabiagya_South,2017,0,287.05053615625,0,ATWIMA NWABIAGYA SOUTH,forest_zone,FZ,FOREST ZONE,1
Atwima_Nwabiagya_South,2018,0,287.05053615625,0,ATWIMA NWABIAGYA SOUTH,forest_zone,FZ,FOREST ZONE,1
Atwima_Nwabiagya_South,2019,0,287.05053615625,0,ATWIMA NWABIAGYA SOUTH,forest_zone,FZ,FOREST ZONE,1
Atwima_Nwabiagya_South,2020,0.427474984375,287.05053615625,0.148919765174141,ATWIMA NWABIAGYA SOUTH,forest_zone,FZ,FOREST ZONE,1
Atwima_Nwabiagya_South,2021,0,287.05053615625,0,ATWIMA NWABIAGYA SOUTH,forest_zone,FZ,FOREST ZONE,1
Atwima_Nwabiagya_South,2022,0,287.05053615625,0,ATWIMA NWABIAGYA SOUTH,forest_zone,FZ,FOREST ZONE,1
Atwima_Nwabiagya_South,2023,0,287.05053615625,0,ATWIMA NWABIAGYA SOUTH,forest_zone,FZ,FOREST ZONE,1
Atwima_Nwabiagya_South,2024,0,287.05053615625,0,ATWIMA NWABIAGYA SOUTH,forest_zone,FZ,FOREST ZONE,1
Awutu_Senya,2001,0,206.460037828124,0,AWUTU SENYA,coastal_zone,CZ,COASTAL ZONE,0.99999999848986
Awutu_Senya,2002,0,206.460037828124,0,AWUTU SENYA,coastal_zone,CZ,COASTAL ZONE,0.99999999848986
Awutu_Senya,2003,1.282354078125,206.460037828124,0.62111490999171,AWUTU SENYA,coastal_zone,CZ,COASTAL ZONE,0.99999999848986
Awutu_Senya,2004,4.7019778125,206.460037828124,2.27742756514186,AWUTU SENYA,coastal_zone,CZ,COASTAL ZONE,0.99999999848986
Awutu_Senya,2005,0,206.460037828124,0,AWUTU SENYA,coastal_zone,CZ,COASTAL ZONE,0.99999999848986
Awutu_Senya,2006,0,206.460037828124,0,AWUTU SENYA,coastal_zone,CZ,COASTAL ZONE,0.99999999848986
Awutu_Senya,2007,0.854906671875,206.460037828124,0.414078521377926,AWUTU SENYA,coastal_zone,CZ,COASTAL ZONE,0.99999999848986
Awutu_Senya,2008,0,206.460037828124,0,AWUTU SENYA,coastal_zone,CZ,COASTAL ZONE,0.99999999848986
Awutu_Senya,2009,0,206.460037828124,0,AWUTU SENYA,coastal_zone,CZ,COASTAL ZONE,0.99999999848986
Awutu_Senya,2010,0,206.460037828124,0,AWUTU SENYA,coastal_zone,CZ,COASTAL ZONE,0.99999999848986
Awutu_Senya,2011,1.9235328125,206.460037828124,0.931673186121048,AWUTU SENYA,coastal_zone,CZ,COASTAL ZONE,0.99999999848986
Awutu_Senya,2012,0,206.460037828124,0,AWUTU SENYA,coastal_zone,CZ,COASTAL ZONE,0.99999999848986
Awutu_Senya,2013,0,206.460037828124,0,AWUTU SENYA,coastal_zone,CZ,COASTAL ZONE,0.99999999848986
Awutu_Senya,2014,1.068628578125,206.460037828124,0.517595845359006,AWUTU SENYA,coastal_zone,CZ,COASTAL ZONE,0.99999999848986
Awutu_Senya,2015,0,206.460037828124,0,AWUTU SENYA,coastal_zone,CZ,COASTAL ZONE,0.99999999848986
Awutu_Senya,2016,0.64118128125,206.460037828124,0.310559509721576,AWUTU SENYA,coastal_zone,CZ,COASTAL ZONE,0.99999999848986
Awutu_Senya,2017,0,206.460037828124,0,AWUTU SENYA,coastal_zone,CZ,COASTAL ZONE,0.99999999848986
Awutu_Senya,2018,0,206.460037828124,0,AWUTU SENYA,coastal_zone,CZ,COASTAL ZONE,0.99999999848986
Awutu_Senya,2019,0,206.460037828124,0,AWUTU SENYA,coastal_zone,CZ,COASTAL ZONE,0.99999999848986
Awutu_Senya,2020,0,206.460037828124,0,AWUTU SENYA,coastal_zone,CZ,COASTAL ZONE,0.99999999848986
Awutu_Senya,2021,0,206.460037828124,0,AWUTU SENYA,coastal_zone,CZ,COASTAL ZONE,0.99999999848986
Awutu_Senya,2022,0,206.460037828124,0,AWUTU SENYA,coastal_zone,CZ,COASTAL ZONE,0.99999999848986
Awutu_Senya,2023,0,206.460037828124,0,AWUTU SENYA,coastal_zone,CZ,COASTAL ZONE,0.99999999848986
Awutu_Senya,2024,0,206.460037828124,0,AWUTU SENYA,coastal_zone,CZ,COASTAL ZONE,0.99999999848986
Awutu_Senya_East,2001,0,60.69792925,0,AWUTU SENYA EAST,coastal_zone,CZ,COASTAL ZONE,0.999999999201765
Awutu_Senya_East,2002,0,60.69792925,0,AWUTU SENYA EAST,coastal_zone,CZ,COASTAL ZONE,0.999999999201765
Awutu_Senya_East,2003,0,60.69792925,0,AWUTU SENYA EAST,coastal_zone,CZ,COASTAL ZONE,0.999999999201765
Awutu_Senya_East,2004,22.65485521875,60.69792925,37.3239342736721,AWUTU SENYA EAST,coastal_zone,CZ,COASTAL ZONE,0.999999999201765
Awutu_Senya_East,2005,0,60.69792925,0,AWUTU SENYA EAST,coastal_zone,CZ,COASTAL ZONE,0.999999999201765
Awutu_Senya_East,2006,2.137244609375,60.69792925,3.52111618268262,AWUTU SENYA EAST,coastal_zone,CZ,COASTAL ZONE,0.999999999201765
Awutu_Senya_East,2007,1.92351934375,60.69792925,3.16900323868956,AWUTU SENYA EAST,coastal_zone,CZ,COASTAL ZONE,0.999999999201765
Awutu_Senya_East,2008,0.213726109375,60.69792925,0.352114334073431,AWUTU SENYA EAST,coastal_zone,CZ,COASTAL ZONE,0.999999999201765
Awutu_Senya_East,2009,0,60.69792925,0,AWUTU SENYA EAST,coastal_zone,CZ,COASTAL ZONE,0.999999999201765
Awutu_Senya_East,2010,0,60.69792925,0,AWUTU SENYA EAST,coastal_zone,CZ,COASTAL ZONE,0.999999999201765
Awutu_Senya_East,2011,0,60.69792925,0,AWUTU SENYA EAST,coastal_zone,CZ,COASTAL ZONE,0.999999999201765
Awutu_Senya_East,2012,0,60.69792925,0,AWUTU SENYA EAST,coastal_zone,CZ,COASTAL ZONE,0.999999999201765
Awutu_Senya_East,2013,0,60.69792925,0,AWUTU SENYA EAST,coastal_zone,CZ,COASTAL ZONE,0.999999999201765
Awutu_Senya_East,2014,3.4195916875,60.69792925,5.63378640713678,AWUTU SENYA EAST,coastal_zone,CZ,COASTAL ZONE,0.999999999201765
Awutu_Senya_East,2015,0,60.69792925,0,AWUTU SENYA EAST,coastal_zone,CZ,COASTAL ZONE,0.999999999201765
Awutu_Senya_East,2016,0.213724796875,60.69792925,0.352112171726188,AWUTU SENYA EAST,coastal_zone,CZ,COASTAL ZONE,0.999999999201765
Awutu_Senya_East,2017,0,60.69792925,0,AWUTU SENYA EAST,coastal_zone,CZ,COASTAL ZONE,0.999999999201765
Awutu_Senya_East,2018,0,60.69792925,0,AWUTU SENYA EAST,coastal_zone,CZ,COASTAL ZONE,0.999999999201765
Awutu_Senya_East,2019,0,60.69792925,0,AWUTU SENYA EAST,coastal_zone,CZ,COASTAL ZONE,0.999999999201765
Awutu_Senya_East,2020,0.213724453125,60.69792925,0.352111605397148,AWUTU SENYA EAST,coastal_zone,CZ,COASTAL ZONE,0.999999999201765
Awutu_Senya_East,2021,0,60.69792925,0,AWUTU SENYA EAST,coastal_zone,CZ,COASTAL ZONE,0.999999999201765
Awutu_Senya_East,2022,0,60.69792925,0,AWUTU SENYA EAST,coastal_zone,CZ,COASTAL ZONE,0.999999999201765
Awutu_Senya_East,2023,0,60.69792925,0,AWUTU SENYA EAST,coastal_zone,CZ,COASTAL ZONE,0.999999999201765
Awutu_Senya_East,2024,0,60.69792925,0,AWUTU SENYA EAST,coastal_zone,CZ,COASTAL ZONE,0.999999999201765
Ayawaso_West,2001,0,3.205902546875,0,AYAWASO WEST,coastal_zone,CZ,COASTAL ZONE,1
Ayawaso_West,2002,0,3.205902546875,0,AYAWASO WEST,coastal_zone,CZ,COASTAL ZONE,1
Ayawaso_West,2003,0,3.205902546875,0,AYAWASO WEST,coastal_zone,CZ,COASTAL ZONE,1
Ayawaso_West,2004,0,3.205902546875,0,AYAWASO WEST,coastal_zone,CZ,COASTAL ZONE,1
Ayawaso_West,2005,0,3.205902546875,0,AYAWASO WEST,coastal_zone,CZ,COASTAL ZONE,1
Ayawaso_West,2006,0,3.205902546875,0,AYAWASO WEST,coastal_zone,CZ,COASTAL ZONE,1
Ayawaso_West,2007,0,3.205902546875,0,AYAWASO WEST,coastal_zone,CZ,COASTAL ZONE,1
Ayawaso_West,2008,0,3.205902546875,0,AYAWASO WEST,coastal_zone,CZ,COASTAL ZONE,1
Ayawaso_West,2009,0,3.205902546875,0,AYAWASO WEST,coastal_zone,CZ,COASTAL ZONE,1
Ayawaso_West,2010,0,3.205902546875,0,AYAWASO WEST,coastal_zone,CZ,COASTAL ZONE,1
Ayawaso_West,2011,0,3.205902546875,0,AYAWASO WEST,coastal_zone,CZ,COASTAL ZONE,1
Ayawaso_West,2012,0,3.205902546875,0,AYAWASO WEST,coastal_zone,CZ,COASTAL ZONE,1
Ayawaso_West,2013,0,3.205902546875,0,AYAWASO WEST,coastal_zone,CZ,COASTAL ZONE,1
Ayawaso_West,2014,0,3.205902546875,0,AYAWASO WEST,coastal_zone,CZ,COASTAL ZONE,1
Ayawaso_West,2015,0,3.205902546875,0,AYAWASO WEST,coastal_zone,CZ,COASTAL ZONE,1
Ayawaso_West,2016,0,3.205902546875,0,AYAWASO WEST,coastal_zone,CZ,COASTAL ZONE,1
Ayawaso_West,2017,0,3.205902546875,0,AYAWASO WEST,coastal_zone,CZ,COASTAL ZONE,1
Ayawaso_West,2018,0,3.205902546875,0,AYAWASO WEST,coastal_zone,CZ,COASTAL ZONE,1
Ayawaso_West,2019,0,3.205902546875,0,AYAWASO WEST,coastal_zone,CZ,COASTAL ZONE,1
Ayawaso_West,2020,0,3.205902546875,0,AYAWASO WEST,coastal_zone,CZ,COASTAL ZONE,1
Ayawaso_West,2021,0,3.205902546875,0,AYAWASO WEST,coastal_zone,CZ,COASTAL ZONE,1
Ayawaso_West,2022,0,3.205902546875,0,AYAWASO WEST,coastal_zone,CZ,COASTAL ZONE,1
Ayawaso_West,2023,0,3.205902546875,0,AYAWASO WEST,coastal_zone,CZ,COASTAL ZONE,1
Ayawaso_West,2024,0,3.205902546875,0,AYAWASO WEST,coastal_zone,CZ,COASTAL ZONE,1
Ayensuano,2001,0,427.459723093753,0,AYENSUANO,forest_zone,FZ,FOREST ZONE,1
Ayensuano,2002,0,427.459723093753,0,AYENSUANO,forest_zone,FZ,FOREST ZONE,1
Ayensuano,2003,0,427.459723093753,0,AYENSUANO,forest_zone,FZ,FOREST ZONE,1
Ayensuano,2004,8.33546425,427.459723093753,1.94999991804416,AYENSUANO,forest_zone,FZ,FOREST ZONE,1
Ayensuano,2005,0,427.459723093753,0,AYENSUANO,forest_zone,FZ,FOREST ZONE,1
Ayensuano,2006,0,427.459723093753,0,AYENSUANO,forest_zone,FZ,FOREST ZONE,1
Ayensuano,2007,0,427.459723093753,0,AYENSUANO,forest_zone,FZ,FOREST ZONE,1
Ayensuano,2008,0.21372934375,427.459723093753,0.049999878866511,AYENSUANO,forest_zone,FZ,FOREST ZONE,1
Ayensuano,2009,0,427.459723093753,0,AYENSUANO,forest_zone,FZ,FOREST ZONE,1
Ayensuano,2010,0,427.459723093753,0,AYENSUANO,forest_zone,FZ,FOREST ZONE,1
Ayensuano,2011,0,427.459723093753,0,AYENSUANO,forest_zone,FZ,FOREST ZONE,1
Ayensuano,2012,0,427.459723093753,0,AYENSUANO,forest_zone,FZ,FOREST ZONE,1
Ayensuano,2013,0,427.459723093753,0,AYENSUANO,forest_zone,FZ,FOREST ZONE,1
Ayensuano,2014,0,427.459723093753,0,AYENSUANO,forest_zone,FZ,FOREST ZONE,1
Ayensuano,2015,0,427.459723093753,0,AYENSUANO,forest_zone,FZ,FOREST ZONE,1
Ayensuano,2016,0,427.459723093753,0,AYENSUANO,forest_zone,FZ,FOREST ZONE,1
Ayensuano,2017,0,427.459723093753,0,AYENSUANO,forest_zone,FZ,FOREST ZONE,1
Ayensuano,2018,0.42746203125,427.459723093753,0.100000539970463,AYENSUANO,forest_zone,FZ,FOREST ZONE,1
Ayensuano,2019,0.2137300625,427.459723093753,0.0500000470110077,AYENSUANO,forest_zone,FZ,FOREST ZONE,1
Ayensuano,2020,7.266815015625,427.459723093753,1.69999993520587,AYENSUANO,forest_zone,FZ,FOREST ZONE,1
Ayensuano,2021,0,427.459723093753,0,AYENSUANO,forest_zone,FZ,FOREST ZONE,1
Ayensuano,2022,0,427.459723093753,0,AYENSUANO,forest_zone,FZ,FOREST ZONE,1
Ayensuano,2023,0,427.459723093753,0,AYENSUANO,forest_zone,FZ,FOREST ZONE,1
Ayensuano,2024,0,427.459723093753,0,AYENSUANO,forest_zone,FZ,FOREST ZONE,1
Banda,2001,871.712109796874,1973.84403429689,44.1631706786493,BANDA,transition_zone,TZ,TRANSITION ZONE,0.999999999098124
Banda,2002,1764.56988509375,1973.84403429689,89.3976349920836,BANDA,transition_zone,TZ,TRANSITION ZONE,0.999999999098124
Banda,2003,1115.60980995313,1973.84403429689,56.5196535576592,BANDA,transition_zone,TZ,TRANSITION ZONE,0.999999999098124
Banda,2004,650.8948174375,1973.84403429689,32.976000440144,BANDA,transition_zone,TZ,TRANSITION ZONE,0.999999999098124
Banda,2005,2006.12143212501,1973.84403429689,101.635255737904,BANDA,transition_zone,TZ,TRANSITION ZONE,0.999999999098124
Banda,2006,1810.532929875,1973.84403429689,91.7262406966177,BANDA,transition_zone,TZ,TRANSITION ZONE,0.999999999098124
Banda,2007,1487.33262745311,1973.84403429689,75.3520846434513,BANDA,transition_zone,TZ,TRANSITION ZONE,0.999999999098124
Banda,2008,1105.34590646875,1973.84403429689,55.9996578890028,BANDA,transition_zone,TZ,TRANSITION ZONE,0.999999999098124
Banda,2009,1363.35161503126,1973.84403429689,69.0708886488541,BANDA,transition_zone,TZ,TRANSITION ZONE,0.999999999098124
Banda,2010,913.180047453124,1973.84403429689,46.2640427301243,BANDA,transition_zone,TZ,TRANSITION ZONE,0.999999999098124
Banda,2011,1931.092226875,1973.84403429689,97.8340838141691,BANDA,transition_zone,TZ,TRANSITION ZONE,0.999999999098124
Banda,2012,959.351547093751,1973.84403429689,48.6032092923433,BANDA,transition_zone,TZ,TRANSITION ZONE,0.999999999098124
Banda,2013,1301.14899871875,1973.84403429689,65.9195446099285,BANDA,transition_zone,TZ,TRANSITION ZONE,0.999999999098124
Banda,2014,1121.37899128125,1973.84403429689,56.8119350767601,BANDA,transition_zone,TZ,TRANSITION ZONE,0.999999999098124
Banda,2015,1495.23723779688,1973.84403429689,75.7525524720347,BANDA,transition_zone,TZ,TRANSITION ZONE,0.999999999098124
Banda,2016,878.122051031251,1973.84403429689,44.4879147376023,BANDA,transition_zone,TZ,TRANSITION ZONE,0.999999999098124
Banda,2017,1118.17111996876,1973.84403429689,56.6494160906215,BANDA,transition_zone,TZ,TRANSITION ZONE,0.999999999098124
Banda,2018,897.359741171877,1973.84403429689,45.4625454483554,BANDA,transition_zone,TZ,TRANSITION ZONE,0.999999999098124
Banda,2019,684.455223843751,1973.84403429689,34.6762566824365,BANDA,transition_zone,TZ,TRANSITION ZONE,0.999999999098124
Banda,2020,722.719804296877,1973.84403429689,36.6148384441286,BANDA,transition_zone,TZ,TRANSITION ZONE,0.999999999098124
Banda,2021,389.041377546876,1973.84403429689,19.7098337450688,BANDA,transition_zone,TZ,TRANSITION ZONE,0.999999999098124
Banda,2022,521.786497500001,1973.84403429689,26.4350418996437,BANDA,transition_zone,TZ,TRANSITION ZONE,0.999999999098124
Banda,2023,430.297882640627,1973.84403429689,21.7999940807838,BANDA,transition_zone,TZ,TRANSITION ZONE,0.999999999098124
Banda,2024,409.561453812501,1973.84403429689,20.7494334251384,BANDA,transition_zone,TZ,TRANSITION ZONE,0.999999999098124
Bawku_Municipal,2001,8.1246189375,208.03152565625,3.90547486101942,BAWKU MUNICIPAL,sudan_savannah,SS,SUDAN SAVANNAH,0.999999998964841
Bawku_Municipal,2002,10.690287,208.03152565625,5.13878219480281,BAWKU MUNICIPAL,sudan_savannah,SS,SUDAN SAVANNAH,0.999999998964841
Bawku_Municipal,2003,11.9731216875,208.03152565625,5.7554361771515,BAWKU MUNICIPAL,sudan_savannah,SS,SUDAN SAVANNAH,0.999999998964841
Bawku_Municipal,2004,8.12464275,208.03152565625,3.90548630760182,BAWKU MUNICIPAL,sudan_savannah,SS,SUDAN SAVANNAH,0.999999998964841
Bawku_Municipal,2005,13.255958734375,208.03152565625,6.3720912936432,BAWKU MUNICIPAL,sudan_savannah,SS,SUDAN SAVANNAH,0.999999998964841
Bawku_Municipal,2006,7.483191125,208.03152565625,3.59714283755491,BAWKU MUNICIPAL,sudan_savannah,SS,SUDAN SAVANNAH,0.999999998964841
Bawku_Municipal,2007,6.627956703125,208.03152565625,3.18603475228894,BAWKU MUNICIPAL,sudan_savannah,SS,SUDAN SAVANNAH,0.999999998964841
Bawku_Municipal,2008,11.117886234375,208.03152565625,5.34432759616739,BAWKU MUNICIPAL,sudan_savannah,SS,SUDAN SAVANNAH,0.999999998964841
Bawku_Municipal,2009,33.99501853125,208.03152565625,16.3412821321241,BAWKU MUNICIPAL,sudan_savannah,SS,SUDAN SAVANNAH,0.999999998964841
Bawku_Municipal,2010,7.91081028125,208.03152565625,3.80269781529256,BAWKU MUNICIPAL,sudan_savannah,SS,SUDAN SAVANNAH,0.999999998964841
Bawku_Municipal,2011,15.180176140625,208.03152565625,7.29705562305429,BAWKU MUNICIPAL,sudan_savannah,SS,SUDAN SAVANNAH,0.999999998964841
Bawku_Municipal,2012,3.42089196875,208.03152565625,1.64441036422656,BAWKU MUNICIPAL,sudan_savannah,SS,SUDAN SAVANNAH,0.999999998964841
Bawku_Municipal,2013,11.9731196875,208.03152565625,5.75543521575875,BAWKU MUNICIPAL,sudan_savannah,SS,SUDAN SAVANNAH,0.999999998964841
Bawku_Municipal,2014,12.40070646875,208.03152565625,5.96097463095131,BAWKU MUNICIPAL,sudan_savannah,SS,SUDAN SAVANNAH,0.999999998964841
Bawku_Municipal,2015,6.62797446875,208.03152565625,3.18604329216045,BAWKU MUNICIPAL,sudan_savannah,SS,SUDAN SAVANNAH,0.999999998964841
Bawku_Municipal,2016,8.76601975,208.03152565625,4.21379390568184,BAWKU MUNICIPAL,sudan_savannah,SS,SUDAN SAVANNAH,0.999999998964841
Bawku_Municipal,2017,9.1936255625,208.03152565625,4.41934246912725,BAWKU MUNICIPAL,sudan_savannah,SS,SUDAN SAVANNAH,0.999999998964841
Bawku_Municipal,2018,10.904065921875,208.03152565625,5.24154494732343,BAWKU MUNICIPAL,sudan_savannah,SS,SUDAN SAVANNAH,0.999999998964841
Bawku_Municipal,2019,1.92424446875,208.03152565625,0.924977338256708,BAWKU MUNICIPAL,sudan_savannah,SS,SUDAN SAVANNAH,0.999999998964841
Bawku_Municipal,2020,6.414152734375,208.03152565625,3.08325995982634,BAWKU MUNICIPAL,sudan_savannah,SS,SUDAN SAVANNAH,0.999999998964841
Bawku_Municipal,2021,0,208.03152565625,0,BAWKU MUNICIPAL,sudan_savannah,SS,SUDAN SAVANNAH,0.999999998964841
Bawku_Municipal,2022,7.696990015625,208.03152565625,3.69991518898125,BAWKU MUNICIPAL,sudan_savannah,SS,SUDAN SAVANNAH,0.999999998964841
Bawku_Municipal,2023,0.427612078125,208.03152565625,0.205551575308631,BAWKU MUNICIPAL,sudan_savannah,SS,SUDAN SAVANNAH,0.999999998964841
Bawku_Municipal,2024,0,208.03152565625,0,BAWKU MUNICIPAL,sudan_savannah,SS,SUDAN SAVANNAH,0.999999998964841
Bawku_West,2001,386.548229578123,920.837568687499,41.977895203503,BAWKU WEST,sudan_savannah,SS,SUDAN SAVANNAH,0.999999999341344
Bawku_West,2002,378.639137234375,920.837568687499,41.1189931981232,BAWKU WEST,sudan_savannah,SS,SUDAN SAVANNAH,0.999999999341344
Bawku_West,2003,384.625303093751,920.837568687499,41.7690715683952,BAWKU WEST,sudan_savannah,SS,SUDAN SAVANNAH,0.999999999341344
Bawku_West,2004,379.921249984376,920.837568687499,41.2582265215233,BAWKU WEST,sudan_savannah,SS,SUDAN SAVANNAH,0.999999999341344
Bawku_West,2005,482.973208343749,920.837568687499,52.4493379469896,BAWKU WEST,sudan_savannah,SS,SUDAN SAVANNAH,0.999999999341344
Bawku_West,2006,348.492677515626,920.837568687499,37.8451845760751,BAWKU WEST,sudan_savannah,SS,SUDAN SAVANNAH,0.999999999341344
Bawku_West,2007,333.1001350625,920.837568687499,36.1736039437747,BAWKU WEST,sudan_savannah,SS,SUDAN SAVANNAH,0.999999999341344
Bawku_West,2008,290.3402791875,920.837568687499,31.5300210439211,BAWKU WEST,sudan_savannah,SS,SUDAN SAVANNAH,0.999999999341344
Bawku_West,2009,348.493604687501,920.837568687499,37.8452852639604,BAWKU WEST,sudan_savannah,SS,SUDAN SAVANNAH,0.999999999341344
Bawku_West,2010,344.003292015626,920.837568687499,37.3576517415493,BAWKU WEST,sudan_savannah,SS,SUDAN SAVANNAH,0.999999999341344
Bawku_West,2011,340.582570453125,920.837568687499,36.9861723755004,BAWKU WEST,sudan_savannah,SS,SUDAN SAVANNAH,0.999999999341344
Bawku_West,2012,284.139463953125,920.837568687499,30.8566324414976,BAWKU WEST,sudan_savannah,SS,SUDAN SAVANNAH,0.999999999341344
Bawku_West,2013,273.23527228125,920.837568687499,29.6724722765929,BAWKU WEST,sudan_savannah,SS,SUDAN SAVANNAH,0.999999999341344
Bawku_West,2014,311.077510203125,920.837568687499,33.7820176740306,BAWKU WEST,sudan_savannah,SS,SUDAN SAVANNAH,0.999999999341344
Bawku_West,2015,212.302227421875,920.837568687499,23.0553394693134,BAWKU WEST,sudan_savannah,SS,SUDAN SAVANNAH,0.999999999341344
Bawku_West,2016,304.876856109375,920.837568687499,33.1086465709611,BAWKU WEST,sudan_savannah,SS,SUDAN SAVANNAH,0.999999999341344
Bawku_West,2017,259.33768915625,920.837568687499,28.1632394218986,BAWKU WEST,sudan_savannah,SS,SUDAN SAVANNAH,0.999999999341344
Bawku_West,2018,139.18337871875,920.837568687499,15.1148675349044,BAWKU WEST,sudan_savannah,SS,SUDAN SAVANNAH,0.999999999341344
Bawku_West,2019,201.6119308125,920.837568687499,21.8944076206474,BAWKU WEST,sudan_savannah,SS,SUDAN SAVANNAH,0.999999999341344
Bawku_West,2020,112.458193640625,920.837568687499,12.2125983414117,BAWKU WEST,sudan_savannah,SS,SUDAN SAVANNAH,0.999999999341344
Bawku_West,2021,156.927870609375,920.837568687499,17.0418623159619,BAWKU WEST,sudan_savannah,SS,SUDAN SAVANNAH,0.999999999341344
Bawku_West,2022,129.77587559375,920.837568687499,14.0932429352034,BAWKU WEST,sudan_savannah,SS,SUDAN SAVANNAH,0.999999999341344
Bawku_West,2023,182.583578546875,920.837568687499,19.8279897297324,BAWKU WEST,sudan_savannah,SS,SUDAN SAVANNAH,0.999999999341344
Bawku_West,2024,126.568807578125,920.837568687499,13.7449656575728,BAWKU WEST,sudan_savannah,SS,SUDAN SAVANNAH,0.999999999341344
Bekwai_Municipal,2001,2.13735728125,447.988908375001,0.477100490948064,BEKWAI MUNICIPAL,forest_zone,FZ,FOREST ZONE,1
Bekwai_Municipal,2002,0,447.988908375001,0,BEKWAI MUNICIPAL,forest_zone,FZ,FOREST ZONE,1
Bekwai_Municipal,2003,0.4274703125,447.988908375001,0.0954198428819525,BEKWAI MUNICIPAL,forest_zone,FZ,FOREST ZONE,1
Bekwai_Municipal,2004,0,447.988908375001,0,BEKWAI MUNICIPAL,forest_zone,FZ,FOREST ZONE,1
Bekwai_Municipal,2005,0.213734984375,447.988908375001,0.047709883075071,BEKWAI MUNICIPAL,forest_zone,FZ,FOREST ZONE,1
Bekwai_Municipal,2006,1.282414171875,447.988908375001,0.286260250622438,BEKWAI MUNICIPAL,forest_zone,FZ,FOREST ZONE,1
Bekwai_Municipal,2007,0,447.988908375001,0,BEKWAI MUNICIPAL,forest_zone,FZ,FOREST ZONE,1
Bekwai_Municipal,2008,0,447.988908375001,0,BEKWAI MUNICIPAL,forest_zone,FZ,FOREST ZONE,1
Bekwai_Municipal,2009,0,447.988908375001,0,BEKWAI MUNICIPAL,forest_zone,FZ,FOREST ZONE,1
Bekwai_Municipal,2010,1.709878046875,447.988908375001,0.381678656526849,BEKWAI MUNICIPAL,forest_zone,FZ,FOREST ZONE,1
Bekwai_Municipal,2011,0,447.988908375001,0,BEKWAI MUNICIPAL,forest_zone,FZ,FOREST ZONE,1
Bekwai_Municipal,2012,0,447.988908375001,0,BEKWAI MUNICIPAL,forest_zone,FZ,FOREST ZONE,1
Bekwai_Municipal,2013,0,447.988908375001,0,BEKWAI MUNICIPAL,forest_zone,FZ,FOREST ZONE,1
Bekwai_Municipal,2014,0,447.988908375001,0,BEKWAI MUNICIPAL,forest_zone,FZ,FOREST ZONE,1
Bekwai_Municipal,2015,0,447.988908375001,0,BEKWAI MUNICIPAL,forest_zone,FZ,FOREST ZONE,1
Bekwai_Municipal,2016,0,447.988908375001,0,BEKWAI MUNICIPAL,forest_zone,FZ,FOREST ZONE,1
Bekwai_Municipal,2017,0,447.988908375001,0,BEKWAI MUNICIPAL,forest_zone,FZ,FOREST ZONE,1
Bekwai_Municipal,2018,0.85494128125,447.988908375001,0.190839832251907,BEKWAI MUNICIPAL,forest_zone,FZ,FOREST ZONE,1
Bekwai_Municipal,2019,0,447.988908375001,0,BEKWAI MUNICIPAL,forest_zone,FZ,FOREST ZONE,1
Bekwai_Municipal,2020,0,447.988908375001,0,BEKWAI MUNICIPAL,forest_zone,FZ,FOREST ZONE,1
Bekwai_Municipal,2021,0,447.988908375001,0,BEKWAI MUNICIPAL,forest_zone,FZ,FOREST ZONE,1
Bekwai_Municipal,2022,0.213734984375,447.988908375001,0.047709883075071,BEKWAI MUNICIPAL,forest_zone,FZ,FOREST ZONE,1
Bekwai_Municipal,2023,0,447.988908375001,0,BEKWAI MUNICIPAL,forest_zone,FZ,FOREST ZONE,1
Bekwai_Municipal,2024,0,447.988908375001,0,BEKWAI MUNICIPAL,forest_zone,FZ,FOREST ZONE,1
Berekum_East_Municipal,2001,147.48653121875,387.525607046874,38.0585253043447,BEREKUM EAST MUNICIPAL,transition_zone,TZ,TRANSITION ZONE,1
Berekum_East_Municipal,2002,86.9959749687499,387.525607046874,22.4490906889224,BEREKUM EAST MUNICIPAL,transition_zone,TZ,TRANSITION ZONE,1
Berekum_East_Municipal,2003,51.727328921875,387.525607046874,13.3481060299631,BEREKUM EAST MUNICIPAL,transition_zone,TZ,TRANSITION ZONE,1
Berekum_East_Municipal,2004,17.31371125,387.525607046874,4.46775927452603,BEREKUM EAST MUNICIPAL,transition_zone,TZ,TRANSITION ZONE,1
Berekum_East_Municipal,2005,105.592069484375,387.525607046874,27.2477657125772,BEREKUM EAST MUNICIPAL,transition_zone,TZ,TRANSITION ZONE,1
Berekum_East_Municipal,2006,87.850840359375,387.525607046874,22.6696865347401,BEREKUM EAST MUNICIPAL,transition_zone,TZ,TRANSITION ZONE,1
Berekum_East_Municipal,2007,225.077475140625,387.525607046874,58.0806715860199,BEREKUM EAST MUNICIPAL,transition_zone,TZ,TRANSITION ZONE,1
Berekum_East_Municipal,2008,178.693987546875,387.525607046874,46.1115302569569,BEREKUM EAST MUNICIPAL,transition_zone,TZ,TRANSITION ZONE,1
Berekum_East_Municipal,2009,19.237372375,387.525607046874,4.96415514876494,BEREKUM EAST MUNICIPAL,transition_zone,TZ,TRANSITION ZONE,1
Berekum_East_Municipal,2010,119.485869765625,387.525607046874,30.8330256356897,BEREKUM EAST MUNICIPAL,transition_zone,TZ,TRANSITION ZONE,1
Berekum_East_Municipal,2011,76.094626,387.525607046874,19.6360252371131,BEREKUM EAST MUNICIPAL,transition_zone,TZ,TRANSITION ZONE,1
Berekum_East_Municipal,2012,143.425597609375,387.525607046874,37.0106116863721,BEREKUM EAST MUNICIPAL,transition_zone,TZ,TRANSITION ZONE,1
Berekum_East_Municipal,2013,132.951883625,387.525607046874,34.3078963576512,BEREKUM EAST MUNICIPAL,transition_zone,TZ,TRANSITION ZONE,1
Berekum_East_Municipal,2014,92.767091421875,387.525607046874,23.9383126521118,BEREKUM EAST MUNICIPAL,transition_zone,TZ,TRANSITION ZONE,1
Berekum_East_Municipal,2015,90.41577834375,387.525607046874,23.3315622760417,BEREKUM EAST MUNICIPAL,transition_zone,TZ,TRANSITION ZONE,1
Berekum_East_Municipal,2016,114.1418979375,387.525607046874,29.4540272595957,BEREKUM EAST MUNICIPAL,transition_zone,TZ,TRANSITION ZONE,1
Berekum_East_Municipal,2017,88.2782991718752,387.525607046874,22.7799911971229,BEREKUM EAST MUNICIPAL,transition_zone,TZ,TRANSITION ZONE,1
Berekum_East_Municipal,2018,71.17841925,387.525607046874,18.3674105544696,BEREKUM EAST MUNICIPAL,transition_zone,TZ,TRANSITION ZONE,1
Berekum_East_Municipal,2019,79.3008380000001,387.525607046874,20.4633801116549,BEREKUM EAST MUNICIPAL,transition_zone,TZ,TRANSITION ZONE,1
Berekum_East_Municipal,2020,66.475814296875,387.525607046874,17.153915273742,BEREKUM EAST MUNICIPAL,transition_zone,TZ,TRANSITION ZONE,1
Berekum_East_Municipal,2021,22.22986975,387.525607046874,5.73636150637941,BEREKUM EAST MUNICIPAL,transition_zone,TZ,TRANSITION ZONE,1
Berekum_East_Municipal,2022,36.337289109375,387.525607046874,9.37674529079049,BEREKUM EAST MUNICIPAL,transition_zone,TZ,TRANSITION ZONE,1
Berekum_East_Municipal,2023,19.023620046875,387.525607046874,4.90899690264183,BEREKUM EAST MUNICIPAL,transition_zone,TZ,TRANSITION ZONE,1
Berekum_East_Municipal,2024,4.061223484375,387.525607046874,1.04798841948108,BEREKUM EAST MUNICIPAL,transition_zone,TZ,TRANSITION ZONE,1
Berekum_West,2001,188.097851125,343.705874640626,54.7263998096257,BEREKUM WEST,transition_zone,TZ,TRANSITION ZONE,1
Berekum_West,2002,10.901190265625,343.705874640626,3.171662479445,BEREKUM WEST,transition_zone,TZ,TRANSITION ZONE,1
Berekum_West,2003,25.222286328125,343.705874640626,7.33833436932,BEREKUM WEST,transition_zone,TZ,TRANSITION ZONE,1
Berekum_West,2004,0,343.705874640626,0,BEREKUM WEST,transition_zone,TZ,TRANSITION ZONE,1
Berekum_West,2005,46.169605734375,343.705874640626,13.4328823394855,BEREKUM WEST,transition_zone,TZ,TRANSITION ZONE,1
Berekum_West,2006,15.176068875,343.705874640626,4.41542318439214,BEREKUM WEST,transition_zone,TZ,TRANSITION ZONE,1
Berekum_West,2007,144.06624690625,343.705874640626,41.9155613958835,BEREKUM WEST,transition_zone,TZ,TRANSITION ZONE,1
Berekum_West,2008,142.14238425,343.705874640626,41.3558204085461,BEREKUM WEST,transition_zone,TZ,TRANSITION ZONE,1
Berekum_West,2009,4.702453359375,343.705874640626,1.36816205550511,BEREKUM WEST,transition_zone,TZ,TRANSITION ZONE,1
Berekum_West,2010,61.5594909843751,343.705874640626,17.9105146366034,BEREKUM WEST,transition_zone,TZ,TRANSITION ZONE,1
Berekum_West,2011,11.756151265625,343.705874640626,3.42041033715733,BEREKUM WEST,transition_zone,TZ,TRANSITION ZONE,1
Berekum_West,2012,27.359713359375,343.705874640626,7.96021115088065,BEREKUM WEST,transition_zone,TZ,TRANSITION ZONE,1
Berekum_West,2013,23.084839421875,343.705874640626,6.7164518051989,BEREKUM WEST,transition_zone,TZ,TRANSITION ZONE,1
Berekum_West,2014,7.481208734375,343.705874640626,2.17663103436833,BEREKUM WEST,transition_zone,TZ,TRANSITION ZONE,1
Berekum_West,2015,28.000984296875,343.705874640626,8.14678664603926,BEREKUM WEST,transition_zone,TZ,TRANSITION ZONE,1
Berekum_West,2016,12.82489546875,343.705874640626,3.73135765635647,BEREKUM WEST,transition_zone,TZ,TRANSITION ZONE,1
Berekum_West,2017,17.0998696875,343.705874640626,4.97514617851073,BEREKUM WEST,transition_zone,TZ,TRANSITION ZONE,1
Berekum_West,2018,10.4736813125,343.705874640626,3.04728027225346,BEREKUM WEST,transition_zone,TZ,TRANSITION ZONE,1
Berekum_West,2019,12.3973739375,343.705874640626,3.60697178960426,BEREKUM WEST,transition_zone,TZ,TRANSITION ZONE,1
Berekum_West,2020,2.9924678125,343.705874640626,0.870647851343501,BEREKUM WEST,transition_zone,TZ,TRANSITION ZONE,1
Berekum_West,2021,0.213748703125,343.705874640626,0.0621894238346937,BEREKUM WEST,transition_zone,TZ,TRANSITION ZONE,1
Berekum_West,2022,0,343.705874640626,0,BEREKUM WEST,transition_zone,TZ,TRANSITION ZONE,1
Berekum_West,2023,0,343.705874640626,0,BEREKUM WEST,transition_zone,TZ,TRANSITION ZONE,1
Berekum_West,2024,0,343.705874640626,0,BEREKUM WEST,transition_zone,TZ,TRANSITION ZONE,1
Bia_East,2001,0,672.852594593748,0,BIA EAST,transition_zone,TZ,TRANSITION ZONE,0.999999999174713
Bia_East,2002,0,672.852594593748,0,BIA EAST,transition_zone,TZ,TRANSITION ZONE,0.999999999174713
Bia_East,2003,0,672.852594593748,0,BIA EAST,transition_zone,TZ,TRANSITION ZONE,0.999999999174713
Bia_East,2004,0,672.852594593748,0,BIA EAST,transition_zone,TZ,TRANSITION ZONE,0.999999999174713
Bia_East,2005,0,672.852594593748,0,BIA EAST,transition_zone,TZ,TRANSITION ZONE,0.999999999174713
Bia_East,2006,0,672.852594593748,0,BIA EAST,transition_zone,TZ,TRANSITION ZONE,0.999999999174713
Bia_East,2007,0.6412130625,672.852594593748,0.0952977022979526,BIA EAST,transition_zone,TZ,TRANSITION ZONE,0.999999999174713
Bia_East,2008,0,672.852594593748,0,BIA EAST,transition_zone,TZ,TRANSITION ZONE,0.999999999174713
Bia_East,2009,0,672.852594593748,0,BIA EAST,transition_zone,TZ,TRANSITION ZONE,0.999999999174713
Bia_East,2010,0,672.852594593748,0,BIA EAST,transition_zone,TZ,TRANSITION ZONE,0.999999999174713
Bia_East,2011,0,672.852594593748,0,BIA EAST,transition_zone,TZ,TRANSITION ZONE,0.999999999174713
Bia_East,2012,0,672.852594593748,0,BIA EAST,transition_zone,TZ,TRANSITION ZONE,0.999999999174713
Bia_East,2013,0,672.852594593748,0,BIA EAST,transition_zone,TZ,TRANSITION ZONE,0.999999999174713
Bia_East,2014,0.85495384375,672.852594593748,0.127064062860039,BIA EAST,transition_zone,TZ,TRANSITION ZONE,0.999999999174713
Bia_East,2015,0,672.852594593748,0,BIA EAST,transition_zone,TZ,TRANSITION ZONE,0.999999999174713
Bia_East,2016,1.923641484375,672.852594593748,0.28589344825763,BIA EAST,transition_zone,TZ,TRANSITION ZONE,0.999999999174713
Bia_East,2017,0,672.852594593748,0,BIA EAST,transition_zone,TZ,TRANSITION ZONE,0.999999999174713
Bia_East,2018,0,672.852594593748,0,BIA EAST,transition_zone,TZ,TRANSITION ZONE,0.999999999174713
Bia_East,2019,0,672.852594593748,0,BIA EAST,transition_zone,TZ,TRANSITION ZONE,0.999999999174713
Bia_East,2020,10.68698425,672.852594593748,1.58830988181781,BIA EAST,transition_zone,TZ,TRANSITION ZONE,0.999999999174713
Bia_East,2021,0,672.852594593748,0,BIA EAST,transition_zone,TZ,TRANSITION ZONE,0.999999999174713
Bia_East,2022,0,672.852594593748,0,BIA EAST,transition_zone,TZ,TRANSITION ZONE,0.999999999174713
Bia_East,2023,0,672.852594593748,0,BIA EAST,transition_zone,TZ,TRANSITION ZONE,0.999999999174713
Bia_East,2024,0,672.852594593748,0,BIA EAST,transition_zone,TZ,TRANSITION ZONE,0.999999999174713
Bia_West,2001,0,1102.02828382814,0,BIA WEST,forest_zone,FZ,FOREST ZONE,0.999999999221623
Bia_West,2002,0,1102.02828382814,0,BIA WEST,forest_zone,FZ,FOREST ZONE,0.999999999221623
Bia_West,2003,0,1102.02828382814,0,BIA WEST,forest_zone,FZ,FOREST ZONE,0.999999999221623
Bia_West,2004,0,1102.02828382814,0,BIA WEST,forest_zone,FZ,FOREST ZONE,0.999999999221623
Bia_West,2005,0,1102.02828382814,0,BIA WEST,forest_zone,FZ,FOREST ZONE,0.999999999221623
Bia_West,2006,0,1102.02828382814,0,BIA WEST,forest_zone,FZ,FOREST ZONE,0.999999999221623
Bia_West,2007,0,1102.02828382814,0,BIA WEST,forest_zone,FZ,FOREST ZONE,0.999999999221623
Bia_West,2008,0,1102.02828382814,0,BIA WEST,forest_zone,FZ,FOREST ZONE,0.999999999221623
Bia_West,2009,0,1102.02828382814,0,BIA WEST,forest_zone,FZ,FOREST ZONE,0.999999999221623
Bia_West,2010,0,1102.02828382814,0,BIA WEST,forest_zone,FZ,FOREST ZONE,0.999999999221623
Bia_West,2011,0,1102.02828382814,0,BIA WEST,forest_zone,FZ,FOREST ZONE,0.999999999221623
Bia_West,2012,0,1102.02828382814,0,BIA WEST,forest_zone,FZ,FOREST ZONE,0.999999999221623
Bia_West,2013,0,1102.02828382814,0,BIA WEST,forest_zone,FZ,FOREST ZONE,0.999999999221623
Bia_West,2014,0,1102.02828382814,0,BIA WEST,forest_zone,FZ,FOREST ZONE,0.999999999221623
Bia_West,2015,0,1102.02828382814,0,BIA WEST,forest_zone,FZ,FOREST ZONE,0.999999999221623
Bia_West,2016,0.64121240625,1102.02828382814,0.0581847503970228,BIA WEST,forest_zone,FZ,FOREST ZONE,0.999999999221623
Bia_West,2017,0,1102.02828382814,0,BIA WEST,forest_zone,FZ,FOREST ZONE,0.999999999221623
Bia_West,2018,0,1102.02828382814,0,BIA WEST,forest_zone,FZ,FOREST ZONE,0.999999999221623
Bia_West,2019,0,1102.02828382814,0,BIA WEST,forest_zone,FZ,FOREST ZONE,0.999999999221623
Bia_West,2020,0,1102.02828382814,0,BIA WEST,forest_zone,FZ,FOREST ZONE,0.999999999221623
Bia_West,2021,0,1102.02828382814,0,BIA WEST,forest_zone,FZ,FOREST ZONE,0.999999999221623
Bia_West,2022,0,1102.02828382814,0,BIA WEST,forest_zone,FZ,FOREST ZONE,0.999999999221623
Bia_West,2023,0,1102.02828382814,0,BIA WEST,forest_zone,FZ,FOREST ZONE,0.999999999221623
Bia_West,2024,0,1102.02828382814,0,BIA WEST,forest_zone,FZ,FOREST ZONE,0.999999999221623
Biakoye,2001,122.263870046875,672.018474140624,18.1935281173967,BIAKOYE,forest_zone,FZ,FOREST ZONE,0.999999998766187
Biakoye,2002,157.318296703125,672.018474140624,23.4098172530604,BIAKOYE,forest_zone,FZ,FOREST ZONE,0.999999998766187
Biakoye,2003,86.139907765625,672.018474140624,12.8180862699914,BIAKOYE,forest_zone,FZ,FOREST ZONE,0.999999998766187
Biakoye,2004,231.7019513125,672.018474140624,34.4785091821769,BIAKOYE,forest_zone,FZ,FOREST ZONE,0.999999998766187
Biakoye,2005,79.30041575,672.018474140624,11.8003326993963,BIAKOYE,forest_zone,FZ,FOREST ZONE,0.999999998766187
Biakoye,2006,159.883271875,672.018474140624,23.7914994940367,BIAKOYE,forest_zone,FZ,FOREST ZONE,0.999999998766187
Biakoye,2007,87.8498430156249,672.018474140624,13.0725339251971,BIAKOYE,forest_zone,FZ,FOREST ZONE,0.999999998766187
Biakoye,2008,125.89726328125,672.018474140624,18.7341967707431,BIAKOYE,forest_zone,FZ,FOREST ZONE,0.999999998766187
Biakoye,2009,58.13941453125,672.018474140624,8.65146075122393,BIAKOYE,forest_zone,FZ,FOREST ZONE,0.999999998766187
Biakoye,2010,83.147993265625,672.018474140624,12.3728731374468,BIAKOYE,forest_zone,FZ,FOREST ZONE,0.999999998766187
Biakoye,2011,101.316258171875,672.018474140624,15.0764096629096,BIAKOYE,forest_zone,FZ,FOREST ZONE,0.999999998766187
Biakoye,2012,86.567929203125,672.018474140624,12.8817781853137,BIAKOYE,forest_zone,FZ,FOREST ZONE,0.999999998766187
Biakoye,2013,66.903196984375,672.018474140624,9.95555919350739,BIAKOYE,forest_zone,FZ,FOREST ZONE,0.999999998766187
Biakoye,2014,100.2474210625,672.018474140624,14.9173608940879,BIAKOYE,forest_zone,FZ,FOREST ZONE,0.999999998766187
Biakoye,2015,115.42363109375,672.018474140624,17.1756633984435,BIAKOYE,forest_zone,FZ,FOREST ZONE,0.999999998766187
Biakoye,2016,238.113720015625,672.018474140624,35.4326152000694,BIAKOYE,forest_zone,FZ,FOREST ZONE,0.999999998766187
Biakoye,2017,144.9203106875,672.018474140624,21.5649295762031,BIAKOYE,forest_zone,FZ,FOREST ZONE,0.999999998766187
Biakoye,2018,52.154514828125,672.018474140624,7.7608751596926,BIAKOYE,forest_zone,FZ,FOREST ZONE,0.999999998766187
Biakoye,2019,164.79841115625,672.018474140624,24.52289892283,BIAKOYE,forest_zone,FZ,FOREST ZONE,0.999999998766187
Biakoye,2020,322.971588015625,672.018474140624,48.0599269876681,BIAKOYE,forest_zone,FZ,FOREST ZONE,0.999999998766187
Biakoye,2021,73.956527640625,672.018474140624,11.0051331156038,BIAKOYE,forest_zone,FZ,FOREST ZONE,0.999999998766187
Biakoye,2022,95.5452395625,672.018474140624,14.2176507401352,BIAKOYE,forest_zone,FZ,FOREST ZONE,0.999999998766187
Biakoye,2023,213.10589334375,672.018474140624,31.7113147248324,BIAKOYE,forest_zone,FZ,FOREST ZONE,0.999999998766187
Biakoye,2024,157.318208421875,672.018474140624,23.4098041163308,BIAKOYE,forest_zone,FZ,FOREST ZONE,0.999999998766187
Bibiani_Anhwiaso_Bekwai_Municipal,2001,0,695.488920250007,0,BIBIANI-ANHWIASO-BEKWAI MUNICIPAL,forest_zone,FZ,FOREST ZONE,0.999999999999999
Bibiani_Anhwiaso_Bekwai_Municipal,2002,0,695.488920250007,0,BIBIANI-ANHWIASO-BEKWAI MUNICIPAL,forest_zone,FZ,FOREST ZONE,0.999999999999999
Bibiani_Anhwiaso_Bekwai_Municipal,2003,0.427464234375,695.488920250007,0.0614624075134568,BIBIANI-ANHWIASO-BEKWAI MUNICIPAL,forest_zone,FZ,FOREST ZONE,0.999999999999999
Bibiani_Anhwiaso_Bekwai_Municipal,2004,0,695.488920250007,0,BIBIANI-ANHWIASO-BEKWAI MUNICIPAL,forest_zone,FZ,FOREST ZONE,0.999999999999999
Bibiani_Anhwiaso_Bekwai_Municipal,2005,0,695.488920250007,0,BIBIANI-ANHWIASO-BEKWAI MUNICIPAL,forest_zone,FZ,FOREST ZONE,0.999999999999999
Bibiani_Anhwiaso_Bekwai_Municipal,2006,0,695.488920250007,0,BIBIANI-ANHWIASO-BEKWAI MUNICIPAL,forest_zone,FZ,FOREST ZONE,0.999999999999999
Bibiani_Anhwiaso_Bekwai_Municipal,2007,2.992271890625,695.488920250007,0.430240051782474,BIBIANI-ANHWIASO-BEKWAI MUNICIPAL,forest_zone,FZ,FOREST ZONE,0.999999999999999
Bibiani_Anhwiaso_Bekwai_Municipal,2008,0.85493225,695.488920250007,0.122925358709191,BIBIANI-ANHWIASO-BEKWAI MUNICIPAL,forest_zone,FZ,FOREST ZONE,0.999999999999999
Bibiani_Anhwiaso_Bekwai_Municipal,2009,0,695.488920250007,0,BIBIANI-ANHWIASO-BEKWAI MUNICIPAL,forest_zone,FZ,FOREST ZONE,0.999999999999999
Bibiani_Anhwiaso_Bekwai_Municipal,2010,0,695.488920250007,0,BIBIANI-ANHWIASO-BEKWAI MUNICIPAL,forest_zone,FZ,FOREST ZONE,0.999999999999999
Bibiani_Anhwiaso_Bekwai_Municipal,2011,0,695.488920250007,0,BIBIANI-ANHWIASO-BEKWAI MUNICIPAL,forest_zone,FZ,FOREST ZONE,0.999999999999999
Bibiani_Anhwiaso_Bekwai_Municipal,2012,5.343334859375,695.488920250007,0.768284684888185,BIBIANI-ANHWIASO-BEKWAI MUNICIPAL,forest_zone,FZ,FOREST ZONE,0.999999999999999
Bibiani_Anhwiaso_Bekwai_Municipal,2013,0,695.488920250007,0,BIBIANI-ANHWIASO-BEKWAI MUNICIPAL,forest_zone,FZ,FOREST ZONE,0.999999999999999
Bibiani_Anhwiaso_Bekwai_Municipal,2014,0.854933921875,695.488920250007,0.122925599097636,BIBIANI-ANHWIASO-BEKWAI MUNICIPAL,forest_zone,FZ,FOREST ZONE,0.999999999999999
Bibiani_Anhwiaso_Bekwai_Municipal,2015,0.2137336875,695.488920250007,0.030731429542137,BIBIANI-ANHWIASO-BEKWAI MUNICIPAL,forest_zone,FZ,FOREST ZONE,0.999999999999999
Bibiani_Anhwiaso_Bekwai_Municipal,2016,30.35016234375,695.488920250007,4.36385993508568,BIBIANI-ANHWIASO-BEKWAI MUNICIPAL,forest_zone,FZ,FOREST ZONE,0.999999999999999
Bibiani_Anhwiaso_Bekwai_Municipal,2017,0,695.488920250007,0,BIBIANI-ANHWIASO-BEKWAI MUNICIPAL,forest_zone,FZ,FOREST ZONE,0.999999999999999
Bibiani_Anhwiaso_Bekwai_Municipal,2018,0,695.488920250007,0,BIBIANI-ANHWIASO-BEKWAI MUNICIPAL,forest_zone,FZ,FOREST ZONE,0.999999999999999
Bibiani_Anhwiaso_Bekwai_Municipal,2019,0.2137336875,695.488920250007,0.030731429542137,BIBIANI-ANHWIASO-BEKWAI MUNICIPAL,forest_zone,FZ,FOREST ZONE,0.999999999999999
Bibiani_Anhwiaso_Bekwai_Municipal,2020,3.847195515625,695.488920250007,0.553164170356884,BIBIANI-ANHWIASO-BEKWAI MUNICIPAL,forest_zone,FZ,FOREST ZONE,0.999999999999999
Bibiani_Anhwiaso_Bekwai_Municipal,2021,0,695.488920250007,0,BIBIANI-ANHWIASO-BEKWAI MUNICIPAL,forest_zone,FZ,FOREST ZONE,0.999999999999999
Bibiani_Anhwiaso_Bekwai_Municipal,2022,1.068664296875,695.488920250007,0.153656552356125,BIBIANI-ANHWIASO-BEKWAI MUNICIPAL,forest_zone,FZ,FOREST ZONE,0.999999999999999
Bibiani_Anhwiaso_Bekwai_Municipal,2023,0.213733015625,695.488920250007,0.0307313329374348,BIBIANI-ANHWIASO-BEKWAI MUNICIPAL,forest_zone,FZ,FOREST ZONE,0.999999999999999
Bibiani_Anhwiaso_Bekwai_Municipal,2024,0,695.488920250007,0,BIBIANI-ANHWIASO-BEKWAI MUNICIPAL,forest_zone,FZ,FOREST ZONE,0.999999999999999
Binduri,2001,32.2839376875,336.738999421874,9.58722860818802,BINDURI,sudan_savannah,SS,SUDAN SAVANNAH,0.999999999854075
Binduri,2002,48.960427453125,336.738999421874,14.5395773988703,BINDURI,sudan_savannah,SS,SUDAN SAVANNAH,0.999999999854075
Binduri,2003,47.2500789375,336.738999421874,14.0316622127584,BINDURI,sudan_savannah,SS,SUDAN SAVANNAH,0.999999999854075
Binduri,2004,35.490944953125,336.738999421874,10.5396004068602,BINDURI,sudan_savannah,SS,SUDAN SAVANNAH,0.999999999854075
Binduri,2005,77.60983578125,336.738999421874,23.0474747250818,BINDURI,sudan_savannah,SS,SUDAN SAVANNAH,0.999999999854075
Binduri,2006,50.24327509375,336.738999421874,14.9205394029232,BINDURI,sudan_savannah,SS,SUDAN SAVANNAH,0.999999999854075
Binduri,2007,26.938965140625,336.738999421874,7.99995402578103,BINDURI,sudan_savannah,SS,SUDAN SAVANNAH,0.999999999854075
Binduri,2008,55.1608553125,336.738999421874,16.3808930379915,BINDURI,sudan_savannah,SS,SUDAN SAVANNAH,0.999999999854075
Binduri,2009,81.458480859375,336.738999421874,24.190391074163,BINDURI,sudan_savannah,SS,SUDAN SAVANNAH,0.999999999854075
Binduri,2010,52.809016546875,336.738999421874,15.6824771225012,BINDURI,sudan_savannah,SS,SUDAN SAVANNAH,0.999999999854075
Binduri,2011,44.898311046875,336.738999421874,13.3332673447263,BINDURI,sudan_savannah,SS,SUDAN SAVANNAH,0.999999999854075
Binduri,2012,34.635804796875,336.738999421874,10.2856529408055,BINDURI,sudan_savannah,SS,SUDAN SAVANNAH,0.999999999854075
Binduri,2013,38.484215234375,336.738999421874,11.4284996096223,BINDURI,sudan_savannah,SS,SUDAN SAVANNAH,0.999999999854075
Binduri,2014,35.918661,336.738999421874,10.6666174876288,BINDURI,sudan_savannah,SS,SUDAN SAVANNAH,0.999999999854075
Binduri,2015,23.945757015625,336.738999421874,7.11107328130568,BINDURI,sudan_savannah,SS,SUDAN SAVANNAH,0.999999999854075
Binduri,2016,38.05665303125,336.738999421874,11.3015282152014,BINDURI,sudan_savannah,SS,SUDAN SAVANNAH,0.999999999854075
Binduri,2017,34.8496488125,336.738999421874,10.3491573213471,BINDURI,sudan_savannah,SS,SUDAN SAVANNAH,0.999999999854075
Binduri,2018,26.51148834375,336.738999421874,7.873007994104,BINDURI,sudan_savannah,SS,SUDAN SAVANNAH,0.999999999854075
Binduri,2019,17.317893078125,336.738999421874,5.14282370258776,BINDURI,sudan_savannah,SS,SUDAN SAVANNAH,0.999999999854075
Binduri,2020,17.531740046875,336.738999421874,5.20632896010683,BINDURI,sudan_savannah,SS,SUDAN SAVANNAH,0.999999999854075
Binduri,2021,8.12446271875,336.738999421874,2.41268838260444,BINDURI,sudan_savannah,SS,SUDAN SAVANNAH,0.999999999854075
Binduri,2022,7.26926553125,336.738999421874,2.1587239802132,BINDURI,sudan_savannah,SS,SUDAN SAVANNAH,0.999999999854075
Binduri,2023,1.069002578125,336.738999421874,0.317457312625001,BINDURI,sudan_savannah,SS,SUDAN SAVANNAH,0.999999999854075
Binduri,2024,24.37328815625,336.738999421874,7.23803545122333,BINDURI,sudan_savannah,SS,SUDAN SAVANNAH,0.999999999854075
Birim_Central_Municipal,2001,0,82.9272807343748,0,BIRIM CENTRAL MUNICIPAL,forest_zone,FZ,FOREST ZONE,0.999999999999999
Birim_Central_Municipal,2002,0,82.9272807343748,0,BIRIM CENTRAL MUNICIPAL,forest_zone,FZ,FOREST ZONE,0.999999999999999
Birim_Central_Municipal,2003,0.213730453125,82.9272807343748,0.257732378575878,BIRIM CENTRAL MUNICIPAL,forest_zone,FZ,FOREST ZONE,0.999999999999999
Birim_Central_Municipal,2004,0,82.9272807343748,0,BIRIM CENTRAL MUNICIPAL,forest_zone,FZ,FOREST ZONE,0.999999999999999
Birim_Central_Municipal,2005,0,82.9272807343748,0,BIRIM CENTRAL MUNICIPAL,forest_zone,FZ,FOREST ZONE,0.999999999999999
Birim_Central_Municipal,2006,0,82.9272807343748,0,BIRIM CENTRAL MUNICIPAL,forest_zone,FZ,FOREST ZONE,0.999999999999999
Birim_Central_Municipal,2007,0,82.9272807343748,0,BIRIM CENTRAL MUNICIPAL,forest_zone,FZ,FOREST ZONE,0.999999999999999
Birim_Central_Municipal,2008,0,82.9272807343748,0,BIRIM CENTRAL MUNICIPAL,forest_zone,FZ,FOREST ZONE,0.999999999999999
Birim_Central_Municipal,2009,0,82.9272807343748,0,BIRIM CENTRAL MUNICIPAL,forest_zone,FZ,FOREST ZONE,0.999999999999999
Birim_Central_Municipal,2010,0,82.9272807343748,0,BIRIM CENTRAL MUNICIPAL,forest_zone,FZ,FOREST ZONE,0.999999999999999
Birim_Central_Municipal,2011,0,82.9272807343748,0,BIRIM CENTRAL MUNICIPAL,forest_zone,FZ,FOREST ZONE,0.999999999999999
Birim_Central_Municipal,2012,0,82.9272807343748,0,BIRIM CENTRAL MUNICIPAL,forest_zone,FZ,FOREST ZONE,0.999999999999999
Birim_Central_Municipal,2013,0,82.9272807343748,0,BIRIM CENTRAL MUNICIPAL,forest_zone,FZ,FOREST ZONE,0.999999999999999
Birim_Central_Municipal,2014,0,82.9272807343748,0,BIRIM CENTRAL MUNICIPAL,forest_zone,FZ,FOREST ZONE,0.999999999999999
Birim_Central_Municipal,2015,0,82.9272807343748,0,BIRIM CENTRAL MUNICIPAL,forest_zone,FZ,FOREST ZONE,0.999999999999999
Birim_Central_Municipal,2016,0,82.9272807343748,0,BIRIM CENTRAL MUNICIPAL,forest_zone,FZ,FOREST ZONE,0.999999999999999
Birim_Central_Municipal,2017,0,82.9272807343748,0,BIRIM CENTRAL MUNICIPAL,forest_zone,FZ,FOREST ZONE,0.999999999999999
Birim_Central_Municipal,2018,0,82.9272807343748,0,BIRIM CENTRAL MUNICIPAL,forest_zone,FZ,FOREST ZONE,0.999999999999999
Birim_Central_Municipal,2019,0,82.9272807343748,0,BIRIM CENTRAL MUNICIPAL,forest_zone,FZ,FOREST ZONE,0.999999999999999
Birim_Central_Municipal,2020,0,82.9272807343748,0,BIRIM CENTRAL MUNICIPAL,forest_zone,FZ,FOREST ZONE,0.999999999999999
Birim_Central_Municipal,2021,0,82.9272807343748,0,BIRIM CENTRAL MUNICIPAL,forest_zone,FZ,FOREST ZONE,0.999999999999999
Birim_Central_Municipal,2022,0,82.9272807343748,0,BIRIM CENTRAL MUNICIPAL,forest_zone,FZ,FOREST ZONE,0.999999999999999
Birim_Central_Municipal,2023,0,82.9272807343748,0,BIRIM CENTRAL MUNICIPAL,forest_zone,FZ,FOREST ZONE,0.999999999999999
Birim_Central_Municipal,2024,0,82.9272807343748,0,BIRIM CENTRAL MUNICIPAL,forest_zone,FZ,FOREST ZONE,0.999999999999999
Birim_North,2001,0,479.833762265625,0,BIRIM NORTH,forest_zone,FZ,FOREST ZONE,1
Birim_North,2002,0,479.833762265625,0,BIRIM NORTH,forest_zone,FZ,FOREST ZONE,1
Birim_North,2003,0,479.833762265625,0,BIRIM NORTH,forest_zone,FZ,FOREST ZONE,1
Birim_North,2004,0,479.833762265625,0,BIRIM NORTH,forest_zone,FZ,FOREST ZONE,1
Birim_North,2005,0,479.833762265625,0,BIRIM NORTH,forest_zone,FZ,FOREST ZONE,1
Birim_North,2006,0,479.833762265625,0,BIRIM NORTH,forest_zone,FZ,FOREST ZONE,1
Birim_North,2007,0,479.833762265625,0,BIRIM NORTH,forest_zone,FZ,FOREST ZONE,1
Birim_North,2008,1.068678921875,479.833762265625,0.222718575872826,BIRIM NORTH,forest_zone,FZ,FOREST ZONE,1
Birim_North,2009,0,479.833762265625,0,BIRIM NORTH,forest_zone,FZ,FOREST ZONE,1
Birim_North,2010,0,479.833762265625,0,BIRIM NORTH,forest_zone,FZ,FOREST ZONE,1
Birim_North,2011,0,479.833762265625,0,BIRIM NORTH,forest_zone,FZ,FOREST ZONE,1
Birim_North,2012,0,479.833762265625,0,BIRIM NORTH,forest_zone,FZ,FOREST ZONE,1
Birim_North,2013,0,479.833762265625,0,BIRIM NORTH,forest_zone,FZ,FOREST ZONE,1
Birim_North,2014,0,479.833762265625,0,BIRIM NORTH,forest_zone,FZ,FOREST ZONE,1
Birim_North,2015,0,479.833762265625,0,BIRIM NORTH,forest_zone,FZ,FOREST ZONE,1
Birim_North,2016,0,479.833762265625,0,BIRIM NORTH,forest_zone,FZ,FOREST ZONE,1
Birim_North,2017,0,479.833762265625,0,BIRIM NORTH,forest_zone,FZ,FOREST ZONE,1
Birim_North,2018,0,479.833762265625,0,BIRIM NORTH,forest_zone,FZ,FOREST ZONE,1
Birim_North,2019,0,479.833762265625,0,BIRIM NORTH,forest_zone,FZ,FOREST ZONE,1
Birim_North,2020,0,479.833762265625,0,BIRIM NORTH,forest_zone,FZ,FOREST ZONE,1
Birim_North,2021,0,479.833762265625,0,BIRIM NORTH,forest_zone,FZ,FOREST ZONE,1
Birim_North,2022,3.419742515625,479.833762265625,0.7126931834638,BIRIM NORTH,forest_zone,FZ,FOREST ZONE,1
Birim_North,2023,0,479.833762265625,0,BIRIM NORTH,forest_zone,FZ,FOREST ZONE,1
Birim_North,2024,0,479.833762265625,0,BIRIM NORTH,forest_zone,FZ,FOREST ZONE,1
Birim_South,2001,0,264.38322325,0,BIRIM SOUTH,forest_zone,FZ,FOREST ZONE,1
Birim_South,2002,0,264.38322325,0,BIRIM SOUTH,forest_zone,FZ,FOREST ZONE,1
Birim_South,2003,0,264.38322325,0,BIRIM SOUTH,forest_zone,FZ,FOREST ZONE,1
Birim_South,2004,3.633406546875,264.38322325,1.37429542699813,BIRIM SOUTH,forest_zone,FZ,FOREST ZONE,1
Birim_South,2005,0,264.38322325,0,BIRIM SOUTH,forest_zone,FZ,FOREST ZONE,1
Birim_South,2006,0,264.38322325,0,BIRIM SOUTH,forest_zone,FZ,FOREST ZONE,1
Birim_South,2007,0,264.38322325,0,BIRIM SOUTH,forest_zone,FZ,FOREST ZONE,1
Birim_South,2008,0,264.38322325,0,BIRIM SOUTH,forest_zone,FZ,FOREST ZONE,1
Birim_South,2009,0,264.38322325,0,BIRIM SOUTH,forest_zone,FZ,FOREST ZONE,1
Birim_South,2010,0,264.38322325,0,BIRIM SOUTH,forest_zone,FZ,FOREST ZONE,1
Birim_South,2011,0,264.38322325,0,BIRIM SOUTH,forest_zone,FZ,FOREST ZONE,1
Birim_South,2012,0,264.38322325,0,BIRIM SOUTH,forest_zone,FZ,FOREST ZONE,1
Birim_South,2013,0,264.38322325,0,BIRIM SOUTH,forest_zone,FZ,FOREST ZONE,1
Birim_South,2014,0,264.38322325,0,BIRIM SOUTH,forest_zone,FZ,FOREST ZONE,1
Birim_South,2015,0,264.38322325,0,BIRIM SOUTH,forest_zone,FZ,FOREST ZONE,1
Birim_South,2016,0,264.38322325,0,BIRIM SOUTH,forest_zone,FZ,FOREST ZONE,1
Birim_South,2017,0.21372865625,264.38322325,0.0808404760418171,BIRIM SOUTH,forest_zone,FZ,FOREST ZONE,1
Birim_South,2018,0,264.38322325,0,BIRIM SOUTH,forest_zone,FZ,FOREST ZONE,1
Birim_South,2019,0,264.38322325,0,BIRIM SOUTH,forest_zone,FZ,FOREST ZONE,1
Birim_South,2020,0,264.38322325,0,BIRIM SOUTH,forest_zone,FZ,FOREST ZONE,1
Birim_South,2021,0,264.38322325,0,BIRIM SOUTH,forest_zone,FZ,FOREST ZONE,1
Birim_South,2022,0,264.38322325,0,BIRIM SOUTH,forest_zone,FZ,FOREST ZONE,1
Birim_South,2023,0,264.38322325,0,BIRIM SOUTH,forest_zone,FZ,FOREST ZONE,1
Birim_South,2024,0,264.38322325,0,BIRIM SOUTH,forest_zone,FZ,FOREST ZONE,1
Bodi,2001,0,566.392710640627,0,BODI,forest_zone,FZ,FOREST ZONE,1
Bodi,2002,0,566.392710640627,0,BODI,forest_zone,FZ,FOREST ZONE,1
Bodi,2003,0,566.392710640627,0,BODI,forest_zone,FZ,FOREST ZONE,1
Bodi,2004,0,566.392710640627,0,BODI,forest_zone,FZ,FOREST ZONE,1
Bodi,2005,0,566.392710640627,0,BODI,forest_zone,FZ,FOREST ZONE,1
Bodi,2006,0,566.392710640627,0,BODI,forest_zone,FZ,FOREST ZONE,1
Bodi,2007,0,566.392710640627,0,BODI,forest_zone,FZ,FOREST ZONE,1
Bodi,2008,0,566.392710640627,0,BODI,forest_zone,FZ,FOREST ZONE,1
Bodi,2009,0,566.392710640627,0,BODI,forest_zone,FZ,FOREST ZONE,1
Bodi,2010,0,566.392710640627,0,BODI,forest_zone,FZ,FOREST ZONE,1
Bodi,2011,0,566.392710640627,0,BODI,forest_zone,FZ,FOREST ZONE,1
Bodi,2012,0,566.392710640627,0,BODI,forest_zone,FZ,FOREST ZONE,1
Bodi,2013,0,566.392710640627,0,BODI,forest_zone,FZ,FOREST ZONE,1
Bodi,2014,0,566.392710640627,0,BODI,forest_zone,FZ,FOREST ZONE,1
Bodi,2015,0,566.392710640627,0,BODI,forest_zone,FZ,FOREST ZONE,1
Bodi,2016,1.068666921875,566.392710640627,0.188679497775716,BODI,forest_zone,FZ,FOREST ZONE,1
Bodi,2017,0,566.392710640627,0,BODI,forest_zone,FZ,FOREST ZONE,1
Bodi,2018,0,566.392710640627,0,BODI,forest_zone,FZ,FOREST ZONE,1
Bodi,2019,0,566.392710640627,0,BODI,forest_zone,FZ,FOREST ZONE,1
Bodi,2020,0,566.392710640627,0,BODI,forest_zone,FZ,FOREST ZONE,1
Bodi,2021,0,566.392710640627,0,BODI,forest_zone,FZ,FOREST ZONE,1
Bodi,2022,0,566.392710640627,0,BODI,forest_zone,FZ,FOREST ZONE,1
Bodi,2023,0,566.392710640627,0,BODI,forest_zone,FZ,FOREST ZONE,1
Bodi,2024,0,566.392710640627,0,BODI,forest_zone,FZ,FOREST ZONE,1
Bole,2001,3888.38402448428,5295.16910507833,73.4326694260837,BOLE,guinea_savannah,GS,GUINEA SAVANNAH,0.999999999707361
Bole,2002,2991.00168939055,5295.16910507833,56.4854800675209,BOLE,guinea_savannah,GS,GUINEA SAVANNAH,0.999999999707361
Bole,2003,4358.88380856252,5295.16910507833,82.3181228411031,BOLE,guinea_savannah,GS,GUINEA SAVANNAH,0.999999999707361
Bole,2004,1219.956643625,5295.16910507833,23.0390497341247,BOLE,guinea_savannah,GS,GUINEA SAVANNAH,0.999999999707361
Bole,2005,4225.26803437494,5295.16910507833,79.7947704884949,BOLE,guinea_savannah,GS,GUINEA SAVANNAH,0.999999999707361
Bole,2006,4021.56460304685,5295.16910507833,75.9478030491976,BOLE,guinea_savannah,GS,GUINEA SAVANNAH,0.999999999707361
Bole,2007,3897.78937743747,5295.16910507833,73.6102908158173,BOLE,guinea_savannah,GS,GUINEA SAVANNAH,0.999999999707361
Bole,2008,3031.83711973432,5295.16910507833,57.2566628103839,BOLE,guinea_savannah,GS,GUINEA SAVANNAH,0.999999999707361
Bole,2009,2843.92667556238,5295.16910507833,53.7079481151021,BOLE,guinea_savannah,GS,GUINEA SAVANNAH,0.999999999707361
Bole,2010,2101.74057332817,5295.16910507833,39.6916610521937,BOLE,guinea_savannah,GS,GUINEA SAVANNAH,0.999999999707361
Bole,2011,3798.39276460932,5295.16910507833,71.7331720523614,BOLE,guinea_savannah,GS,GUINEA SAVANNAH,0.999999999707361
Bole,2012,2465.79214842178,5295.16910507833,46.5668253362667,BOLE,guinea_savannah,GS,GUINEA SAVANNAH,0.999999999707361
Bole,2013,2800.09665796871,5295.16910507833,52.8802121783661,BOLE,guinea_savannah,GS,GUINEA SAVANNAH,0.999999999707361
Bole,2014,2138.71864137503,5295.16910507833,40.3899969752409,BOLE,guinea_savannah,GS,GUINEA SAVANNAH,0.999999999707361
Bole,2015,2318.06510196878,5295.16910507833,43.776979657659,BOLE,guinea_savannah,GS,GUINEA SAVANNAH,0.999999999707361
Bole,2016,1614.15056687505,5295.16910507833,30.483456426859,BOLE,guinea_savannah,GS,GUINEA SAVANNAH,0.999999999707361
Bole,2017,2206.69750170313,5295.16910507833,41.673787142828,BOLE,guinea_savannah,GS,GUINEA SAVANNAH,0.999999999707361
Bole,2018,1744.75550335939,5295.16910507833,32.9499486935381,BOLE,guinea_savannah,GS,GUINEA SAVANNAH,0.999999999707361
Bole,2019,1196.01907490626,5295.16910507833,22.5869854422442,BOLE,guinea_savannah,GS,GUINEA SAVANNAH,0.999999999707361
Bole,2020,1605.58197167188,5295.16910507833,30.3216373228202,BOLE,guinea_savannah,GS,GUINEA SAVANNAH,0.999999999707361
Bole,2021,564.342103640627,5295.16910507833,10.6576785829067,BOLE,guinea_savannah,GS,GUINEA SAVANNAH,0.999999999707361
Bole,2022,1049.80294948438,5295.16910507833,19.8256737160211,BOLE,guinea_savannah,GS,GUINEA SAVANNAH,0.999999999707361
Bole,2023,983.961283203125,5295.16910507833,18.582244753231,BOLE,guinea_savannah,GS,GUINEA SAVANNAH,0.999999999707361
Bole,2024,1233.4228634375,5295.16910507833,23.2933611554461,BOLE,guinea_savannah,GS,GUINEA SAVANNAH,0.999999999707361
Bolga_East,2001,0,61.3605013593751,0,BOLGA EAST,sudan_savannah,SS,SUDAN SAVANNAH,1
Bolga_East,2002,4.703608625,61.3605013593751,7.66553160550627,BOLGA EAST,sudan_savannah,SS,SUDAN SAVANNAH,1
Bolga_East,2003,10.262376671875,61.3605013593751,16.724727543816,BOLGA EAST,sudan_savannah,SS,SUDAN SAVANNAH,1
Bolga_East,2004,0.6413965,61.3605013593751,1.04529214362751,BOLGA EAST,sudan_savannah,SS,SUDAN SAVANNAH,1
Bolga_East,2005,0,61.3605013593751,0,BOLGA EAST,sudan_savannah,SS,SUDAN SAVANNAH,1
Bolga_East,2006,0,61.3605013593751,0,BOLGA EAST,sudan_savannah,SS,SUDAN SAVANNAH,1
Bolga_East,2007,2.5656015,61.3605013593751,4.18119383505984,BOLGA EAST,sudan_savannah,SS,SUDAN SAVANNAH,1
Bolga_East,2008,1.7103938125,61.3605013593751,2.78745084314516,BOLGA EAST,sudan_savannah,SS,SUDAN SAVANNAH,1
Bolga_East,2009,3.848391859375,61.3605013593751,6.27177381885426,BOLGA EAST,sudan_savannah,SS,SUDAN SAVANNAH,1
Bolga_East,2010,0,61.3605013593751,0,BOLGA EAST,sudan_savannah,SS,SUDAN SAVANNAH,1
Bolga_East,2011,0.427598625,61.3605013593751,0.696862990893194,BOLGA EAST,sudan_savannah,SS,SUDAN SAVANNAH,1
Bolga_East,2012,0,61.3605013593751,0,BOLGA EAST,sudan_savannah,SS,SUDAN SAVANNAH,1
Bolga_East,2013,0.213799546875,61.3605013593751,0.348431877410556,BOLGA EAST,sudan_savannah,SS,SUDAN SAVANNAH,1
Bolga_East,2014,1.282796234375,61.3605013593751,2.09058955835765,BOLGA EAST,sudan_savannah,SS,SUDAN SAVANNAH,1
Bolga_East,2015,0,61.3605013593751,0,BOLGA EAST,sudan_savannah,SS,SUDAN SAVANNAH,1
Bolga_East,2016,11.545164578125,61.3605013593751,18.815303529721,BOLGA EAST,sudan_savannah,SS,SUDAN SAVANNAH,1
Bolga_East,2017,8.338164921875,61.3605013593751,13.5888148518217,BOLGA EAST,sudan_savannah,SS,SUDAN SAVANNAH,1
Bolga_East,2018,2.351788390625,61.3605013593751,3.83273985466822,BOLGA EAST,sudan_savannah,SS,SUDAN SAVANNAH,1
Bolga_East,2019,0.42759740625,61.3605013593751,0.696861004680609,BOLGA EAST,sudan_savannah,SS,SUDAN SAVANNAH,1
Bolga_East,2020,0,61.3605013593751,0,BOLGA EAST,sudan_savannah,SS,SUDAN SAVANNAH,1
Bolga_East,2021,0,61.3605013593751,0,BOLGA EAST,sudan_savannah,SS,SUDAN SAVANNAH,1
Bolga_East,2022,0,61.3605013593751,0,BOLGA EAST,sudan_savannah,SS,SUDAN SAVANNAH,1
Bolga_East,2023,0,61.3605013593751,0,BOLGA EAST,sudan_savannah,SS,SUDAN SAVANNAH,1
Bolga_East,2024,0,61.3605013593751,0,BOLGA EAST,sudan_savannah,SS,SUDAN SAVANNAH,1
Bolgatanga_Municipal,2001,83.59509659375,275.587029140625,30.3334655678201,BOLGATANGA MUNICIPAL,sudan_savannah,SS,SUDAN SAVANNAH,1
Bolgatanga_Municipal,2002,80.815707875,275.587029140625,29.3249316294062,BOLGATANGA MUNICIPAL,sudan_savannah,SS,SUDAN SAVANNAH,1
Bolgatanga_Municipal,2003,85.0917046875,275.587029140625,30.8765274450126,BOLGATANGA MUNICIPAL,sudan_savannah,SS,SUDAN SAVANNAH,1
Bolgatanga_Municipal,2004,91.7194450781249,275.587029140625,33.2814811220026,BOLGATANGA MUNICIPAL,sudan_savannah,SS,SUDAN SAVANNAH,1
Bolgatanga_Municipal,2005,100.485251453125,275.587029140625,36.4622572283145,BOLGATANGA MUNICIPAL,sudan_savannah,SS,SUDAN SAVANNAH,1
Bolgatanga_Municipal,2006,100.271332609375,275.587029140625,36.3846342558484,BOLGATANGA MUNICIPAL,sudan_savannah,SS,SUDAN SAVANNAH,1
Bolgatanga_Municipal,2007,77.181099671875,275.587029140625,28.0060712264115,BOLGATANGA MUNICIPAL,sudan_savannah,SS,SUDAN SAVANNAH,1
Bolgatanga_Municipal,2008,60.932552515625,275.587029140625,22.110094479277,BOLGATANGA MUNICIPAL,sudan_savannah,SS,SUDAN SAVANNAH,1
Bolgatanga_Municipal,2009,96.2092755937501,275.587029140625,34.9106690157964,BOLGATANGA MUNICIPAL,sudan_savannah,SS,SUDAN SAVANNAH,1
Bolgatanga_Municipal,2010,113.740744703125,275.587029140625,41.2721691067274,BOLGATANGA MUNICIPAL,sudan_savannah,SS,SUDAN SAVANNAH,1
Bolgatanga_Municipal,2011,114.809752515625,275.587029140625,41.6600711846422,BOLGATANGA MUNICIPAL,sudan_savannah,SS,SUDAN SAVANNAH,1
Bolgatanga_Municipal,2012,77.1810939843751,275.587029140625,28.0060691626352,BOLGATANGA MUNICIPAL,sudan_savannah,SS,SUDAN SAVANNAH,1
Bolgatanga_Municipal,2013,107.326744234375,275.587029140625,38.9447734782934,BOLGATANGA MUNICIPAL,sudan_savannah,SS,SUDAN SAVANNAH,1
Bolgatanga_Municipal,2014,106.4715763125,275.587029140625,38.6344657237733,BOLGATANGA MUNICIPAL,sudan_savannah,SS,SUDAN SAVANNAH,1
Bolgatanga_Municipal,2015,58.36684265625,275.587029140625,21.1790964321716,BOLGATANGA MUNICIPAL,sudan_savannah,SS,SUDAN SAVANNAH,1
Bolgatanga_Municipal,2016,118.0167655,275.587029140625,42.8237736253468,BOLGATANGA MUNICIPAL,sudan_savannah,SS,SUDAN SAVANNAH,1
Bolgatanga_Municipal,2017,104.547307,275.587029140625,37.9362219354134,BOLGATANGA MUNICIPAL,sudan_savannah,SS,SUDAN SAVANNAH,1
Bolgatanga_Municipal,2018,88.51259040625,275.587029140625,32.1178361268535,BOLGATANGA MUNICIPAL,sudan_savannah,SS,SUDAN SAVANNAH,1
Bolgatanga_Municipal,2019,66.0636436718751,275.587029140625,23.9719713507142,BOLGATANGA MUNICIPAL,sudan_savannah,SS,SUDAN SAVANNAH,1
Bolgatanga_Municipal,2020,45.111327734375,275.587029140625,16.3691766898637,BOLGATANGA MUNICIPAL,sudan_savannah,SS,SUDAN SAVANNAH,1
Bolgatanga_Municipal,2021,53.44952503125,275.587029140625,19.3947898048482,BOLGATANGA MUNICIPAL,sudan_savannah,SS,SUDAN SAVANNAH,1
Bolgatanga_Municipal,2022,38.269831984375,275.587029140625,13.8866593626389,BOLGATANGA MUNICIPAL,sudan_savannah,SS,SUDAN SAVANNAH,1
Bolgatanga_Municipal,2023,46.82177234375,275.587029140625,16.9898316657922,BOLGATANGA MUNICIPAL,sudan_savannah,SS,SUDAN SAVANNAH,1
Bolgatanga_Municipal,2024,71.6224130625,275.587029140625,25.9890363076387,BOLGATANGA MUNICIPAL,sudan_savannah,SS,SUDAN SAVANNAH,1
Bongo,2001,44.684679828125,357.690661328124,12.4925486346802,BONGO,sudan_savannah,SS,SUDAN SAVANNAH,0.999999998922347
Bongo,2002,78.4654852812501,357.690661328124,21.9366882517714,BONGO,sudan_savannah,SS,SUDAN SAVANNAH,0.999999998922347
Bongo,2003,70.5547516718751,357.690661328124,19.7250751277379,BONGO,sudan_savannah,SS,SUDAN SAVANNAH,0.999999998922347
Bongo,2004,52.167807828125,357.690661328124,14.5846155542399,BONGO,sudan_savannah,SS,SUDAN SAVANNAH,0.999999998922347
Bongo,2005,63.713119921875,357.690661328124,17.8123520712855,BONGO,sudan_savannah,SS,SUDAN SAVANNAH,0.999999998922347
Bongo,2006,54.733380953125,357.690661328124,15.3018758582897,BONGO,sudan_savannah,SS,SUDAN SAVANNAH,0.999999998922347
Bongo,2007,39.12583378125,357.690661328124,10.9384554899962,BONGO,sudan_savannah,SS,SUDAN SAVANNAH,0.999999998922347
Bongo,2008,43.188049640625,357.690661328124,12.0741339682354,BONGO,sudan_savannah,SS,SUDAN SAVANNAH,0.999999998922347
Bongo,2009,67.3477032343751,357.690661328124,18.8284768141023,BONGO,sudan_savannah,SS,SUDAN SAVANNAH,0.999999998922347
Bongo,2010,63.0716792656251,357.690661328124,17.6330237505885,BONGO,sudan_savannah,SS,SUDAN SAVANNAH,0.999999998922347
Bongo,2011,52.809135796875,357.690661328124,14.7639123707597,BONGO,sudan_savannah,SS,SUDAN SAVANNAH,0.999999998922347
Bongo,2012,38.911988984375,357.690661328124,10.878670647954,BONGO,sudan_savannah,SS,SUDAN SAVANNAH,0.999999998922347
Bongo,2013,51.098749234375,357.690661328124,14.2857375824806,BONGO,sudan_savannah,SS,SUDAN SAVANNAH,0.999999998922347
Bongo,2014,19.242145578125,357.690661328124,5.37954933088774,BONGO,sudan_savannah,SS,SUDAN SAVANNAH,0.999999998922347
Bongo,2015,9.193505421875,357.690661328124,2.57023915238353,BONGO,sudan_savannah,SS,SUDAN SAVANNAH,0.999999998922347
Bongo,2016,33.78077825,357.690661328124,9.4441320118815,BONGO,sudan_savannah,SS,SUDAN SAVANNAH,0.999999998922347
Bongo,2017,24.159637,357.690661328124,6.75433820673261,BONGO,sudan_savannah,SS,SUDAN SAVANNAH,0.999999998922347
Bongo,2018,10.69009328125,357.690661328124,2.98864198510443,BONGO,sudan_savannah,SS,SUDAN SAVANNAH,0.999999998922347
Bongo,2019,12.18670246875,357.690661328124,3.40705078055439,BONGO,sudan_savannah,SS,SUDAN SAVANNAH,0.999999998922347
Bongo,2020,5.558847953125,357.690661328124,1.55409367761649,BONGO,sudan_savannah,SS,SUDAN SAVANNAH,0.999999998922347
Bongo,2021,19.6697784375,357.690661328124,5.49910315367617,BONGO,sudan_savannah,SS,SUDAN SAVANNAH,0.999999998922347
Bongo,2022,1.069006484375,357.690661328124,0.298863403479902,BONGO,sudan_savannah,SS,SUDAN SAVANNAH,0.999999998922347
Bongo,2023,4.276027640625,357.690661328124,1.19545409006427,BONGO,sudan_savannah,SS,SUDAN SAVANNAH,0.999999998922347
Bongo,2024,6.62785334375,357.690661328124,1.85295677531542,BONGO,sudan_savannah,SS,SUDAN SAVANNAH,0.999999998922347
Bosome_Freho,2001,0,486.458152078124,0,BOSOME FREHO,forest_zone,FZ,FOREST ZONE,1
Bosome_Freho,2002,0,486.458152078124,0,BOSOME FREHO,forest_zone,FZ,FOREST ZONE,1
Bosome_Freho,2003,0,486.458152078124,0,BOSOME FREHO,forest_zone,FZ,FOREST ZONE,1
Bosome_Freho,2004,0.641195609375,486.458152078124,0.131808996649731,BOSOME FREHO,forest_zone,FZ,FOREST ZONE,1
Bosome_Freho,2005,0,486.458152078124,0,BOSOME FREHO,forest_zone,FZ,FOREST ZONE,1
Bosome_Freho,2006,12.6103036875,486.458152078124,2.59226896160121,BOSOME FREHO,forest_zone,FZ,FOREST ZONE,1
Bosome_Freho,2007,1.496138234375,486.458152078124,0.307557439007564,BOSOME FREHO,forest_zone,FZ,FOREST ZONE,1
Bosome_Freho,2008,3.63349021875,486.458152078124,0.746927603788305,BOSOME FREHO,forest_zone,FZ,FOREST ZONE,1
Bosome_Freho,2009,0,486.458152078124,0,BOSOME FREHO,forest_zone,FZ,FOREST ZONE,1
Bosome_Freho,2010,0.427470171875,486.458152078124,0.0878739867034543,BOSOME FREHO,forest_zone,FZ,FOREST ZONE,1
Bosome_Freho,2011,1.92361715625,486.458152078124,0.395433224426892,BOSOME FREHO,forest_zone,FZ,FOREST ZONE,1
Bosome_Freho,2012,1.068674125,486.458152078124,0.219684698557251,BOSOME FREHO,forest_zone,FZ,FOREST ZONE,1
Bosome_Freho,2013,0,486.458152078124,0,BOSOME FREHO,forest_zone,FZ,FOREST ZONE,1
Bosome_Freho,2014,5.12957215625,486.458152078124,1.05447346998642,BOSOME FREHO,forest_zone,FZ,FOREST ZONE,1
Bosome_Freho,2015,3.63347346875,486.458152078124,0.746924160532204,BOSOME FREHO,forest_zone,FZ,FOREST ZONE,1
Bosome_Freho,2016,14.7476966875,486.458152078124,3.0316475578626,BOSOME FREHO,forest_zone,FZ,FOREST ZONE,1
Bosome_Freho,2017,0.2137318125,486.458152078124,0.0439363204392708,BOSOME FREHO,forest_zone,FZ,FOREST ZONE,1
Bosome_Freho,2018,0,486.458152078124,0,BOSOME FREHO,forest_zone,FZ,FOREST ZONE,1
Bosome_Freho,2019,0,486.458152078124,0,BOSOME FREHO,forest_zone,FZ,FOREST ZONE,1
Bosome_Freho,2020,21.800703984375,486.458152078124,4.48151683577375,BOSOME FREHO,forest_zone,FZ,FOREST ZONE,1
Bosome_Freho,2021,0.64119896875,486.458152078124,0.131809687228147,BOSOME FREHO,forest_zone,FZ,FOREST ZONE,1
Bosome_Freho,2022,6.839502515625,486.458152078124,1.40597962772481,BOSOME FREHO,forest_zone,FZ,FOREST ZONE,1
Bosome_Freho,2023,6.198323234375,486.458152078124,1.27417398760738,BOSOME FREHO,forest_zone,FZ,FOREST ZONE,1
Bosome_Freho,2024,0.4274710625,486.458152078124,0.0878741697870343,BOSOME FREHO,forest_zone,FZ,FOREST ZONE,1
Bosomtwe,2001,4.702201578125,310.345549265623,1.51515031849237,BOSOMTWE,forest_zone,FZ,FOREST ZONE,1
Bosomtwe,2002,0,310.345549265623,0,BOSOMTWE,forest_zone,FZ,FOREST ZONE,1
Bosomtwe,2003,0.213736703125,310.345549265623,0.0688705552990108,BOSOMTWE,forest_zone,FZ,FOREST ZONE,1
Bosomtwe,2004,0,310.345549265623,0,BOSOMTWE,forest_zone,FZ,FOREST ZONE,1
Bosomtwe,2005,0,310.345549265623,0,BOSOMTWE,forest_zone,FZ,FOREST ZONE,1
Bosomtwe,2006,0.854944421875,310.345549265623,0.275481450885335,BOSOMTWE,forest_zone,FZ,FOREST ZONE,1
Bosomtwe,2007,0.641208984375,310.345549265623,0.206611303397875,BOSOMTWE,forest_zone,FZ,FOREST ZONE,1
Bosomtwe,2008,0,310.345549265623,0,BOSOMTWE,forest_zone,FZ,FOREST ZONE,1
Bosomtwe,2009,0,310.345549265623,0,BOSOMTWE,forest_zone,FZ,FOREST ZONE,1
Bosomtwe,2010,0,310.345549265623,0,BOSOMTWE,forest_zone,FZ,FOREST ZONE,1
Bosomtwe,2011,1.068678359375,310.345549265623,0.344351115040584,BOSOMTWE,forest_zone,FZ,FOREST ZONE,1
Bosomtwe,2012,0,310.345549265623,0,BOSOMTWE,forest_zone,FZ,FOREST ZONE,1
Bosomtwe,2013,0,310.345549265623,0,BOSOMTWE,forest_zone,FZ,FOREST ZONE,1
Bosomtwe,2014,0,310.345549265623,0,BOSOMTWE,forest_zone,FZ,FOREST ZONE,1
Bosomtwe,2015,1.0686779375,310.345549265623,0.3443509791034,BOSOMTWE,forest_zone,FZ,FOREST ZONE,1
Bosomtwe,2016,12.8241735,310.345549265623,4.13222407421214,BOSOMTWE,forest_zone,FZ,FOREST ZONE,1
Bosomtwe,2017,0.213737234375,310.345549265623,0.0688707264791683,BOSOMTWE,forest_zone,FZ,FOREST ZONE,1
Bosomtwe,2018,0,310.345549265623,0,BOSOMTWE,forest_zone,FZ,FOREST ZONE,1
Bosomtwe,2019,0,310.345549265623,0,BOSOMTWE,forest_zone,FZ,FOREST ZONE,1
Bosomtwe,2020,1.068682703125,310.345549265623,0.344352514690107,BOSOMTWE,forest_zone,FZ,FOREST ZONE,1
Bosomtwe,2021,0,310.345549265623,0,BOSOMTWE,forest_zone,FZ,FOREST ZONE,1
Bosomtwe,2022,3.206046296875,310.345549265623,1.0330569600439,BOSOMTWE,forest_zone,FZ,FOREST ZONE,1
Bosomtwe,2023,0,310.345549265623,0,BOSOMTWE,forest_zone,FZ,FOREST ZONE,1
Bosomtwe,2024,0,310.345549265623,0,BOSOMTWE,forest_zone,FZ,FOREST ZONE,1
Builsa_North,2001,160.56192921875,698.477878453125,22.9874036346486,BUILSA NORTH,sudan_savannah,SS,SUDAN SAVANNAH,1
Builsa_North,2002,51.952839640625,698.477878453125,7.43800788017535,BUILSA NORTH,sudan_savannah,SS,SUDAN SAVANNAH,1
Builsa_North,2003,458.809842921875,698.477878453125,65.6870971974048,BUILSA NORTH,sudan_savannah,SS,SUDAN SAVANNAH,1
Builsa_North,2004,328.820700453126,698.477878453125,47.0767522632706,BUILSA NORTH,sudan_savannah,SS,SUDAN SAVANNAH,1
Builsa_North,2005,413.698698640624,698.477878453125,59.2286042840492,BUILSA NORTH,sudan_savannah,SS,SUDAN SAVANNAH,1
Builsa_North,2006,244.798082140625,698.477878453125,35.0473636592134,BUILSA NORTH,sudan_savannah,SS,SUDAN SAVANNAH,1
Builsa_North,2007,339.938459828125,698.477878453125,48.6684647165872,BUILSA NORTH,sudan_savannah,SS,SUDAN SAVANNAH,1
Builsa_North,2008,265.963926078124,698.477878453125,38.0776448736126,BUILSA NORTH,sudan_savannah,SS,SUDAN SAVANNAH,1
Builsa_North,2009,364.952349078126,698.477878453125,52.249664640255,BUILSA NORTH,sudan_savannah,SS,SUDAN SAVANNAH,1
Builsa_North,2010,345.49691096875,698.477878453125,49.4642595888506,BUILSA NORTH,sudan_savannah,SS,SUDAN SAVANNAH,1
Builsa_North,2011,251.425766203125,698.477878453125,35.9962389589119,BUILSA NORTH,sudan_savannah,SS,SUDAN SAVANNAH,1
Builsa_North,2012,240.736108046875,698.477878453125,34.4658170964581,BUILSA NORTH,sudan_savannah,SS,SUDAN SAVANNAH,1
Builsa_North,2013,345.710967234376,698.477878453125,49.4949056940787,BUILSA NORTH,sudan_savannah,SS,SUDAN SAVANNAH,1
Builsa_North,2014,353.407440343748,698.477878453125,50.5967978723131,BUILSA NORTH,sudan_savannah,SS,SUDAN SAVANNAH,1
Builsa_North,2015,219.570285875,698.477878453125,31.4355389982098,BUILSA NORTH,sudan_savannah,SS,SUDAN SAVANNAH,1
Builsa_North,2016,407.07096621875,698.477878453125,58.2797220608138,BUILSA NORTH,sudan_savannah,SS,SUDAN SAVANNAH,1
Builsa_North,2017,381.842930187501,698.477878453125,54.6678630729359,BUILSA NORTH,sudan_savannah,SS,SUDAN SAVANNAH,1
Builsa_North,2018,288.62712971875,698.477878453125,41.3223007660535,BUILSA NORTH,sudan_savannah,SS,SUDAN SAVANNAH,1
Builsa_North,2019,196.479844375,698.477878453125,28.1297161207355,BUILSA NORTH,sudan_savannah,SS,SUDAN SAVANNAH,1
Builsa_North,2020,160.989766046875,698.477878453125,23.0486563731136,BUILSA NORTH,sudan_savannah,SS,SUDAN SAVANNAH,1
Builsa_North,2021,305.5168615625,698.477878453125,43.7403776106853,BUILSA NORTH,sudan_savannah,SS,SUDAN SAVANNAH,1
Builsa_North,2022,177.666001265625,698.477878453125,25.436167235402,BUILSA NORTH,sudan_savannah,SS,SUDAN SAVANNAH,1
Builsa_North,2023,196.694012296876,698.477878453125,28.1603782116166,BUILSA NORTH,sudan_savannah,SS,SUDAN SAVANNAH,1
Builsa_North,2024,245.867590765626,698.477878453125,35.2004835586395,BUILSA NORTH,sudan_savannah,SS,SUDAN SAVANNAH,1
Builsa_South,2001,433.148680984377,1065.98142695313,40.6337924875894,BUILSA SOUTH,sudan_savannah,SS,SUDAN SAVANNAH,0.999999999439097
Builsa_South,2002,318.126275578125,1065.98142695313,29.8435101714126,BUILSA SOUTH,sudan_savannah,SS,SUDAN SAVANNAH,0.999999999439097
Builsa_South,2003,543.89361584375,1065.98142695313,51.0228041588259,BUILSA SOUTH,sudan_savannah,SS,SUDAN SAVANNAH,0.999999999439097
Builsa_South,2004,671.103069296875,1065.98142695313,62.9563566801606,BUILSA SOUTH,sudan_savannah,SS,SUDAN SAVANNAH,0.999999999439097
Builsa_South,2005,719.420298390625,1065.98142695313,67.489008738823,BUILSA SOUTH,sudan_savannah,SS,SUDAN SAVANNAH,0.999999999439097
Builsa_South,2006,554.156687671876,1065.98142695313,51.9855856453157,BUILSA SOUTH,sudan_savannah,SS,SUDAN SAVANNAH,0.999999999439097
Builsa_South,2007,459.231616281251,1065.98142695313,43.0806395561566,BUILSA SOUTH,sudan_savannah,SS,SUDAN SAVANNAH,0.999999999439097
Builsa_South,2008,488.735024015626,1065.98142695313,45.8483620500376,BUILSA SOUTH,sudan_savannah,SS,SUDAN SAVANNAH,0.999999999439097
Builsa_South,2009,608.247253640626,1065.98142695313,57.0598359653571,BUILSA SOUTH,sudan_savannah,SS,SUDAN SAVANNAH,0.999999999439097
Builsa_South,2010,537.481585468751,1065.98142695313,50.4212898910466,BUILSA SOUTH,sudan_savannah,SS,SUDAN SAVANNAH,0.999999999439097
Builsa_South,2011,552.019305250001,1065.98142695313,51.7850772342092,BUILSA SOUTH,sudan_savannah,SS,SUDAN SAVANNAH,0.999999999439097
Builsa_South,2012,504.984437781252,1065.98142695313,47.3727238592365,BUILSA SOUTH,sudan_savannah,SS,SUDAN SAVANNAH,0.999999999439097
Builsa_South,2013,622.785360156251,1065.98142695313,58.4236595881738,BUILSA SOUTH,sudan_savannah,SS,SUDAN SAVANNAH,0.999999999439097
Builsa_South,2014,662.122805765624,1065.98142695313,62.1139157797671,BUILSA SOUTH,sudan_savannah,SS,SUDAN SAVANNAH,0.999999999439097
Builsa_South,2015,456.452028718751,1065.98142695313,42.8198857107126,BUILSA SOUTH,sudan_savannah,SS,SUDAN SAVANNAH,0.999999999439097
Builsa_South,2016,450.039260906251,1065.98142695313,42.2183022637261,BUILSA SOUTH,sudan_savannah,SS,SUDAN SAVANNAH,0.999999999439097
Builsa_South,2017,589.860877078125,1065.98142695313,55.3350051101841,BUILSA SOUTH,sudan_savannah,SS,SUDAN SAVANNAH,0.999999999439097
Builsa_South,2018,462.8672253125,1065.98142695313,43.4216970023113,BUILSA SOUTH,sudan_savannah,SS,SUDAN SAVANNAH,0.999999999439097
Builsa_South,2019,380.34231421875,1065.98142695313,35.6800132349281,BUILSA SOUTH,sudan_savannah,SS,SUDAN SAVANNAH,0.999999999439097
Builsa_South,2020,376.7067995625,1065.98142695313,35.3389646421171,BUILSA SOUTH,sudan_savannah,SS,SUDAN SAVANNAH,0.999999999439097
Builsa_South,2021,478.045485593751,1065.98142695313,44.8455736194335,BUILSA SOUTH,sudan_savannah,SS,SUDAN SAVANNAH,0.999999999439097
Builsa_South,2022,394.879556968751,1065.98142695313,37.0437558276628,BUILSA SOUTH,sudan_savannah,SS,SUDAN SAVANNAH,0.999999999439097
Builsa_South,2023,437.638628656252,1065.98142695313,41.0549956679026,BUILSA SOUTH,sudan_savannah,SS,SUDAN SAVANNAH,0.999999999439097
Builsa_South,2024,361.100512453124,1065.98142695313,33.8749347148807,BUILSA SOUTH,sudan_savannah,SS,SUDAN SAVANNAH,0.999999999439097
Bunkpurugu_Nakpanduri,2001,119.510940546875,659.984246765624,18.1081504797366,BUNKPURUGU NAKPANDURI,guinea_savannah,GS,GUINEA SAVANNAH,0.999999998862586
Bunkpurugu_Nakpanduri,2002,158.635733390625,659.984246765624,24.0362908914946,BUNKPURUGU NAKPANDURI,guinea_savannah,GS,GUINEA SAVANNAH,0.999999998862586
Bunkpurugu_Nakpanduri,2003,178.946243203125,659.984246765624,27.1137143166802,BUNKPURUGU NAKPANDURI,guinea_savannah,GS,GUINEA SAVANNAH,0.999999998862586
Bunkpurugu_Nakpanduri,2004,125.71142278125,659.984246765624,19.047639909183,BUNKPURUGU NAKPANDURI,guinea_savannah,GS,GUINEA SAVANNAH,0.999999998862586
Bunkpurugu_Nakpanduri,2005,249.284326796875,659.984246765624,37.7712540895543,BUNKPURUGU NAKPANDURI,guinea_savannah,GS,GUINEA SAVANNAH,0.999999998862586
Bunkpurugu_Nakpanduri,2006,124.642494953125,659.984246765624,18.885677281535,BUNKPURUGU NAKPANDURI,guinea_savannah,GS,GUINEA SAVANNAH,0.999999998862586
Bunkpurugu_Nakpanduri,2007,152.22191340625,659.984246765624,23.0644767889903,BUNKPURUGU NAKPANDURI,guinea_savannah,GS,GUINEA SAVANNAH,0.999999998862586
Bunkpurugu_Nakpanduri,2008,203.7462405625,659.984246765624,30.8713793641283,BUNKPURUGU NAKPANDURI,guinea_savannah,GS,GUINEA SAVANNAH,0.999999998862586
Bunkpurugu_Nakpanduri,2009,174.67027178125,659.984246765624,26.4658243946358,BUNKPURUGU NAKPANDURI,guinea_savannah,GS,GUINEA SAVANNAH,0.999999998862586
Bunkpurugu_Nakpanduri,2010,168.47015390625,659.984246765624,25.5263901724729,BUNKPURUGU NAKPANDURI,guinea_savannah,GS,GUINEA SAVANNAH,0.999999998862586
Bunkpurugu_Nakpanduri,2011,233.24983046875,659.984246765624,35.3417269596713,BUNKPURUGU NAKPANDURI,guinea_savannah,GS,GUINEA SAVANNAH,0.999999998862586
Bunkpurugu_Nakpanduri,2012,237.098406296875,659.984246765624,35.9248584278822,BUNKPURUGU NAKPANDURI,guinea_savannah,GS,GUINEA SAVANNAH,0.999999998862586
Bunkpurugu_Nakpanduri,2013,177.877286515625,659.984246765624,26.9517473162951,BUNKPURUGU NAKPANDURI,guinea_savannah,GS,GUINEA SAVANNAH,0.999999998862586
Bunkpurugu_Nakpanduri,2014,193.270204015625,659.984246765624,29.284063212536,BUNKPURUGU NAKPANDURI,guinea_savannah,GS,GUINEA SAVANNAH,0.999999998862586
Bunkpurugu_Nakpanduri,2015,110.7449944375,659.984246765624,16.7799451244824,BUNKPURUGU NAKPANDURI,guinea_savannah,GS,GUINEA SAVANNAH,0.999999998862586
Bunkpurugu_Nakpanduri,2016,210.37355546875,659.984246765624,31.8755419541792,BUNKPURUGU NAKPANDURI,guinea_savannah,GS,GUINEA SAVANNAH,0.999999998862586
Bunkpurugu_Nakpanduri,2017,147.5181099375,659.984246765624,22.3517622822727,BUNKPURUGU NAKPANDURI,guinea_savannah,GS,GUINEA SAVANNAH,0.999999998862586
Bunkpurugu_Nakpanduri,2018,139.18029346875,659.984246765624,21.0884266027301,BUNKPURUGU NAKPANDURI,guinea_savannah,GS,GUINEA SAVANNAH,0.999999998862586
Bunkpurugu_Nakpanduri,2019,187.284003625,659.984246765624,28.3770415040692,BUNKPURUGU NAKPANDURI,guinea_savannah,GS,GUINEA SAVANNAH,0.999999998862586
Bunkpurugu_Nakpanduri,2020,136.187154265625,659.984246765624,20.6349098380811,BUNKPURUGU NAKPANDURI,guinea_savannah,GS,GUINEA SAVANNAH,0.999999998862586
Bunkpurugu_Nakpanduri,2021,135.332222140625,659.984246765624,20.5053715757377,BUNKPURUGU NAKPANDURI,guinea_savannah,GS,GUINEA SAVANNAH,0.999999998862586
Bunkpurugu_Nakpanduri,2022,138.966050140625,659.984246765624,21.0559647175905,BUNKPURUGU NAKPANDURI,guinea_savannah,GS,GUINEA SAVANNAH,0.999999998862586
Bunkpurugu_Nakpanduri,2023,142.601472296874,659.984246765624,21.6067994040342,BUNKPURUGU NAKPANDURI,guinea_savannah,GS,GUINEA SAVANNAH,0.999999998862586
Bunkpurugu_Nakpanduri,2024,126.138538796875,659.984246765624,19.1123560016835,BUNKPURUGU NAKPANDURI,guinea_savannah,GS,GUINEA SAVANNAH,0.999999998862586
Cape_Coast_Metropolitan,2001,0,85.0615544687499,0,CAPE COAST METROPOLITAN,coastal_zone,CZ,COASTAL ZONE,0.999999998904955
Cape_Coast_Metropolitan,2002,0,85.0615544687499,0,CAPE COAST METROPOLITAN,coastal_zone,CZ,COASTAL ZONE,0.999999998904955
Cape_Coast_Metropolitan,2003,0,85.0615544687499,0,CAPE COAST METROPOLITAN,coastal_zone,CZ,COASTAL ZONE,0.999999998904955
Cape_Coast_Metropolitan,2004,0.641168953125,85.0615544687499,0.75377055725046,CAPE COAST METROPOLITAN,coastal_zone,CZ,COASTAL ZONE,0.999999998904955
Cape_Coast_Metropolitan,2005,0,85.0615544687499,0,CAPE COAST METROPOLITAN,coastal_zone,CZ,COASTAL ZONE,0.999999998904955
Cape_Coast_Metropolitan,2006,0,85.0615544687499,0,CAPE COAST METROPOLITAN,coastal_zone,CZ,COASTAL ZONE,0.999999998904955
Cape_Coast_Metropolitan,2007,0,85.0615544687499,0,CAPE COAST METROPOLITAN,coastal_zone,CZ,COASTAL ZONE,0.999999998904955
Cape_Coast_Metropolitan,2008,0,85.0615544687499,0,CAPE COAST METROPOLITAN,coastal_zone,CZ,COASTAL ZONE,0.999999998904955
Cape_Coast_Metropolitan,2009,0,85.0615544687499,0,CAPE COAST METROPOLITAN,coastal_zone,CZ,COASTAL ZONE,0.999999998904955
Cape_Coast_Metropolitan,2010,0,85.0615544687499,0,CAPE COAST METROPOLITAN,coastal_zone,CZ,COASTAL ZONE,0.999999998904955
Cape_Coast_Metropolitan,2011,0,85.0615544687499,0,CAPE COAST METROPOLITAN,coastal_zone,CZ,COASTAL ZONE,0.999999998904955
Cape_Coast_Metropolitan,2012,0,85.0615544687499,0,CAPE COAST METROPOLITAN,coastal_zone,CZ,COASTAL ZONE,0.999999998904955
Cape_Coast_Metropolitan,2013,0,85.0615544687499,0,CAPE COAST METROPOLITAN,coastal_zone,CZ,COASTAL ZONE,0.999999998904955
Cape_Coast_Metropolitan,2014,0,85.0615544687499,0,CAPE COAST METROPOLITAN,coastal_zone,CZ,COASTAL ZONE,0.999999998904955
Cape_Coast_Metropolitan,2015,0,85.0615544687499,0,CAPE COAST METROPOLITAN,coastal_zone,CZ,COASTAL ZONE,0.999999998904955
Cape_Coast_Metropolitan,2016,0,85.0615544687499,0,CAPE COAST METROPOLITAN,coastal_zone,CZ,COASTAL ZONE,0.999999998904955
Cape_Coast_Metropolitan,2017,0,85.0615544687499,0,CAPE COAST METROPOLITAN,coastal_zone,CZ,COASTAL ZONE,0.999999998904955
Cape_Coast_Metropolitan,2018,0.854889296875,85.0615544687499,1.00502430529773,CAPE COAST METROPOLITAN,coastal_zone,CZ,COASTAL ZONE,0.999999998904955
Cape_Coast_Metropolitan,2019,0,85.0615544687499,0,CAPE COAST METROPOLITAN,coastal_zone,CZ,COASTAL ZONE,0.999999998904955
Cape_Coast_Metropolitan,2020,0,85.0615544687499,0,CAPE COAST METROPOLITAN,coastal_zone,CZ,COASTAL ZONE,0.999999998904955
Cape_Coast_Metropolitan,2021,0,85.0615544687499,0,CAPE COAST METROPOLITAN,coastal_zone,CZ,COASTAL ZONE,0.999999998904955
Cape_Coast_Metropolitan,2022,0,85.0615544687499,0,CAPE COAST METROPOLITAN,coastal_zone,CZ,COASTAL ZONE,0.999999998904955
Cape_Coast_Metropolitan,2023,0,85.0615544687499,0,CAPE COAST METROPOLITAN,coastal_zone,CZ,COASTAL ZONE,0.999999998904955
Cape_Coast_Metropolitan,2024,0.213721765625,85.0615544687499,0.251255419630872,CAPE COAST METROPOLITAN,coastal_zone,CZ,COASTAL ZONE,0.999999998904955
Central_Gonja,2001,3883.30408465628,6445.96141124993,60.243985914636,CENTRAL GONJA,guinea_savannah,GS,GUINEA SAVANNAH,1
Central_Gonja,2002,3784.33341207822,6445.96141124993,58.7085955164662,CENTRAL GONJA,guinea_savannah,GS,GUINEA SAVANNAH,1
Central_Gonja,2003,3774.93011918757,6445.96141124993,58.562716689543,CENTRAL GONJA,guinea_savannah,GS,GUINEA SAVANNAH,1
Central_Gonja,2004,2583.60296971878,6445.96141124993,40.0809561970027,CENTRAL GONJA,guinea_savannah,GS,GUINEA SAVANNAH,1
Central_Gonja,2005,4212.08000917194,6445.96141124993,65.3444806824429,CENTRAL GONJA,guinea_savannah,GS,GUINEA SAVANNAH,1
Central_Gonja,2006,3680.65566626568,6445.96141124993,57.100181515855,CENTRAL GONJA,guinea_savannah,GS,GUINEA SAVANNAH,1
Central_Gonja,2007,3094.28838776564,6445.96141124993,48.0035201942922,CENTRAL GONJA,guinea_savannah,GS,GUINEA SAVANNAH,1
Central_Gonja,2008,2836.91545575002,6445.96141124993,44.0107421493222,CENTRAL GONJA,guinea_savannah,GS,GUINEA SAVANNAH,1
Central_Gonja,2009,2407.02780089062,6445.96141124993,37.3416414918294,CENTRAL GONJA,guinea_savannah,GS,GUINEA SAVANNAH,1
Central_Gonja,2010,2005.14530232812,6445.96141124993,31.1070013361948,CENTRAL GONJA,guinea_savannah,GS,GUINEA SAVANNAH,1
Central_Gonja,2011,3742.22480542191,6445.96141124993,58.0553398735947,CENTRAL GONJA,guinea_savannah,GS,GUINEA SAVANNAH,1
Central_Gonja,2012,2730.24737201567,6445.96141124993,42.3559372733856,CENTRAL GONJA,guinea_savannah,GS,GUINEA SAVANNAH,1
Central_Gonja,2013,3409.8157395938,6445.96141124993,52.8984820424577,CENTRAL GONJA,guinea_savannah,GS,GUINEA SAVANNAH,1
Central_Gonja,2014,3189.63194376567,6445.96141124993,49.4826409943893,CENTRAL GONJA,guinea_savannah,GS,GUINEA SAVANNAH,1
Central_Gonja,2015,2783.89898187505,6445.96141124993,43.1882663308595,CENTRAL GONJA,guinea_savannah,GS,GUINEA SAVANNAH,1
Central_Gonja,2016,2544.90809835941,6445.96141124993,39.4806598425777,CENTRAL GONJA,guinea_savannah,GS,GUINEA SAVANNAH,1
Central_Gonja,2017,3154.36016990629,6445.96141124993,48.9354491697869,CENTRAL GONJA,guinea_savannah,GS,GUINEA SAVANNAH,1
Central_Gonja,2018,1776.413533375,6445.96141124993,27.5585505410362,CENTRAL GONJA,guinea_savannah,GS,GUINEA SAVANNAH,1
Central_Gonja,2019,2351.8807126563,6445.96141124993,36.4861121965707,CENTRAL GONJA,guinea_savannah,GS,GUINEA SAVANNAH,1
Central_Gonja,2020,3865.99542067186,6445.96141124993,59.97546640482,CENTRAL GONJA,guinea_savannah,GS,GUINEA SAVANNAH,1
Central_Gonja,2021,2238.58374625006,6445.96141124993,34.7284695552649,CENTRAL GONJA,guinea_savannah,GS,GUINEA SAVANNAH,1
Central_Gonja,2022,2761.24418618757,6445.96141124993,42.8368091277813,CENTRAL GONJA,guinea_savannah,GS,GUINEA SAVANNAH,1
Central_Gonja,2023,2374.32664614066,6445.96141124993,36.8343291971438,CENTRAL GONJA,guinea_savannah,GS,GUINEA SAVANNAH,1
Central_Gonja,2024,3202.67507348445,6445.96141124993,49.6849867561249,CENTRAL GONJA,guinea_savannah,GS,GUINEA SAVANNAH,1
Central_Tongu,2001,10.4729149375,577.504806343741,1.81347667109568,CENTRAL TONGU,coastal_zone,CZ,COASTAL ZONE,0.999999998620572
Central_Tongu,2002,88.2717485156249,577.504806343741,15.2850240458577,CENTRAL TONGU,coastal_zone,CZ,COASTAL ZONE,0.999999998620572
Central_Tongu,2003,122.682444984375,577.504806343741,21.2435366141961,CENTRAL TONGU,coastal_zone,CZ,COASTAL ZONE,0.999999998620572
Central_Tongu,2004,327.865782578126,577.504806343741,56.7728231828731,CENTRAL TONGU,coastal_zone,CZ,COASTAL ZONE,0.999999998620572
Central_Tongu,2005,265.456012640625,577.504806343741,45.966026555045,CENTRAL TONGU,coastal_zone,CZ,COASTAL ZONE,0.999999998620572
Central_Tongu,2006,167.993921828125,577.504806343741,29.0896144902615,CENTRAL TONGU,coastal_zone,CZ,COASTAL ZONE,0.999999998620572
Central_Tongu,2007,107.934888125,577.504806343741,18.6898683680834,CENTRAL TONGU,coastal_zone,CZ,COASTAL ZONE,0.999999998620572
Central_Tongu,2008,159.230655328125,577.504806343741,27.5721783747975,CENTRAL TONGU,coastal_zone,CZ,COASTAL ZONE,0.999999998620572
Central_Tongu,2009,95.3248460625,577.504806343741,16.5063294738643,CENTRAL TONGU,coastal_zone,CZ,COASTAL ZONE,0.999999998620572
Central_Tongu,2010,28.21274740625,577.504806343741,4.88528356757212,CENTRAL TONGU,coastal_zone,CZ,COASTAL ZONE,0.999999998620572
Central_Tongu,2011,58.34904525,577.504806343741,10.1036466898718,CENTRAL TONGU,coastal_zone,CZ,COASTAL ZONE,0.999999998620572
Central_Tongu,2012,155.38361134375,577.504806343741,26.9060291164509,CENTRAL TONGU,coastal_zone,CZ,COASTAL ZONE,0.999999998620572
Central_Tongu,2013,65.18859928125,577.504806343741,11.2879751934824,CENTRAL TONGU,coastal_zone,CZ,COASTAL ZONE,0.999999998620572
Central_Tongu,2014,46.5936860625,577.504806343741,8.06810359856411,CENTRAL TONGU,coastal_zone,CZ,COASTAL ZONE,0.999999998620572
Central_Tongu,2015,218.220829921875,577.504806343741,37.7868422088917,CENTRAL TONGU,coastal_zone,CZ,COASTAL ZONE,0.999999998620572
Central_Tongu,2016,137.857484546875,577.504806343741,23.871227223141,CENTRAL TONGU,coastal_zone,CZ,COASTAL ZONE,0.999999998620572
Central_Tongu,2017,40.3953283125,577.504806343741,6.99480382998856,CENTRAL TONGU,coastal_zone,CZ,COASTAL ZONE,0.999999998620572
Central_Tongu,2018,64.3336327187501,577.504806343741,11.1399302676033,CENTRAL TONGU,coastal_zone,CZ,COASTAL ZONE,0.999999998620572
Central_Tongu,2019,28.853941984375,577.504806343741,4.9963120076962,CENTRAL TONGU,coastal_zone,CZ,COASTAL ZONE,0.999999998620572
Central_Tongu,2020,264.8145834375,577.504806343741,45.8549574875534,CENTRAL TONGU,coastal_zone,CZ,COASTAL ZONE,0.999999998620572
Central_Tongu,2021,13.465177109375,577.504806343741,2.33161299463892,CENTRAL TONGU,coastal_zone,CZ,COASTAL ZONE,0.999999998620572
Central_Tongu,2022,119.262701015625,577.504806343741,20.6513780847458,CENTRAL TONGU,coastal_zone,CZ,COASTAL ZONE,0.999999998620572
Central_Tongu,2023,12.61022984375,577.504806343741,2.1835714101822,CENTRAL TONGU,coastal_zone,CZ,COASTAL ZONE,0.999999998620572
Central_Tongu,2024,37.189454140625,577.504806343741,6.43967872338178,CENTRAL TONGU,coastal_zone,CZ,COASTAL ZONE,0.999999998620572
Chereponi,2001,658.040603406251,1180.96721810937,55.7204800705409,CHEREPONI,guinea_savannah,GS,GUINEA SAVANNAH,0.999999999092672
Chereponi,2002,568.67635134375,1180.96721810937,48.1534408934869,CHEREPONI,guinea_savannah,GS,GUINEA SAVANNAH,0.999999999092672
Chereponi,2003,726.240253890626,1180.96721810937,61.4953779202508,CHEREPONI,guinea_savannah,GS,GUINEA SAVANNAH,0.999999999092672
Chereponi,2004,290.966442921875,1180.96721810937,24.6379779607845,CHEREPONI,guinea_savannah,GS,GUINEA SAVANNAH,0.999999999092672
Chereponi,2005,917.581342828127,1180.96721810937,77.6974439897749,CHEREPONI,guinea_savannah,GS,GUINEA SAVANNAH,0.999999999092672
Chereponi,2006,556.919257015626,1180.96721810937,47.1578929944566,CHEREPONI,guinea_savannah,GS,GUINEA SAVANNAH,0.999999999092672
Chereponi,2007,455.796015234374,1180.96721810937,38.5951454236018,CHEREPONI,guinea_savannah,GS,GUINEA SAVANNAH,0.999999999092672
Chereponi,2008,487.650856953125,1180.96721810937,41.292497325524,CHEREPONI,guinea_savannah,GS,GUINEA SAVANNAH,0.999999999092672
Chereponi,2009,391.232415671874,1180.96721810937,33.1281351143858,CHEREPONI,guinea_savannah,GS,GUINEA SAVANNAH,0.999999999092672
Chereponi,2010,470.54763996875,1180.96721810937,39.8442592438814,CHEREPONI,guinea_savannah,GS,GUINEA SAVANNAH,0.999999999092672
Chereponi,2011,647.351171750001,1180.96721810937,54.8153379554734,CHEREPONI,guinea_savannah,GS,GUINEA SAVANNAH,0.999999999092672
Chereponi,2012,541.953432718751,1180.96721810937,45.8906415358739,CHEREPONI,guinea_savannah,GS,GUINEA SAVANNAH,0.999999999092672
Chereponi,2013,604.805865765625,1180.96721810937,51.212756500885,CHEREPONI,guinea_savannah,GS,GUINEA SAVANNAH,0.999999999092672
Chereponi,2014,578.93850778125,1180.96721810937,49.0224029002333,CHEREPONI,guinea_savannah,GS,GUINEA SAVANNAH,0.999999999092672
Chereponi,2015,665.525202046874,1180.96721810937,56.3542486058442,CHEREPONI,guinea_savannah,GS,GUINEA SAVANNAH,0.999999999092672
Chereponi,2016,684.549832656252,1180.96721810937,57.9651849906691,CHEREPONI,guinea_savannah,GS,GUINEA SAVANNAH,0.999999999092672
Chereponi,2017,994.115734343753,1180.96721810937,84.1780973340864,CHEREPONI,guinea_savannah,GS,GUINEA SAVANNAH,0.999999999092672
Chereponi,2018,521.856423890628,1180.96721810937,44.1889000717631,CHEREPONI,guinea_savannah,GS,GUINEA SAVANNAH,0.999999999092672
Chereponi,2019,730.942007921876,1180.96721810937,61.8935053160965,CHEREPONI,guinea_savannah,GS,GUINEA SAVANNAH,0.999999999092672
Chereponi,2020,668.089989343752,1180.96721810937,56.5714254467886,CHEREPONI,guinea_savannah,GS,GUINEA SAVANNAH,0.999999999092672
Chereponi,2021,571.457150718752,1180.96721810937,48.3889088499517,CHEREPONI,guinea_savannah,GS,GUINEA SAVANNAH,0.999999999092672
Chereponi,2022,745.481393125003,1180.96721810937,63.1246474663759,CHEREPONI,guinea_savannah,GS,GUINEA SAVANNAH,0.999999999092672
Chereponi,2023,549.435575515627,1180.96721810937,46.524202119279,CHEREPONI,guinea_savannah,GS,GUINEA SAVANNAH,0.999999999092672
Chereponi,2024,569.318395968752,1180.96721810937,48.2078068924035,CHEREPONI,guinea_savannah,GS,GUINEA SAVANNAH,0.999999999092672
Daffiama_Bussie_Issa,2001,569.969681578128,1247.26386821874,45.6976022557379,DAFFIAMA BUSSIE ISSA,guinea_savannah,GS,GUINEA SAVANNAH,0.999999999655516
Daffiama_Bussie_Issa,2002,538.755178906248,1247.26386821874,43.1949640035404,DAFFIAMA BUSSIE ISSA,guinea_savannah,GS,GUINEA SAVANNAH,0.999999999655516
Daffiama_Bussie_Issa,2003,506.259839593753,1247.26386821874,40.5896340376445,DAFFIAMA BUSSIE ISSA,guinea_savannah,GS,GUINEA SAVANNAH,0.999999999655516
Daffiama_Bussie_Issa,2004,643.087725906256,1247.26386821874,51.5598777686612,DAFFIAMA BUSSIE ISSA,guinea_savannah,GS,GUINEA SAVANNAH,0.999999999655516
Daffiama_Bussie_Issa,2005,792.742017046881,1247.26386821874,63.5584848761013,DAFFIAMA BUSSIE ISSA,guinea_savannah,GS,GUINEA SAVANNAH,0.999999999655516
Daffiama_Bussie_Issa,2006,671.734774500002,1247.26386821874,53.8566691151994,DAFFIAMA BUSSIE ISSA,guinea_savannah,GS,GUINEA SAVANNAH,0.999999999655516
Daffiama_Bussie_Issa,2007,635.817695843752,1247.26386821874,50.9769994982527,DAFFIAMA BUSSIE ISSA,guinea_savannah,GS,GUINEA SAVANNAH,0.999999999655516
Daffiama_Bussie_Issa,2008,563.769655593752,1247.26386821874,45.2005120936352,DAFFIAMA BUSSIE ISSA,guinea_savannah,GS,GUINEA SAVANNAH,0.999999999655516
Daffiama_Bussie_Issa,2009,325.178251609374,1247.26386821874,26.0713277996078,DAFFIAMA BUSSIE ISSA,guinea_savannah,GS,GUINEA SAVANNAH,0.999999999655516
Daffiama_Bussie_Issa,2010,809.844456375004,1247.26386821874,64.9296814419528,DAFFIAMA BUSSIE ISSA,guinea_savannah,GS,GUINEA SAVANNAH,0.999999999655516
Daffiama_Bussie_Issa,2011,632.824835546878,1247.26386821874,50.737045437758,DAFFIAMA BUSSIE ISSA,guinea_savannah,GS,GUINEA SAVANNAH,0.999999999655516
Daffiama_Bussie_Issa,2012,589.4245843125,1247.26386821874,47.2574087433703,DAFFIAMA BUSSIE ISSA,guinea_savannah,GS,GUINEA SAVANNAH,0.999999999655516
Daffiama_Bussie_Issa,2013,640.948938390628,1247.26386821874,51.3883994175179,DAFFIAMA BUSSIE ISSA,guinea_savannah,GS,GUINEA SAVANNAH,0.999999999655516
Daffiama_Bussie_Issa,2014,696.535227984377,1247.26386821874,55.8450577887039,DAFFIAMA BUSSIE ISSA,guinea_savannah,GS,GUINEA SAVANNAH,0.999999999655516
Daffiama_Bussie_Issa,2015,472.908450265626,1247.26386821874,37.9156698366484,DAFFIAMA BUSSIE ISSA,guinea_savannah,GS,GUINEA SAVANNAH,0.999999999655516
Daffiama_Bussie_Issa,2016,602.466256250002,1247.26386821874,48.3030312671854,DAFFIAMA BUSSIE ISSA,guinea_savannah,GS,GUINEA SAVANNAH,0.999999999655516
Daffiama_Bussie_Issa,2017,691.189911062501,1247.26386821874,55.4164943501182,DAFFIAMA BUSSIE ISSA,guinea_savannah,GS,GUINEA SAVANNAH,0.999999999655516
Daffiama_Bussie_Issa,2018,465.852959921877,1247.26386821874,37.3499923947271,DAFFIAMA BUSSIE ISSA,guinea_savannah,GS,GUINEA SAVANNAH,0.999999999655516
Daffiama_Bussie_Issa,2019,504.335644515627,1247.26386821874,40.43536074174,DAFFIAMA BUSSIE ISSA,guinea_savannah,GS,GUINEA SAVANNAH,0.999999999655516
Daffiama_Bussie_Issa,2020,629.617852390628,1247.26386821874,50.4799239706838,DAFFIAMA BUSSIE ISSA,guinea_savannah,GS,GUINEA SAVANNAH,0.999999999655516
Daffiama_Bussie_Issa,2021,433.998055078127,1247.26386821874,34.7960095803894,DAFFIAMA BUSSIE ISSA,guinea_savannah,GS,GUINEA SAVANNAH,0.999999999655516
Daffiama_Bussie_Issa,2022,629.831458375001,1247.26386821874,50.4970499365533,DAFFIAMA BUSSIE ISSA,guinea_savannah,GS,GUINEA SAVANNAH,0.999999999655516
Daffiama_Bussie_Issa,2023,427.156815406253,1247.26386821874,34.2475097924781,DAFFIAMA BUSSIE ISSA,guinea_savannah,GS,GUINEA SAVANNAH,0.999999999655516
Daffiama_Bussie_Issa,2024,445.542678609376,1247.26386821874,35.7216055048297,DAFFIAMA BUSSIE ISSA,guinea_savannah,GS,GUINEA SAVANNAH,0.999999999655516
Denkyembour,2001,0,367.189859906249,0,DENKYEMBOUR,forest_zone,FZ,FOREST ZONE,1
Denkyembour,2002,0,367.189859906249,0,DENKYEMBOUR,forest_zone,FZ,FOREST ZONE,1
Denkyembour,2003,0,367.189859906249,0,DENKYEMBOUR,forest_zone,FZ,FOREST ZONE,1
Denkyembour,2004,0,367.189859906249,0,DENKYEMBOUR,forest_zone,FZ,FOREST ZONE,1
Denkyembour,2005,0,367.189859906249,0,DENKYEMBOUR,forest_zone,FZ,FOREST ZONE,1
Denkyembour,2006,0,367.189859906249,0,DENKYEMBOUR,forest_zone,FZ,FOREST ZONE,1
Denkyembour,2007,0,367.189859906249,0,DENKYEMBOUR,forest_zone,FZ,FOREST ZONE,1
Denkyembour,2008,0,367.189859906249,0,DENKYEMBOUR,forest_zone,FZ,FOREST ZONE,1
Denkyembour,2009,0,367.189859906249,0,DENKYEMBOUR,forest_zone,FZ,FOREST ZONE,1
Denkyembour,2010,0,367.189859906249,0,DENKYEMBOUR,forest_zone,FZ,FOREST ZONE,1
Denkyembour,2011,0,367.189859906249,0,DENKYEMBOUR,forest_zone,FZ,FOREST ZONE,1
Denkyembour,2012,0,367.189859906249,0,DENKYEMBOUR,forest_zone,FZ,FOREST ZONE,1
Denkyembour,2013,0,367.189859906249,0,DENKYEMBOUR,forest_zone,FZ,FOREST ZONE,1
Denkyembour,2014,0,367.189859906249,0,DENKYEMBOUR,forest_zone,FZ,FOREST ZONE,1
Denkyembour,2015,0,367.189859906249,0,DENKYEMBOUR,forest_zone,FZ,FOREST ZONE,1
Denkyembour,2016,0,367.189859906249,0,DENKYEMBOUR,forest_zone,FZ,FOREST ZONE,1
Denkyembour,2017,0,367.189859906249,0,DENKYEMBOUR,forest_zone,FZ,FOREST ZONE,1
Denkyembour,2018,0,367.189859906249,0,DENKYEMBOUR,forest_zone,FZ,FOREST ZONE,1
Denkyembour,2019,0,367.189859906249,0,DENKYEMBOUR,forest_zone,FZ,FOREST ZONE,1
Denkyembour,2020,0.64119403125,367.189859906249,0.174621933027701,DENKYEMBOUR,forest_zone,FZ,FOREST ZONE,1
Denkyembour,2021,0,367.189859906249,0,DENKYEMBOUR,forest_zone,FZ,FOREST ZONE,1
Denkyembour,2022,0,367.189859906249,0,DENKYEMBOUR,forest_zone,FZ,FOREST ZONE,1
Denkyembour,2023,0,367.189859906249,0,DENKYEMBOUR,forest_zone,FZ,FOREST ZONE,1
Denkyembour,2024,0,367.189859906249,0,DENKYEMBOUR,forest_zone,FZ,FOREST ZONE,1
Dormaa_East,2001,54.5051994375001,484.773621234372,11.243433439863,DORMAA EAST,transition_zone,TZ,TRANSITION ZONE,1
Dormaa_East,2002,0,484.773621234372,0,DORMAA EAST,transition_zone,TZ,TRANSITION ZONE,1
Dormaa_East,2003,1.068732109375,484.773621234372,0.220460037956212,DORMAA EAST,transition_zone,TZ,TRANSITION ZONE,1
Dormaa_East,2004,0.42749228125,484.773621234372,0.0881838991489435,DORMAA EAST,transition_zone,TZ,TRANSITION ZONE,1
Dormaa_East,2005,6.839876078125,484.773621234372,1.41094229935794,DORMAA EAST,transition_zone,TZ,TRANSITION ZONE,1
Dormaa_East,2006,33.1305435,484.773621234372,6.83422984436327,DORMAA EAST,transition_zone,TZ,TRANSITION ZONE,1
Dormaa_East,2007,11.114737703125,484.773621234372,2.29276866897661,DORMAA EAST,transition_zone,TZ,TRANSITION ZONE,1
Dormaa_East,2008,13.6797616875,484.773621234372,2.82188656483977,DORMAA EAST,transition_zone,TZ,TRANSITION ZONE,1
Dormaa_East,2009,0,484.773621234372,0,DORMAA EAST,transition_zone,TZ,TRANSITION ZONE,1
Dormaa_East,2010,0.213744984375,484.773621234372,0.0440917110610813,DORMAA EAST,transition_zone,TZ,TRANSITION ZONE,1
Dormaa_East,2011,1.923705671875,484.773621234372,0.396825567153736,DORMAA EAST,transition_zone,TZ,TRANSITION ZONE,1
Dormaa_East,2012,0,484.773621234372,0,DORMAA EAST,transition_zone,TZ,TRANSITION ZONE,1
Dormaa_East,2013,0.42748975,484.773621234372,0.0881833769980077,DORMAA EAST,transition_zone,TZ,TRANSITION ZONE,1
Dormaa_East,2014,0,484.773621234372,0,DORMAA EAST,transition_zone,TZ,TRANSITION ZONE,1
Dormaa_East,2015,1.923713546875,484.773621234372,0.396827191623314,DORMAA EAST,transition_zone,TZ,TRANSITION ZONE,1
Dormaa_East,2016,2.564953125,484.773621234372,0.52910327886012,DORMAA EAST,transition_zone,TZ,TRANSITION ZONE,1
Dormaa_East,2017,0,484.773621234372,0,DORMAA EAST,transition_zone,TZ,TRANSITION ZONE,1
Dormaa_East,2018,0,484.773621234372,0,DORMAA EAST,transition_zone,TZ,TRANSITION ZONE,1
Dormaa_East,2019,0,484.773621234372,0,DORMAA EAST,transition_zone,TZ,TRANSITION ZONE,1
Dormaa_East,2020,8.76360078125,484.773621234372,1.80777179231316,DORMAA EAST,transition_zone,TZ,TRANSITION ZONE,1
Dormaa_East,2021,0,484.773621234372,0,DORMAA EAST,transition_zone,TZ,TRANSITION ZONE,1
Dormaa_East,2022,0,484.773621234372,0,DORMAA EAST,transition_zone,TZ,TRANSITION ZONE,1
Dormaa_East,2023,0,484.773621234372,0,DORMAA EAST,transition_zone,TZ,TRANSITION ZONE,1
Dormaa_East,2024,0,484.773621234372,0,DORMAA EAST,transition_zone,TZ,TRANSITION ZONE,1
Dormaa_Municipal,2001,95.7585521406251,1027.04158406249,9.32372687012821,DORMAA MUNICIPAL,transition_zone,TZ,TRANSITION ZONE,0.999999999567215
Dormaa_Municipal,2002,1.7099715,1027.04158406249,0.166494865109177,DORMAA MUNICIPAL,transition_zone,TZ,TRANSITION ZONE,0.999999999567215
Dormaa_Municipal,2003,119.270672515625,1027.04158406249,11.6130324581256,DORMAA MUNICIPAL,transition_zone,TZ,TRANSITION ZONE,0.999999999567215
Dormaa_Municipal,2004,34.4131214375,1027.04158406249,3.35070380513493,DORMAA MUNICIPAL,transition_zone,TZ,TRANSITION ZONE,0.999999999567215
Dormaa_Municipal,2005,82.292402609375,1027.04158406249,8.01256773692307,DORMAA MUNICIPAL,transition_zone,TZ,TRANSITION ZONE,0.999999999567215
Dormaa_Municipal,2006,76.09361496875,1027.04158406249,7.40901012671361,DORMAA MUNICIPAL,transition_zone,TZ,TRANSITION ZONE,0.999999999567215
Dormaa_Municipal,2007,155.17974284375,1027.04158406249,15.1093923801928,DORMAA MUNICIPAL,transition_zone,TZ,TRANSITION ZONE,0.999999999567215
Dormaa_Municipal,2008,175.485525265625,1027.04158406249,17.0865063293238,DORMAA MUNICIPAL,transition_zone,TZ,TRANSITION ZONE,0.999999999567215
Dormaa_Municipal,2009,40.825432984375,1027.04158406249,3.9750516062737,DORMAA MUNICIPAL,transition_zone,TZ,TRANSITION ZONE,0.999999999567215
Dormaa_Municipal,2010,78.01730228125,1027.04158406249,7.59631386809581,DORMAA MUNICIPAL,transition_zone,TZ,TRANSITION ZONE,0.999999999567215
Dormaa_Municipal,2011,14.96224865625,1027.04158406249,1.45682987801393,DORMAA MUNICIPAL,transition_zone,TZ,TRANSITION ZONE,0.999999999567215
Dormaa_Municipal,2012,54.9328174375,1027.04158406249,5.34864588639261,DORMAA MUNICIPAL,transition_zone,TZ,TRANSITION ZONE,0.999999999567215
Dormaa_Municipal,2013,44.6730381093751,1027.04158406249,4.34968153214104,DORMAA MUNICIPAL,transition_zone,TZ,TRANSITION ZONE,0.999999999567215
Dormaa_Municipal,2014,23.08457215625,1027.04158406249,2.24767648306296,DORMAA MUNICIPAL,transition_zone,TZ,TRANSITION ZONE,0.999999999567215
Dormaa_Municipal,2015,105.80435140625,1027.04158406249,10.3018566188662,DORMAA MUNICIPAL,transition_zone,TZ,TRANSITION ZONE,0.999999999567215
Dormaa_Municipal,2016,35.481824,1027.04158406249,3.45476021132957,DORMAA MUNICIPAL,transition_zone,TZ,TRANSITION ZONE,0.999999999567215
Dormaa_Municipal,2017,13.252258109375,1027.04158406249,1.2903331583669,DORMAA MUNICIPAL,transition_zone,TZ,TRANSITION ZONE,0.999999999567215
Dormaa_Municipal,2018,12.8247248125,1027.04158406249,1.24870550633125,DORMAA MUNICIPAL,transition_zone,TZ,TRANSITION ZONE,0.999999999567215
Dormaa_Municipal,2019,17.95469028125,1027.04158406249,1.74819506433515,DORMAA MUNICIPAL,transition_zone,TZ,TRANSITION ZONE,0.999999999567215
Dormaa_Municipal,2020,122.261232765625,1027.04158406249,11.9042144605301,DORMAA MUNICIPAL,transition_zone,TZ,TRANSITION ZONE,0.999999999567215
Dormaa_Municipal,2021,0,1027.04158406249,0,DORMAA MUNICIPAL,transition_zone,TZ,TRANSITION ZONE,0.999999999567215
Dormaa_Municipal,2022,10.25978446875,1027.04158406249,0.998964854779017,DORMAA MUNICIPAL,transition_zone,TZ,TRANSITION ZONE,0.999999999567215
Dormaa_Municipal,2023,1.068729796875,1027.04158406249,0.104059057925153,DORMAA MUNICIPAL,transition_zone,TZ,TRANSITION ZONE,0.999999999567215
Dormaa_Municipal,2024,0,1027.04158406249,0,DORMAA MUNICIPAL,transition_zone,TZ,TRANSITION ZONE,0.999999999567215
Dormaa_West,2001,0,324.673303015626,0,DORMAA WEST,transition_zone,TZ,TRANSITION ZONE,0.999999999517841
Dormaa_West,2002,0,324.673303015626,0,DORMAA WEST,transition_zone,TZ,TRANSITION ZONE,0.999999999517841
Dormaa_West,2003,0,324.673303015626,0,DORMAA WEST,transition_zone,TZ,TRANSITION ZONE,0.999999999517841
Dormaa_West,2004,0,324.673303015626,0,DORMAA WEST,transition_zone,TZ,TRANSITION ZONE,0.999999999517841
Dormaa_West,2005,0,324.673303015626,0,DORMAA WEST,transition_zone,TZ,TRANSITION ZONE,0.999999999517841
Dormaa_West,2006,0,324.673303015626,0,DORMAA WEST,transition_zone,TZ,TRANSITION ZONE,0.999999999517841
Dormaa_West,2007,0,324.673303015626,0,DORMAA WEST,transition_zone,TZ,TRANSITION ZONE,0.999999999517841
Dormaa_West,2008,0,324.673303015626,0,DORMAA WEST,transition_zone,TZ,TRANSITION ZONE,0.999999999517841
Dormaa_West,2009,0,324.673303015626,0,DORMAA WEST,transition_zone,TZ,TRANSITION ZONE,0.999999999517841
Dormaa_West,2010,0,324.673303015626,0,DORMAA WEST,transition_zone,TZ,TRANSITION ZONE,0.999999999517841
Dormaa_West,2011,0,324.673303015626,0,DORMAA WEST,transition_zone,TZ,TRANSITION ZONE,0.999999999517841
Dormaa_West,2012,0,324.673303015626,0,DORMAA WEST,transition_zone,TZ,TRANSITION ZONE,0.999999999517841
Dormaa_West,2013,0,324.673303015626,0,DORMAA WEST,transition_zone,TZ,TRANSITION ZONE,0.999999999517841
Dormaa_West,2014,0,324.673303015626,0,DORMAA WEST,transition_zone,TZ,TRANSITION ZONE,0.999999999517841
Dormaa_West,2015,0.42748425,324.673303015626,0.131665968846051,DORMAA WEST,transition_zone,TZ,TRANSITION ZONE,0.999999999517841
Dormaa_West,2016,0,324.673303015626,0,DORMAA WEST,transition_zone,TZ,TRANSITION ZONE,0.999999999517841
Dormaa_West,2017,0,324.673303015626,0,DORMAA WEST,transition_zone,TZ,TRANSITION ZONE,0.999999999517841
Dormaa_West,2018,0,324.673303015626,0,DORMAA WEST,transition_zone,TZ,TRANSITION ZONE,0.999999999517841
Dormaa_West,2019,0,324.673303015626,0,DORMAA WEST,transition_zone,TZ,TRANSITION ZONE,0.999999999517841
Dormaa_West,2020,3.419875890625,324.673303015626,1.05332833308454,DORMAA WEST,transition_zone,TZ,TRANSITION ZONE,0.999999999517841
Dormaa_West,2021,0,324.673303015626,0,DORMAA WEST,transition_zone,TZ,TRANSITION ZONE,0.999999999517841
Dormaa_West,2022,0,324.673303015626,0,DORMAA WEST,transition_zone,TZ,TRANSITION ZONE,0.999999999517841
Dormaa_West,2023,0,324.673303015626,0,DORMAA WEST,transition_zone,TZ,TRANSITION ZONE,0.999999999517841
Dormaa_West,2024,0,324.673303015626,0,DORMAA WEST,transition_zone,TZ,TRANSITION ZONE,0.999999999517841
East_Gonja_Municipal,2001,882.614654046876,1916.78529198434,46.0466103187361,EAST GONJA MUNICIPAL,guinea_savannah,GS,GUINEA SAVANNAH,0.999999999788175
East_Gonja_Municipal,2002,890.525648125003,1916.78529198434,46.4593322918861,EAST GONJA MUNICIPAL,guinea_savannah,GS,GUINEA SAVANNAH,0.999999999788175
East_Gonja_Municipal,2003,885.607199515629,1916.78529198434,46.2027334631105,EAST GONJA MUNICIPAL,guinea_savannah,GS,GUINEA SAVANNAH,0.999999999788175
East_Gonja_Municipal,2004,407.854718140628,1916.78529198434,21.2780596682479,EAST GONJA MUNICIPAL,guinea_savannah,GS,GUINEA SAVANNAH,0.999999999788175
East_Gonja_Municipal,2005,952.301076921877,1916.78529198434,49.6821986742195,EAST GONJA MUNICIPAL,guinea_savannah,GS,GUINEA SAVANNAH,0.999999999788175
East_Gonja_Municipal,2006,968.760239406252,1916.78529198434,50.5408844411233,EAST GONJA MUNICIPAL,guinea_savannah,GS,GUINEA SAVANNAH,0.999999999788175
East_Gonja_Municipal,2007,613.276287250001,1916.78529198434,31.9950434623333,EAST GONJA MUNICIPAL,guinea_savannah,GS,GUINEA SAVANNAH,0.999999999788175
East_Gonja_Municipal,2008,557.271822046877,1916.78529198434,29.0732521987356,EAST GONJA MUNICIPAL,guinea_savannah,GS,GUINEA SAVANNAH,0.999999999788175
East_Gonja_Municipal,2009,522.214645906252,1916.78529198434,27.2442953360536,EAST GONJA MUNICIPAL,guinea_savannah,GS,GUINEA SAVANNAH,0.999999999788175
East_Gonja_Municipal,2010,508.107535078125,1916.78529198434,26.5083177131493,EAST GONJA MUNICIPAL,guinea_savannah,GS,GUINEA SAVANNAH,0.999999999788175
East_Gonja_Municipal,2011,1018.13616420313,1916.78529198434,53.116860216989,EAST GONJA MUNICIPAL,guinea_savannah,GS,GUINEA SAVANNAH,0.999999999788175
East_Gonja_Municipal,2012,733.836585093748,1916.78529198434,38.2847566789314,EAST GONJA MUNICIPAL,guinea_savannah,GS,GUINEA SAVANNAH,0.999999999788175
East_Gonja_Municipal,2013,775.307430000002,1916.78529198434,40.4483190288554,EAST GONJA MUNICIPAL,guinea_savannah,GS,GUINEA SAVANNAH,0.999999999788175
East_Gonja_Municipal,2014,852.045375000004,1916.78529198434,44.4517901177095,EAST GONJA MUNICIPAL,guinea_savannah,GS,GUINEA SAVANNAH,0.999999999788175
East_Gonja_Municipal,2015,984.789032703127,1916.78529198434,51.3771175530897,EAST GONJA MUNICIPAL,guinea_savannah,GS,GUINEA SAVANNAH,0.999999999788175
East_Gonja_Municipal,2016,889.453725625002,1916.78529198434,46.403409361734,EAST GONJA MUNICIPAL,guinea_savannah,GS,GUINEA SAVANNAH,0.999999999788175
East_Gonja_Municipal,2017,948.023410421875,1916.78529198434,49.4590298864637,EAST GONJA MUNICIPAL,guinea_savannah,GS,GUINEA SAVANNAH,0.999999999788175
East_Gonja_Municipal,2018,650.255912031253,1916.78529198434,33.9242957857883,EAST GONJA MUNICIPAL,guinea_savannah,GS,GUINEA SAVANNAH,0.999999999788175
East_Gonja_Municipal,2019,686.3821816875,1916.78529198434,35.8090279885718,EAST GONJA MUNICIPAL,guinea_savannah,GS,GUINEA SAVANNAH,0.999999999788175
East_Gonja_Municipal,2020,834.517943890627,1916.78529198434,43.5373720458121,EAST GONJA MUNICIPAL,guinea_savannah,GS,GUINEA SAVANNAH,0.999999999788175
East_Gonja_Municipal,2021,679.328823296878,1916.78529198434,35.4410494559673,EAST GONJA MUNICIPAL,guinea_savannah,GS,GUINEA SAVANNAH,0.999999999788175
East_Gonja_Municipal,2022,934.984257906252,1916.78529198434,48.7787683793377,EAST GONJA MUNICIPAL,guinea_savannah,GS,GUINEA SAVANNAH,0.999999999788175
East_Gonja_Municipal,2023,421.106269359376,1916.78529198434,21.9694021610229,EAST GONJA MUNICIPAL,guinea_savannah,GS,GUINEA SAVANNAH,0.999999999788175
East_Gonja_Municipal,2024,871.069176515625,1916.78529198434,45.4442748574024,EAST GONJA MUNICIPAL,guinea_savannah,GS,GUINEA SAVANNAH,0.999999999788175
East_Mamprusi,2001,525.075135328124,1467.69027017188,35.7756092003413,EAST MAMPRUSI,guinea_savannah,GS,GUINEA SAVANNAH,0.999999999605058
East_Mamprusi,2002,492.366019875,1467.69027017188,33.5469976112426,EAST MAMPRUSI,guinea_savannah,GS,GUINEA SAVANNAH,0.999999999605058
East_Mamprusi,2003,549.6628366875,1467.69027017188,37.4508741972603,EAST MAMPRUSI,guinea_savannah,GS,GUINEA SAVANNAH,0.999999999605058
East_Mamprusi,2004,440.628378265625,1467.69027017188,30.021891350007,EAST MAMPRUSI,guinea_savannah,GS,GUINEA SAVANNAH,0.999999999605058
East_Mamprusi,2005,818.827240890628,1467.69027017188,55.7901934442025,EAST MAMPRUSI,guinea_savannah,GS,GUINEA SAVANNAH,0.999999999605058
East_Mamprusi,2006,515.027254046875,1467.69027017188,35.0910041794146,EAST MAMPRUSI,guinea_savannah,GS,GUINEA SAVANNAH,0.999999999605058
East_Mamprusi,2007,435.283481453126,1467.69027017188,29.6577207261959,EAST MAMPRUSI,guinea_savannah,GS,GUINEA SAVANNAH,0.999999999605058
East_Mamprusi,2008,563.1309370625,1467.69027017188,38.3685133373919,EAST MAMPRUSI,guinea_savannah,GS,GUINEA SAVANNAH,0.999999999605058
East_Mamprusi,2009,459.4414803125,1467.69027017188,31.3037082584663,EAST MAMPRUSI,guinea_savannah,GS,GUINEA SAVANNAH,0.999999999605058
East_Mamprusi,2010,356.392341546875,1467.69027017188,24.2825307757296,EAST MAMPRUSI,guinea_savannah,GS,GUINEA SAVANNAH,0.999999999605058
East_Mamprusi,2011,636.248251625,1467.69027017188,43.3503079331916,EAST MAMPRUSI,guinea_savannah,GS,GUINEA SAVANNAH,0.999999999605058
East_Mamprusi,2012,399.794029718751,1467.69027017188,27.2396729639648,EAST MAMPRUSI,guinea_savannah,GS,GUINEA SAVANNAH,0.999999999605058
East_Mamprusi,2013,475.689805375,1467.69027017188,32.4107759683719,EAST MAMPRUSI,guinea_savannah,GS,GUINEA SAVANNAH,0.999999999605058
East_Mamprusi,2014,355.53788865625,1467.69027017188,24.2243132547724,EAST MAMPRUSI,guinea_savannah,GS,GUINEA SAVANNAH,0.999999999605058
East_Mamprusi,2015,219.56527571875,1467.69027017188,14.9599190088681,EAST MAMPRUSI,guinea_savannah,GS,GUINEA SAVANNAH,0.999999999605058
East_Mamprusi,2016,496.854171875,1467.69027017188,33.8527945556806,EAST MAMPRUSI,guinea_savannah,GS,GUINEA SAVANNAH,0.999999999605058
East_Mamprusi,2017,598.833211406251,1467.69027017188,40.8010616120064,EAST MAMPRUSI,guinea_savannah,GS,GUINEA SAVANNAH,0.999999999605058
East_Mamprusi,2018,340.99889571875,1467.69027017188,23.2337096353998,EAST MAMPRUSI,guinea_savannah,GS,GUINEA SAVANNAH,0.999999999605058
East_Mamprusi,2019,403.427528921875,1467.69027017188,27.4872387669798,EAST MAMPRUSI,guinea_savannah,GS,GUINEA SAVANNAH,0.999999999605058
East_Mamprusi,2020,356.82071828125,1467.69027017188,24.3117179103097,EAST MAMPRUSI,guinea_savannah,GS,GUINEA SAVANNAH,0.999999999605058
East_Mamprusi,2021,423.310293703124,1467.69027017188,28.8419363612427,EAST MAMPRUSI,guinea_savannah,GS,GUINEA SAVANNAH,0.999999999605058
East_Mamprusi,2022,443.619563859376,1467.69027017188,30.2256935863876,EAST MAMPRUSI,guinea_savannah,GS,GUINEA SAVANNAH,0.999999999605058
East_Mamprusi,2023,233.88998953125,1467.69027017188,15.9359228772335,EAST MAMPRUSI,guinea_savannah,GS,GUINEA SAVANNAH,0.999999999605058
East_Mamprusi,2024,262.751398234375,1467.69027017188,17.9023737892331,EAST MAMPRUSI,guinea_savannah,GS,GUINEA SAVANNAH,0.999999999605058
Effia_Kwesimintsim_Municipal,2001,0,68.1769067187499,0,EFFIA KWESIMINTSIM MUNICIPAL,coastal_zone,CZ,COASTAL ZONE,1
Effia_Kwesimintsim_Municipal,2002,0,68.1769067187499,0,EFFIA KWESIMINTSIM MUNICIPAL,coastal_zone,CZ,COASTAL ZONE,1
Effia_Kwesimintsim_Municipal,2003,0,68.1769067187499,0,EFFIA KWESIMINTSIM MUNICIPAL,coastal_zone,CZ,COASTAL ZONE,1
Effia_Kwesimintsim_Municipal,2004,0,68.1769067187499,0,EFFIA KWESIMINTSIM MUNICIPAL,coastal_zone,CZ,COASTAL ZONE,1
Effia_Kwesimintsim_Municipal,2005,0,68.1769067187499,0,EFFIA KWESIMINTSIM MUNICIPAL,coastal_zone,CZ,COASTAL ZONE,1
Effia_Kwesimintsim_Municipal,2006,0,68.1769067187499,0,EFFIA KWESIMINTSIM MUNICIPAL,coastal_zone,CZ,COASTAL ZONE,1
Effia_Kwesimintsim_Municipal,2007,0,68.1769067187499,0,EFFIA KWESIMINTSIM MUNICIPAL,coastal_zone,CZ,COASTAL ZONE,1
Effia_Kwesimintsim_Municipal,2008,0,68.1769067187499,0,EFFIA KWESIMINTSIM MUNICIPAL,coastal_zone,CZ,COASTAL ZONE,1
Effia_Kwesimintsim_Municipal,2009,0,68.1769067187499,0,EFFIA KWESIMINTSIM MUNICIPAL,coastal_zone,CZ,COASTAL ZONE,1
Effia_Kwesimintsim_Municipal,2010,0,68.1769067187499,0,EFFIA KWESIMINTSIM MUNICIPAL,coastal_zone,CZ,COASTAL ZONE,1
Effia_Kwesimintsim_Municipal,2011,0,68.1769067187499,0,EFFIA KWESIMINTSIM MUNICIPAL,coastal_zone,CZ,COASTAL ZONE,1
Effia_Kwesimintsim_Municipal,2012,0,68.1769067187499,0,EFFIA KWESIMINTSIM MUNICIPAL,coastal_zone,CZ,COASTAL ZONE,1
Effia_Kwesimintsim_Municipal,2013,0,68.1769067187499,0,EFFIA KWESIMINTSIM MUNICIPAL,coastal_zone,CZ,COASTAL ZONE,1
Effia_Kwesimintsim_Municipal,2014,0,68.1769067187499,0,EFFIA KWESIMINTSIM MUNICIPAL,coastal_zone,CZ,COASTAL ZONE,1
Effia_Kwesimintsim_Municipal,2015,0,68.1769067187499,0,EFFIA KWESIMINTSIM MUNICIPAL,coastal_zone,CZ,COASTAL ZONE,1
Effia_Kwesimintsim_Municipal,2016,0,68.1769067187499,0,EFFIA KWESIMINTSIM MUNICIPAL,coastal_zone,CZ,COASTAL ZONE,1
Effia_Kwesimintsim_Municipal,2017,0,68.1769067187499,0,EFFIA KWESIMINTSIM MUNICIPAL,coastal_zone,CZ,COASTAL ZONE,1
Effia_Kwesimintsim_Municipal,2018,0,68.1769067187499,0,EFFIA KWESIMINTSIM MUNICIPAL,coastal_zone,CZ,COASTAL ZONE,1
Effia_Kwesimintsim_Municipal,2019,0,68.1769067187499,0,EFFIA KWESIMINTSIM MUNICIPAL,coastal_zone,CZ,COASTAL ZONE,1
Effia_Kwesimintsim_Municipal,2020,0,68.1769067187499,0,EFFIA KWESIMINTSIM MUNICIPAL,coastal_zone,CZ,COASTAL ZONE,1
Effia_Kwesimintsim_Municipal,2021,0,68.1769067187499,0,EFFIA KWESIMINTSIM MUNICIPAL,coastal_zone,CZ,COASTAL ZONE,1
Effia_Kwesimintsim_Municipal,2022,0,68.1769067187499,0,EFFIA KWESIMINTSIM MUNICIPAL,coastal_zone,CZ,COASTAL ZONE,1
Effia_Kwesimintsim_Municipal,2023,14.105579703125,68.1769067187499,20.6896739409353,EFFIA KWESIMINTSIM MUNICIPAL,coastal_zone,CZ,COASTAL ZONE,1
Effia_Kwesimintsim_Municipal,2024,0.213721171875,68.1769067187499,0.31348030023812,EFFIA KWESIMINTSIM MUNICIPAL,coastal_zone,CZ,COASTAL ZONE,1
Effutu_Municipal,2001,0,54.9271643281251,0,EFFUTU MUNICIPAL,coastal_zone,CZ,COASTAL ZONE,0.999999998638308
Effutu_Municipal,2002,0,54.9271643281251,0,EFFUTU MUNICIPAL,coastal_zone,CZ,COASTAL ZONE,0.999999998638308
Effutu_Municipal,2003,0,54.9271643281251,0,EFFUTU MUNICIPAL,coastal_zone,CZ,COASTAL ZONE,0.999999998638308
Effutu_Municipal,2004,11.11367884375,54.9271643281251,20.2334837046363,EFFUTU MUNICIPAL,coastal_zone,CZ,COASTAL ZONE,0.999999998638308
Effutu_Municipal,2005,0.641172125,54.9271643281251,1.16731335550066,EFFUTU MUNICIPAL,coastal_zone,CZ,COASTAL ZONE,0.999999998638308
Effutu_Municipal,2006,5.129387,54.9271643281251,9.33852504993332,EFFUTU MUNICIPAL,coastal_zone,CZ,COASTAL ZONE,0.999999998638308
Effutu_Municipal,2007,8.121526453125,54.9271643281251,14.7859926003251,EFFUTU MUNICIPAL,coastal_zone,CZ,COASTAL ZONE,0.999999998638308
Effutu_Municipal,2008,2.992141546875,54.9271643281251,5.44747136225799,EFFUTU MUNICIPAL,coastal_zone,CZ,COASTAL ZONE,0.999999998638308
Effutu_Municipal,2009,0.854897515625,54.9271643281251,1.55642026323805,EFFUTU MUNICIPAL,coastal_zone,CZ,COASTAL ZONE,0.999999998638308
Effutu_Municipal,2010,0,54.9271643281251,0,EFFUTU MUNICIPAL,coastal_zone,CZ,COASTAL ZONE,0.999999998638308
Effutu_Municipal,2011,0.8548969375,54.9271643281251,1.55641921070783,EFFUTU MUNICIPAL,coastal_zone,CZ,COASTAL ZONE,0.999999998638308
Effutu_Municipal,2012,5.556828515625,54.9271643281251,10.1167219964779,EFFUTU MUNICIPAL,coastal_zone,CZ,COASTAL ZONE,0.999999998638308
Effutu_Municipal,2013,0.427448125,54.9271643281251,0.778208979525142,EFFUTU MUNICIPAL,coastal_zone,CZ,COASTAL ZONE,0.999999998638308
Effutu_Municipal,2014,0.4274489375,54.9271643281251,0.778210458756793,EFFUTU MUNICIPAL,coastal_zone,CZ,COASTAL ZONE,0.999999998638308
Effutu_Municipal,2015,0.6411725,54.9271643281251,1.16731403822296,EFFUTU MUNICIPAL,coastal_zone,CZ,COASTAL ZONE,0.999999998638308
Effutu_Municipal,2016,0.85489715625,54.9271643281251,1.55641960896251,EFFUTU MUNICIPAL,coastal_zone,CZ,COASTAL ZONE,0.999999998638308
Effutu_Municipal,2017,0,54.9271643281251,0,EFFUTU MUNICIPAL,coastal_zone,CZ,COASTAL ZONE,0.999999998638308
Effutu_Municipal,2018,2.77841359375,54.9271643281251,5.05835978925155,EFFUTU MUNICIPAL,coastal_zone,CZ,COASTAL ZONE,0.999999998638308
Effutu_Municipal,2019,0,54.9271643281251,0,EFFUTU MUNICIPAL,coastal_zone,CZ,COASTAL ZONE,0.999999998638308
Effutu_Municipal,2020,0,54.9271643281251,0,EFFUTU MUNICIPAL,coastal_zone,CZ,COASTAL ZONE,0.999999998638308
Effutu_Municipal,2021,0,54.9271643281251,0,EFFUTU MUNICIPAL,coastal_zone,CZ,COASTAL ZONE,0.999999998638308
Effutu_Municipal,2022,0,54.9271643281251,0,EFFUTU MUNICIPAL,coastal_zone,CZ,COASTAL ZONE,0.999999998638308
Effutu_Municipal,2023,0,54.9271643281251,0,EFFUTU MUNICIPAL,coastal_zone,CZ,COASTAL ZONE,0.999999998638308
Effutu_Municipal,2024,0.427448203125,54.9271643281251,0.778209121758954,EFFUTU MUNICIPAL,coastal_zone,CZ,COASTAL ZONE,0.999999998638308
Ejisu_Municipal,2001,0,335.567855453125,0,EJISU MUNICIPAL,forest_zone,FZ,FOREST ZONE,1
Ejisu_Municipal,2002,0,335.567855453125,0,EJISU MUNICIPAL,forest_zone,FZ,FOREST ZONE,1
Ejisu_Municipal,2003,3.419793484375,335.567855453125,1.0191063979466,EJISU MUNICIPAL,forest_zone,FZ,FOREST ZONE,1
Ejisu_Municipal,2004,0,335.567855453125,0,EJISU MUNICIPAL,forest_zone,FZ,FOREST ZONE,1
Ejisu_Municipal,2005,0,335.567855453125,0,EJISU MUNICIPAL,forest_zone,FZ,FOREST ZONE,1
Ejisu_Municipal,2006,0,335.567855453125,0,EJISU MUNICIPAL,forest_zone,FZ,FOREST ZONE,1
Ejisu_Municipal,2007,0,335.567855453125,0,EJISU MUNICIPAL,forest_zone,FZ,FOREST ZONE,1
Ejisu_Municipal,2008,0,335.567855453125,0,EJISU MUNICIPAL,forest_zone,FZ,FOREST ZONE,1
Ejisu_Municipal,2009,0,335.567855453125,0,EJISU MUNICIPAL,forest_zone,FZ,FOREST ZONE,1
Ejisu_Municipal,2010,0,335.567855453125,0,EJISU MUNICIPAL,forest_zone,FZ,FOREST ZONE,1
Ejisu_Municipal,2011,0,335.567855453125,0,EJISU MUNICIPAL,forest_zone,FZ,FOREST ZONE,1
Ejisu_Municipal,2012,1.923631015625,335.567855453125,0.573246508676309,EJISU MUNICIPAL,forest_zone,FZ,FOREST ZONE,1
Ejisu_Municipal,2013,1.0686898125,335.567855453125,0.318472045260987,EJISU MUNICIPAL,forest_zone,FZ,FOREST ZONE,1
Ejisu_Municipal,2014,0,335.567855453125,0,EJISU MUNICIPAL,forest_zone,FZ,FOREST ZONE,1
Ejisu_Municipal,2015,0.641212875,335.567855453125,0.191082925429242,EJISU MUNICIPAL,forest_zone,FZ,FOREST ZONE,1
Ejisu_Municipal,2016,0.64121371875,335.567855453125,0.191083176868701,EJISU MUNICIPAL,forest_zone,FZ,FOREST ZONE,1
Ejisu_Municipal,2017,0.854950796875,335.567855453125,0.254777322375095,EJISU MUNICIPAL,forest_zone,FZ,FOREST ZONE,1
Ejisu_Municipal,2018,0,335.567855453125,0,EJISU MUNICIPAL,forest_zone,FZ,FOREST ZONE,1
Ejisu_Municipal,2019,0,335.567855453125,0,EJISU MUNICIPAL,forest_zone,FZ,FOREST ZONE,1
Ejisu_Municipal,2020,0.8549493125,335.567855453125,0.254776880027899,EJISU MUNICIPAL,forest_zone,FZ,FOREST ZONE,1
Ejisu_Municipal,2021,0,335.567855453125,0,EJISU MUNICIPAL,forest_zone,FZ,FOREST ZONE,1
Ejisu_Municipal,2022,0,335.567855453125,0,EJISU MUNICIPAL,forest_zone,FZ,FOREST ZONE,1
Ejisu_Municipal,2023,0,335.567855453125,0,EJISU MUNICIPAL,forest_zone,FZ,FOREST ZONE,1
Ejisu_Municipal,2024,0,335.567855453125,0,EJISU MUNICIPAL,forest_zone,FZ,FOREST ZONE,1
Ejura_Sekyedumase,2001,357.597990953125,1141.40641726562,31.3295935211048,EJURA-SEKYEDUMASE,transition_zone,TZ,TRANSITION ZONE,0.999999999276472
Ejura_Sekyedumase,2002,276.374265625,1141.40641726562,24.213484473575,EJURA-SEKYEDUMASE,transition_zone,TZ,TRANSITION ZONE,0.999999999276472
Ejura_Sekyedumase,2003,420.440794234374,1141.40641726562,36.8353277040084,EJURA-SEKYEDUMASE,transition_zone,TZ,TRANSITION ZONE,0.999999999276472
Ejura_Sekyedumase,2004,248.37315953125,1141.40641726562,21.760273621578,EJURA-SEKYEDUMASE,transition_zone,TZ,TRANSITION ZONE,0.999999999276472
Ejura_Sekyedumase,2005,201.563236046875,1141.40641726562,17.6591994751304,EJURA-SEKYEDUMASE,transition_zone,TZ,TRANSITION ZONE,0.999999999276472
Ejura_Sekyedumase,2006,290.05500340625,1141.40641726562,25.4120704964242,EJURA-SEKYEDUMASE,transition_zone,TZ,TRANSITION ZONE,0.999999999276472
Ejura_Sekyedumase,2007,271.45832971875,1141.40641726562,23.7827933689966,EJURA-SEKYEDUMASE,transition_zone,TZ,TRANSITION ZONE,0.999999999276472
Ejura_Sekyedumase,2008,225.288907625,1141.40641726562,19.7378343258931,EJURA-SEKYEDUMASE,transition_zone,TZ,TRANSITION ZONE,0.999999999276472
Ejura_Sekyedumase,2009,139.36315515625,1141.40641726562,12.2097749800734,EJURA-SEKYEDUMASE,transition_zone,TZ,TRANSITION ZONE,0.999999999276472
Ejura_Sekyedumase,2010,298.818427953125,1141.40641726562,26.1798447453082,EJURA-SEKYEDUMASE,transition_zone,TZ,TRANSITION ZONE,0.999999999276472
Ejura_Sekyedumase,2011,135.94313828125,1141.40641726562,11.9101431553993,EJURA-SEKYEDUMASE,transition_zone,TZ,TRANSITION ZONE,0.999999999276472
Ejura_Sekyedumase,2012,221.654865171875,1141.40641726562,19.4194514608457,EJURA-SEKYEDUMASE,transition_zone,TZ,TRANSITION ZONE,0.999999999276472
Ejura_Sekyedumase,2013,182.75360871875,1141.40641726562,16.0112652210734,EJURA-SEKYEDUMASE,transition_zone,TZ,TRANSITION ZONE,0.999999999276472
Ejura_Sekyedumase,2014,153.683987171875,1141.40641726562,13.4644404348141,EJURA-SEKYEDUMASE,transition_zone,TZ,TRANSITION ZONE,0.999999999276472
Ejura_Sekyedumase,2015,91.91106515625,1141.40641726562,8.05243984666163,EJURA-SEKYEDUMASE,transition_zone,TZ,TRANSITION ZONE,0.999999999276472
Ejura_Sekyedumase,2016,313.566228796875,1141.40641726562,27.4719174567164,EJURA-SEKYEDUMASE,transition_zone,TZ,TRANSITION ZONE,0.999999999276472
Ejura_Sekyedumase,2017,95.7587474843751,1141.40641726562,8.38953996016395,EJURA-SEKYEDUMASE,transition_zone,TZ,TRANSITION ZONE,0.999999999276472
Ejura_Sekyedumase,2018,190.234724375,1141.40641726562,16.6666948334433,EJURA-SEKYEDUMASE,transition_zone,TZ,TRANSITION ZONE,0.999999999276472
Ejura_Sekyedumase,2019,144.2792261875,1141.40641726562,12.6404779231168,EJURA-SEKYEDUMASE,transition_zone,TZ,TRANSITION ZONE,0.999999999276472
Ejura_Sekyedumase,2020,281.717708906251,1141.40641726562,24.6816300175655,EJURA-SEKYEDUMASE,transition_zone,TZ,TRANSITION ZONE,0.999999999276472
Ejura_Sekyedumase,2021,39.756756125,1141.40641726562,3.48313760318977,EJURA-SEKYEDUMASE,transition_zone,TZ,TRANSITION ZONE,0.999999999276472
Ejura_Sekyedumase,2022,132.0953264375,1141.40641726562,11.5730316948761,EJURA-SEKYEDUMASE,transition_zone,TZ,TRANSITION ZONE,0.999999999276472
Ejura_Sekyedumase,2023,80.582515703125,1141.40641726562,7.05993189491349,EJURA-SEKYEDUMASE,transition_zone,TZ,TRANSITION ZONE,0.999999999276472
Ejura_Sekyedumase,2024,170.783459625,1141.40641726562,14.9625459469671,EJURA-SEKYEDUMASE,transition_zone,TZ,TRANSITION ZONE,0.999999999276472
Ekumfi,2001,0,233.813221437502,0,EKUMFI,coastal_zone,CZ,COASTAL ZONE,0.999999999146604
Ekumfi,2002,0,233.813221437502,0,EKUMFI,coastal_zone,CZ,COASTAL ZONE,0.999999999146604
Ekumfi,2003,0,233.813221437502,0,EKUMFI,coastal_zone,CZ,COASTAL ZONE,0.999999999146604
Ekumfi,2004,117.761475921875,233.813221437502,50.3656188464743,EKUMFI,coastal_zone,CZ,COASTAL ZONE,0.999999999146604
Ekumfi,2005,0.21372421875,233.813221437502,0.0914080980690515,EKUMFI,coastal_zone,CZ,COASTAL ZONE,0.999999999146604
Ekumfi,2006,0.427446328125,233.813221437502,0.18281529397569,EKUMFI,coastal_zone,CZ,COASTAL ZONE,0.999999999146604
Ekumfi,2007,6.625421296875,233.813221437502,2.83363842991487,EKUMFI,coastal_zone,CZ,COASTAL ZONE,0.999999999146604
Ekumfi,2008,0,233.813221437502,0,EKUMFI,coastal_zone,CZ,COASTAL ZONE,0.999999999146604
Ekumfi,2009,5.556812328125,233.813221437502,2.37660312533282,EKUMFI,coastal_zone,CZ,COASTAL ZONE,0.999999999146604
Ekumfi,2010,0,233.813221437502,0,EKUMFI,coastal_zone,CZ,COASTAL ZONE,0.999999999146604
Ekumfi,2011,0,233.813221437502,0,EKUMFI,coastal_zone,CZ,COASTAL ZONE,0.999999999146604
Ekumfi,2012,24.791905046875,233.813221437502,10.6032947557253,EKUMFI,coastal_zone,CZ,COASTAL ZONE,0.999999999146604
Ekumfi,2013,2.3509543125,233.813221437502,1.00548390636173,EKUMFI,coastal_zone,CZ,COASTAL ZONE,0.999999999146604
Ekumfi,2014,0,233.813221437502,0,EKUMFI,coastal_zone,CZ,COASTAL ZONE,0.999999999146604
Ekumfi,2015,0.42744553125,233.813221437502,0.182814953158779,EKUMFI,coastal_zone,CZ,COASTAL ZONE,0.999999999146604
Ekumfi,2016,0,233.813221437502,0,EKUMFI,coastal_zone,CZ,COASTAL ZONE,0.999999999146604
Ekumfi,2017,0,233.813221437502,0,EKUMFI,coastal_zone,CZ,COASTAL ZONE,0.999999999146604
Ekumfi,2018,7.05286565625,233.813221437502,3.01645288187231,EKUMFI,coastal_zone,CZ,COASTAL ZONE,0.999999999146604
Ekumfi,2019,0,233.813221437502,0,EKUMFI,coastal_zone,CZ,COASTAL ZONE,0.999999999146604
Ekumfi,2020,0,233.813221437502,0,EKUMFI,coastal_zone,CZ,COASTAL ZONE,0.999999999146604
Ekumfi,2021,0,233.813221437502,0,EKUMFI,coastal_zone,CZ,COASTAL ZONE,0.999999999146604
Ekumfi,2022,0,233.813221437502,0,EKUMFI,coastal_zone,CZ,COASTAL ZONE,0.999999999146604
Ekumfi,2023,19.6625159375,233.813221437502,8.40949704067774,EKUMFI,coastal_zone,CZ,COASTAL ZONE,0.999999999146604
Ekumfi,2024,0,233.813221437502,0,EKUMFI,coastal_zone,CZ,COASTAL ZONE,0.999999999146604
Ellembelle,2001,0,843.98821340625,0,ELLEMBELLE,coastal_zone,CZ,COASTAL ZONE,0.999999999236956
Ellembelle,2002,0,843.98821340625,0,ELLEMBELLE,coastal_zone,CZ,COASTAL ZONE,0.999999999236956
Ellembelle,2003,0.213720921875,843.98821340625,0.0253227377444579,ELLEMBELLE,coastal_zone,CZ,COASTAL ZONE,0.999999999236956
Ellembelle,2004,2.992093234375,843.98821340625,0.354518367300323,ELLEMBELLE,coastal_zone,CZ,COASTAL ZONE,0.999999999236956
Ellembelle,2005,0.85488159375,843.98821340625,0.101290702899722,ELLEMBELLE,coastal_zone,CZ,COASTAL ZONE,0.999999999236956
Ellembelle,2006,0,843.98821340625,0,ELLEMBELLE,coastal_zone,CZ,COASTAL ZONE,0.999999999236956
Ellembelle,2007,0,843.98821340625,0,ELLEMBELLE,coastal_zone,CZ,COASTAL ZONE,0.999999999236956
Ellembelle,2008,0,843.98821340625,0,ELLEMBELLE,coastal_zone,CZ,COASTAL ZONE,0.999999999236956
Ellembelle,2009,0,843.98821340625,0,ELLEMBELLE,coastal_zone,CZ,COASTAL ZONE,0.999999999236956
Ellembelle,2010,0.4274420625,843.98821340625,0.0506455014075241,ELLEMBELLE,coastal_zone,CZ,COASTAL ZONE,0.999999999236956
Ellembelle,2011,0,843.98821340625,0,ELLEMBELLE,coastal_zone,CZ,COASTAL ZONE,0.999999999236956
Ellembelle,2012,0,843.98821340625,0,ELLEMBELLE,coastal_zone,CZ,COASTAL ZONE,0.999999999236956
Ellembelle,2013,18.807535671875,843.98821340625,2.22841212390511,ELLEMBELLE,coastal_zone,CZ,COASTAL ZONE,0.999999999236956
Ellembelle,2014,2.13720965625,843.98821340625,0.253227429281795,ELLEMBELLE,coastal_zone,CZ,COASTAL ZONE,0.999999999236956
Ellembelle,2015,0,843.98821340625,0,ELLEMBELLE,coastal_zone,CZ,COASTAL ZONE,0.999999999236956
Ellembelle,2016,0,843.98821340625,0,ELLEMBELLE,coastal_zone,CZ,COASTAL ZONE,0.999999999236956
Ellembelle,2017,0,843.98821340625,0,ELLEMBELLE,coastal_zone,CZ,COASTAL ZONE,0.999999999236956
Ellembelle,2018,0.213720671875,843.98821340625,0.0253227081231911,ELLEMBELLE,coastal_zone,CZ,COASTAL ZONE,0.999999999236956
Ellembelle,2019,0,843.98821340625,0,ELLEMBELLE,coastal_zone,CZ,COASTAL ZONE,0.999999999236956
Ellembelle,2020,0,843.98821340625,0,ELLEMBELLE,coastal_zone,CZ,COASTAL ZONE,0.999999999236956
Ellembelle,2021,0,843.98821340625,0,ELLEMBELLE,coastal_zone,CZ,COASTAL ZONE,0.999999999236956
Ellembelle,2022,0,843.98821340625,0,ELLEMBELLE,coastal_zone,CZ,COASTAL ZONE,0.999999999236956
Ellembelle,2023,11.1134699375,843.98821340625,1.3167802299806,ELLEMBELLE,coastal_zone,CZ,COASTAL ZONE,0.999999999236956
Ellembelle,2024,0,843.98821340625,0,ELLEMBELLE,coastal_zone,CZ,COASTAL ZONE,0.999999999236956
Fanteakwa_North,2001,78.654906984375,646.55096992188,12.1653064713334,FANTEAKWA NORTH,forest_zone,FZ,FOREST ZONE,1
Fanteakwa_North,2002,62.83837396875,646.55096992188,9.71901317793128,FANTEAKWA NORTH,forest_zone,FZ,FOREST ZONE,1
Fanteakwa_North,2003,42.31974375,646.55096992188,6.54546133541696,FANTEAKWA NORTH,forest_zone,FZ,FOREST ZONE,1
Fanteakwa_North,2004,72.02915634375,646.55096992188,11.1405225101515,FANTEAKWA NORTH,forest_zone,FZ,FOREST ZONE,1
Fanteakwa_North,2005,47.663084703125,646.55096992188,7.37189903355709,FANTEAKWA NORTH,forest_zone,FZ,FOREST ZONE,1
Fanteakwa_North,2006,94.471328671875,646.55096992188,14.6115825459653,FANTEAKWA NORTH,forest_zone,FZ,FOREST ZONE,1
Fanteakwa_North,2007,127.60012403125,646.55096992188,19.7355088720488,FANTEAKWA NORTH,forest_zone,FZ,FOREST ZONE,1
Fanteakwa_North,2008,108.7915374375,646.55096992188,16.8264440853975,FANTEAKWA NORTH,forest_zone,FZ,FOREST ZONE,1
Fanteakwa_North,2009,36.762578234375,646.55096992188,5.68595206636484,FANTEAKWA NORTH,forest_zone,FZ,FOREST ZONE,1
Fanteakwa_North,2010,56.639928734375,646.55096992188,8.76031919667812,FANTEAKWA NORTH,forest_zone,FZ,FOREST ZONE,1
Fanteakwa_North,2011,59.204880609375,646.55096992188,9.15703221611879,FANTEAKWA NORTH,forest_zone,FZ,FOREST ZONE,1
Fanteakwa_North,2012,71.387731234375,646.55096992188,11.0413153108409,FANTEAKWA NORTH,forest_zone,FZ,FOREST ZONE,1
Fanteakwa_North,2013,43.17474378125,646.55096992188,6.6777014945112,FANTEAKWA NORTH,forest_zone,FZ,FOREST ZONE,1
Fanteakwa_North,2014,33.12910834375,646.55096992188,5.12397473438991,FANTEAKWA NORTH,forest_zone,FZ,FOREST ZONE,1
Fanteakwa_North,2015,61.128521515625,646.55096992188,9.45455569001945,FANTEAKWA NORTH,forest_zone,FZ,FOREST ZONE,1
Fanteakwa_North,2016,81.00597746875,646.55096992188,12.5289391304351,FANTEAKWA NORTH,forest_zone,FZ,FOREST ZONE,1
Fanteakwa_North,2017,25.00709725,646.55096992188,3.86776888649962,FANTEAKWA NORTH,forest_zone,FZ,FOREST ZONE,1
Fanteakwa_North,2018,65.83073996875,646.55096992188,10.1818329924869,FANTEAKWA NORTH,forest_zone,FZ,FOREST ZONE,1
Fanteakwa_North,2019,22.228539421875,646.55096992188,3.43801810776973,FANTEAKWA NORTH,forest_zone,FZ,FOREST ZONE,1
Fanteakwa_North,2020,145.340390578125,646.55096992188,22.4793399653682,FANTEAKWA NORTH,forest_zone,FZ,FOREST ZONE,1
Fanteakwa_North,2021,58.77731740625,646.55096992188,9.09090236356027,FANTEAKWA NORTH,forest_zone,FZ,FOREST ZONE,1
Fanteakwa_North,2022,86.99046865625,646.55096992188,13.4545415138362,FANTEAKWA NORTH,forest_zone,FZ,FOREST ZONE,1
Fanteakwa_North,2023,92.547568171875,646.55096992188,14.3140405748764,FANTEAKWA NORTH,forest_zone,FZ,FOREST ZONE,1
Fanteakwa_North,2024,38.47245015625,646.55096992188,5.95041256544685,FANTEAKWA NORTH,forest_zone,FZ,FOREST ZONE,1
Fanteakwa_South,2001,12.396613859375,225.06202590625,5.50808774134951,FANTEAKWA SOUTH,forest_zone,FZ,FOREST ZONE,0.999999999999999
Fanteakwa_South,2002,0.85493984375,225.06202590625,0.379868545263219,FANTEAKWA SOUTH,forest_zone,FZ,FOREST ZONE,0.999999999999999
Fanteakwa_South,2003,0,225.06202590625,0,FANTEAKWA SOUTH,forest_zone,FZ,FOREST ZONE,0.999999999999999
Fanteakwa_South,2004,4.702169359375,225.06202590625,2.08927709614313,FANTEAKWA SOUTH,forest_zone,FZ,FOREST ZONE,0.999999999999999
Fanteakwa_South,2005,16.671316203125,225.06202590625,7.40743185617172,FANTEAKWA SOUTH,forest_zone,FZ,FOREST ZONE,0.999999999999999
Fanteakwa_South,2006,4.488426734375,225.06202590625,1.99430655451607,FANTEAKWA SOUTH,forest_zone,FZ,FOREST ZONE,0.999999999999999
Fanteakwa_South,2007,16.457567578125,225.06202590625,7.31245864861291,FANTEAKWA SOUTH,forest_zone,FZ,FOREST ZONE,0.999999999999999
Fanteakwa_South,2008,7.053235375,225.06202590625,3.13390735136191,FANTEAKWA SOUTH,forest_zone,FZ,FOREST ZONE,0.999999999999999
Fanteakwa_South,2009,3.847236421875,225.06202590625,1.70941161947844,FANTEAKWA SOUTH,forest_zone,FZ,FOREST ZONE,0.999999999999999
Fanteakwa_South,2010,11.969156109375,225.06202590625,5.31815887694923,FANTEAKWA SOUTH,forest_zone,FZ,FOREST ZONE,0.999999999999999
Fanteakwa_South,2011,5.984573375,225.06202590625,2.6590773591867,FANTEAKWA SOUTH,forest_zone,FZ,FOREST ZONE,0.999999999999999
Fanteakwa_South,2012,9.618065953125,225.06202590625,4.27351789552069,FANTEAKWA SOUTH,forest_zone,FZ,FOREST ZONE,0.999999999999999
Fanteakwa_South,2013,3.8472275625,225.06202590625,1.70940768306359,FANTEAKWA SOUTH,forest_zone,FZ,FOREST ZONE,0.999999999999999
Fanteakwa_South,2014,5.77085690625,225.06202590625,2.56411843935585,FANTEAKWA SOUTH,forest_zone,FZ,FOREST ZONE,0.999999999999999
Fanteakwa_South,2015,5.34336346875,225.06202590625,2.3741737182157,FANTEAKWA SOUTH,forest_zone,FZ,FOREST ZONE,0.999999999999999
Fanteakwa_South,2016,22.869598375,225.06202590625,10.1614647264067,FANTEAKWA SOUTH,forest_zone,FZ,FOREST ZONE,0.999999999999999
Fanteakwa_South,2017,6.19831534375,225.06202590625,2.75404760922748,FANTEAKWA SOUTH,forest_zone,FZ,FOREST ZONE,0.999999999999999
Fanteakwa_South,2018,13.89277628125,225.06202590625,6.17286555797604,FANTEAKWA SOUTH,forest_zone,FZ,FOREST ZONE,0.999999999999999
Fanteakwa_South,2019,2.7785601875,225.06202590625,1.23457530265786,FANTEAKWA SOUTH,forest_zone,FZ,FOREST ZONE,0.999999999999999
Fanteakwa_South,2020,29.7090853125,225.06202590625,13.2003989535202,FANTEAKWA SOUTH,forest_zone,FZ,FOREST ZONE,0.999999999999999
Fanteakwa_South,2021,22.86962315625,225.06202590625,10.1614757372603,FANTEAKWA SOUTH,forest_zone,FZ,FOREST ZONE,0.999999999999999
Fanteakwa_South,2022,40.609575390625,225.06202590625,18.0437260471214,FANTEAKWA SOUTH,forest_zone,FZ,FOREST ZONE,0.999999999999999
Fanteakwa_South,2023,7.05324778125,225.06202590625,3.1339128637312,FANTEAKWA SOUTH,forest_zone,FZ,FOREST ZONE,0.999999999999999
Fanteakwa_South,2024,12.610357921875,225.06202590625,5.60305892168938,FANTEAKWA SOUTH,forest_zone,FZ,FOREST ZONE,0.999999999999999
Ga_Central_Municipal,2001,0,7.69415459375,0,GA CENTRAL MUNICIPAL,coastal_zone,CZ,COASTAL ZONE,1
Ga_Central_Municipal,2002,0,7.69415459375,0,GA CENTRAL MUNICIPAL,coastal_zone,CZ,COASTAL ZONE,1
Ga_Central_Municipal,2003,0,7.69415459375,0,GA CENTRAL MUNICIPAL,coastal_zone,CZ,COASTAL ZONE,1
Ga_Central_Municipal,2004,0,7.69415459375,0,GA CENTRAL MUNICIPAL,coastal_zone,CZ,COASTAL ZONE,1
Ga_Central_Municipal,2005,0,7.69415459375,0,GA CENTRAL MUNICIPAL,coastal_zone,CZ,COASTAL ZONE,1
Ga_Central_Municipal,2006,0,7.69415459375,0,GA CENTRAL MUNICIPAL,coastal_zone,CZ,COASTAL ZONE,1
Ga_Central_Municipal,2007,0,7.69415459375,0,GA CENTRAL MUNICIPAL,coastal_zone,CZ,COASTAL ZONE,1
Ga_Central_Municipal,2008,0,7.69415459375,0,GA CENTRAL MUNICIPAL,coastal_zone,CZ,COASTAL ZONE,1
Ga_Central_Municipal,2009,0,7.69415459375,0,GA CENTRAL MUNICIPAL,coastal_zone,CZ,COASTAL ZONE,1
Ga_Central_Municipal,2010,0,7.69415459375,0,GA CENTRAL MUNICIPAL,coastal_zone,CZ,COASTAL ZONE,1
Ga_Central_Municipal,2011,0,7.69415459375,0,GA CENTRAL MUNICIPAL,coastal_zone,CZ,COASTAL ZONE,1
Ga_Central_Municipal,2012,0,7.69415459375,0,GA CENTRAL MUNICIPAL,coastal_zone,CZ,COASTAL ZONE,1
Ga_Central_Municipal,2013,0,7.69415459375,0,GA CENTRAL MUNICIPAL,coastal_zone,CZ,COASTAL ZONE,1
Ga_Central_Municipal,2014,0,7.69415459375,0,GA CENTRAL MUNICIPAL,coastal_zone,CZ,COASTAL ZONE,1
Ga_Central_Municipal,2015,0,7.69415459375,0,GA CENTRAL MUNICIPAL,coastal_zone,CZ,COASTAL ZONE,1
Ga_Central_Municipal,2016,0,7.69415459375,0,GA CENTRAL MUNICIPAL,coastal_zone,CZ,COASTAL ZONE,1
Ga_Central_Municipal,2017,0,7.69415459375,0,GA CENTRAL MUNICIPAL,coastal_zone,CZ,COASTAL ZONE,1
Ga_Central_Municipal,2018,0,7.69415459375,0,GA CENTRAL MUNICIPAL,coastal_zone,CZ,COASTAL ZONE,1
Ga_Central_Municipal,2019,0,7.69415459375,0,GA CENTRAL MUNICIPAL,coastal_zone,CZ,COASTAL ZONE,1
Ga_Central_Municipal,2020,0,7.69415459375,0,GA CENTRAL MUNICIPAL,coastal_zone,CZ,COASTAL ZONE,1
Ga_Central_Municipal,2021,0,7.69415459375,0,GA CENTRAL MUNICIPAL,coastal_zone,CZ,COASTAL ZONE,1
Ga_Central_Municipal,2022,0,7.69415459375,0,GA CENTRAL MUNICIPAL,coastal_zone,CZ,COASTAL ZONE,1
Ga_Central_Municipal,2023,0,7.69415459375,0,GA CENTRAL MUNICIPAL,coastal_zone,CZ,COASTAL ZONE,1
Ga_Central_Municipal,2024,0,7.69415459375,0,GA CENTRAL MUNICIPAL,coastal_zone,CZ,COASTAL ZONE,1
Ga_East,2001,2.77846084375,25.647334203125,10.8333319234849,GA EAST,coastal_zone,CZ,COASTAL ZONE,0.99999999806792
Ga_East,2002,0,25.647334203125,0,GA EAST,coastal_zone,CZ,COASTAL ZONE,0.99999999806792
Ga_East,2003,0,25.647334203125,0,GA EAST,coastal_zone,CZ,COASTAL ZONE,0.99999999806792
Ga_East,2004,0,25.647334203125,0,GA EAST,coastal_zone,CZ,COASTAL ZONE,0.99999999806792
Ga_East,2005,0,25.647334203125,0,GA EAST,coastal_zone,CZ,COASTAL ZONE,0.99999999806792
Ga_East,2006,7.266745546875,25.647334203125,28.3333366708716,GA EAST,coastal_zone,CZ,COASTAL ZONE,0.99999999806792
Ga_East,2007,2.137279046875,25.647334203125,8.3333379989823,GA EAST,coastal_zone,CZ,COASTAL ZONE,0.99999999806792
Ga_East,2008,1.282362859375,25.647334203125,4.99998498564716,GA EAST,coastal_zone,CZ,COASTAL ZONE,0.99999999806792
Ga_East,2009,0,25.647334203125,0,GA EAST,coastal_zone,CZ,COASTAL ZONE,0.99999999806792
Ga_East,2010,0,25.647334203125,0,GA EAST,coastal_zone,CZ,COASTAL ZONE,0.99999999806792
Ga_East,2011,0,25.647334203125,0,GA EAST,coastal_zone,CZ,COASTAL ZONE,0.99999999806792
Ga_East,2012,0,25.647334203125,0,GA EAST,coastal_zone,CZ,COASTAL ZONE,0.99999999806792
Ga_East,2013,0,25.647334203125,0,GA EAST,coastal_zone,CZ,COASTAL ZONE,0.99999999806792
Ga_East,2014,0,25.647334203125,0,GA EAST,coastal_zone,CZ,COASTAL ZONE,0.99999999806792
Ga_East,2015,0,25.647334203125,0,GA EAST,coastal_zone,CZ,COASTAL ZONE,0.99999999806792
Ga_East,2016,0,25.647334203125,0,GA EAST,coastal_zone,CZ,COASTAL ZONE,0.99999999806792
Ga_East,2017,0,25.647334203125,0,GA EAST,coastal_zone,CZ,COASTAL ZONE,0.99999999806792
Ga_East,2018,0,25.647334203125,0,GA EAST,coastal_zone,CZ,COASTAL ZONE,0.99999999806792
Ga_East,2019,0,25.647334203125,0,GA EAST,coastal_zone,CZ,COASTAL ZONE,0.99999999806792
Ga_East,2020,0,25.647334203125,0,GA EAST,coastal_zone,CZ,COASTAL ZONE,0.99999999806792
Ga_East,2021,0,25.647334203125,0,GA EAST,coastal_zone,CZ,COASTAL ZONE,0.99999999806792
Ga_East,2022,0.213728203125,25.647334203125,0.83333496351819,GA EAST,coastal_zone,CZ,COASTAL ZONE,0.99999999806792
Ga_East,2023,0,25.647334203125,0,GA EAST,coastal_zone,CZ,COASTAL ZONE,0.99999999806792
Ga_East,2024,0,25.647334203125,0,GA EAST,coastal_zone,CZ,COASTAL ZONE,0.99999999806792
Ga_North_Municipal,2001,0.85491071875,66.0419436562501,1.29449660536921,GA NORTH MUNICIPAL,coastal_zone,CZ,COASTAL ZONE,0.999999998307347
Ga_North_Municipal,2002,0,66.0419436562501,0,GA NORTH MUNICIPAL,coastal_zone,CZ,COASTAL ZONE,0.999999998307347
Ga_North_Municipal,2003,0,66.0419436562501,0,GA NORTH MUNICIPAL,coastal_zone,CZ,COASTAL ZONE,0.999999998307347
Ga_North_Municipal,2004,0,66.0419436562501,0,GA NORTH MUNICIPAL,coastal_zone,CZ,COASTAL ZONE,0.999999998307347
Ga_North_Municipal,2005,0,66.0419436562501,0,GA NORTH MUNICIPAL,coastal_zone,CZ,COASTAL ZONE,0.999999998307347
Ga_North_Municipal,2006,3.41965025,66.0419436562501,5.17799758862241,GA NORTH MUNICIPAL,coastal_zone,CZ,COASTAL ZONE,0.999999998307347
Ga_North_Municipal,2007,4.27456021875,66.0419436562501,6.47249305834969,GA NORTH MUNICIPAL,coastal_zone,CZ,COASTAL ZONE,0.999999998307347
Ga_North_Municipal,2008,0,66.0419436562501,0,GA NORTH MUNICIPAL,coastal_zone,CZ,COASTAL ZONE,0.999999998307347
Ga_North_Municipal,2009,0,66.0419436562501,0,GA NORTH MUNICIPAL,coastal_zone,CZ,COASTAL ZONE,0.999999998307347
Ga_North_Municipal,2010,0,66.0419436562501,0,GA NORTH MUNICIPAL,coastal_zone,CZ,COASTAL ZONE,0.999999998307347
Ga_North_Municipal,2011,0,66.0419436562501,0,GA NORTH MUNICIPAL,coastal_zone,CZ,COASTAL ZONE,0.999999998307347
Ga_North_Municipal,2012,0,66.0419436562501,0,GA NORTH MUNICIPAL,coastal_zone,CZ,COASTAL ZONE,0.999999998307347
Ga_North_Municipal,2013,0,66.0419436562501,0,GA NORTH MUNICIPAL,coastal_zone,CZ,COASTAL ZONE,0.999999998307347
Ga_North_Municipal,2014,0,66.0419436562501,0,GA NORTH MUNICIPAL,coastal_zone,CZ,COASTAL ZONE,0.999999998307347
Ga_North_Municipal,2015,1.496097515625,66.0419436562501,2.26537474943534,GA NORTH MUNICIPAL,coastal_zone,CZ,COASTAL ZONE,0.999999998307347
Ga_North_Municipal,2016,0.42745653125,66.0419436562501,0.64725007712511,GA NORTH MUNICIPAL,coastal_zone,CZ,COASTAL ZONE,0.999999998307347
Ga_North_Municipal,2017,0,66.0419436562501,0,GA NORTH MUNICIPAL,coastal_zone,CZ,COASTAL ZONE,0.999999998307347
Ga_North_Municipal,2018,0,66.0419436562501,0,GA NORTH MUNICIPAL,coastal_zone,CZ,COASTAL ZONE,0.999999998307347
Ga_North_Municipal,2019,0,66.0419436562501,0,GA NORTH MUNICIPAL,coastal_zone,CZ,COASTAL ZONE,0.999999998307347
Ga_North_Municipal,2020,0,66.0419436562501,0,GA NORTH MUNICIPAL,coastal_zone,CZ,COASTAL ZONE,0.999999998307347
Ga_North_Municipal,2021,0,66.0419436562501,0,GA NORTH MUNICIPAL,coastal_zone,CZ,COASTAL ZONE,0.999999998307347
Ga_North_Municipal,2022,11.96877915625,66.0419436562501,18.1229965286119,GA NORTH MUNICIPAL,coastal_zone,CZ,COASTAL ZONE,0.999999998307347
Ga_North_Municipal,2023,4.060835625,66.0419436562501,6.14887357970073,GA NORTH MUNICIPAL,coastal_zone,CZ,COASTAL ZONE,0.999999998307347
Ga_North_Municipal,2024,0,66.0419436562501,0,GA NORTH MUNICIPAL,coastal_zone,CZ,COASTAL ZONE,0.999999998307347
Ga_South_Municipal,2001,0,153.456094234376,0,GA SOUTH MUNICIPAL,coastal_zone,CZ,COASTAL ZONE,0.999999999978191
Ga_South_Municipal,2002,0,153.456094234376,0,GA SOUTH MUNICIPAL,coastal_zone,CZ,COASTAL ZONE,0.999999999978191
Ga_South_Municipal,2003,0,153.456094234376,0,GA SOUTH MUNICIPAL,coastal_zone,CZ,COASTAL ZONE,0.999999999978191
Ga_South_Municipal,2004,0.213726671875,153.456094234376,0.139275453960513,GA SOUTH MUNICIPAL,coastal_zone,CZ,COASTAL ZONE,0.999999999978191
Ga_South_Municipal,2005,0,153.456094234376,0,GA SOUTH MUNICIPAL,coastal_zone,CZ,COASTAL ZONE,0.999999999978191
Ga_South_Municipal,2006,0,153.456094234376,0,GA SOUTH MUNICIPAL,coastal_zone,CZ,COASTAL ZONE,0.999999999978191
Ga_South_Municipal,2007,0.2137265625,153.456094234376,0.139275382686055,GA SOUTH MUNICIPAL,coastal_zone,CZ,COASTAL ZONE,0.999999999978191
Ga_South_Municipal,2008,0,153.456094234376,0,GA SOUTH MUNICIPAL,coastal_zone,CZ,COASTAL ZONE,0.999999999978191
Ga_South_Municipal,2009,0,153.456094234376,0,GA SOUTH MUNICIPAL,coastal_zone,CZ,COASTAL ZONE,0.999999999978191
Ga_South_Municipal,2010,0,153.456094234376,0,GA SOUTH MUNICIPAL,coastal_zone,CZ,COASTAL ZONE,0.999999999978191
Ga_South_Municipal,2011,0,153.456094234376,0,GA SOUTH MUNICIPAL,coastal_zone,CZ,COASTAL ZONE,0.999999999978191
Ga_South_Municipal,2012,0,153.456094234376,0,GA SOUTH MUNICIPAL,coastal_zone,CZ,COASTAL ZONE,0.999999999978191
Ga_South_Municipal,2013,0,153.456094234376,0,GA SOUTH MUNICIPAL,coastal_zone,CZ,COASTAL ZONE,0.999999999978191
Ga_South_Municipal,2014,0,153.456094234376,0,GA SOUTH MUNICIPAL,coastal_zone,CZ,COASTAL ZONE,0.999999999978191
Ga_South_Municipal,2015,0,153.456094234376,0,GA SOUTH MUNICIPAL,coastal_zone,CZ,COASTAL ZONE,0.999999999978191
Ga_South_Municipal,2016,0.42745484375,153.456094234376,0.278551885399313,GA SOUTH MUNICIPAL,coastal_zone,CZ,COASTAL ZONE,0.999999999978191
Ga_South_Municipal,2017,0,153.456094234376,0,GA SOUTH MUNICIPAL,coastal_zone,CZ,COASTAL ZONE,0.999999999978191
Ga_South_Municipal,2018,0,153.456094234376,0,GA SOUTH MUNICIPAL,coastal_zone,CZ,COASTAL ZONE,0.999999999978191
Ga_South_Municipal,2019,0,153.456094234376,0,GA SOUTH MUNICIPAL,coastal_zone,CZ,COASTAL ZONE,0.999999999978191
Ga_South_Municipal,2020,0.213726640625,153.456094234376,0.139275433596383,GA SOUTH MUNICIPAL,coastal_zone,CZ,COASTAL ZONE,0.999999999978191
Ga_South_Municipal,2021,0,153.456094234376,0,GA SOUTH MUNICIPAL,coastal_zone,CZ,COASTAL ZONE,0.999999999978191
Ga_South_Municipal,2022,0,153.456094234376,0,GA SOUTH MUNICIPAL,coastal_zone,CZ,COASTAL ZONE,0.999999999978191
Ga_South_Municipal,2023,0,153.456094234376,0,GA SOUTH MUNICIPAL,coastal_zone,CZ,COASTAL ZONE,0.999999999978191
Ga_South_Municipal,2024,0,153.456094234376,0,GA SOUTH MUNICIPAL,coastal_zone,CZ,COASTAL ZONE,0.999999999978191
Ga_West_Municipal,2001,0,117.550210671875,0,GA WEST MUNICIPAL,coastal_zone,CZ,COASTAL ZONE,0.999999998636461
Ga_West_Municipal,2002,0,117.550210671875,0,GA WEST MUNICIPAL,coastal_zone,CZ,COASTAL ZONE,0.999999998636461
Ga_West_Municipal,2003,0,117.550210671875,0,GA WEST MUNICIPAL,coastal_zone,CZ,COASTAL ZONE,0.999999998636461
Ga_West_Municipal,2004,0,117.550210671875,0,GA WEST MUNICIPAL,coastal_zone,CZ,COASTAL ZONE,0.999999998636461
Ga_West_Municipal,2005,0,117.550210671875,0,GA WEST MUNICIPAL,coastal_zone,CZ,COASTAL ZONE,0.999999998636461
Ga_West_Municipal,2006,0,117.550210671875,0,GA WEST MUNICIPAL,coastal_zone,CZ,COASTAL ZONE,0.999999998636461
Ga_West_Municipal,2007,0,117.550210671875,0,GA WEST MUNICIPAL,coastal_zone,CZ,COASTAL ZONE,0.999999998636461
Ga_West_Municipal,2008,0,117.550210671875,0,GA WEST MUNICIPAL,coastal_zone,CZ,COASTAL ZONE,0.999999998636461
Ga_West_Municipal,2009,0,117.550210671875,0,GA WEST MUNICIPAL,coastal_zone,CZ,COASTAL ZONE,0.999999998636461
Ga_West_Municipal,2010,0,117.550210671875,0,GA WEST MUNICIPAL,coastal_zone,CZ,COASTAL ZONE,0.999999998636461
Ga_West_Municipal,2011,0,117.550210671875,0,GA WEST MUNICIPAL,coastal_zone,CZ,COASTAL ZONE,0.999999998636461
Ga_West_Municipal,2012,0.21372790625,117.550210671875,0.181818394904107,GA WEST MUNICIPAL,coastal_zone,CZ,COASTAL ZONE,0.999999998636461
Ga_West_Municipal,2013,0,117.550210671875,0,GA WEST MUNICIPAL,coastal_zone,CZ,COASTAL ZONE,0.999999998636461
Ga_West_Municipal,2014,0,117.550210671875,0,GA WEST MUNICIPAL,coastal_zone,CZ,COASTAL ZONE,0.999999998636461
Ga_West_Municipal,2015,0,117.550210671875,0,GA WEST MUNICIPAL,coastal_zone,CZ,COASTAL ZONE,0.999999998636461
Ga_West_Municipal,2016,0,117.550210671875,0,GA WEST MUNICIPAL,coastal_zone,CZ,COASTAL ZONE,0.999999998636461
Ga_West_Municipal,2017,0,117.550210671875,0,GA WEST MUNICIPAL,coastal_zone,CZ,COASTAL ZONE,0.999999998636461
Ga_West_Municipal,2018,0,117.550210671875,0,GA WEST MUNICIPAL,coastal_zone,CZ,COASTAL ZONE,0.999999998636461
Ga_West_Municipal,2019,0,117.550210671875,0,GA WEST MUNICIPAL,coastal_zone,CZ,COASTAL ZONE,0.999999998636461
Ga_West_Municipal,2020,0,117.550210671875,0,GA WEST MUNICIPAL,coastal_zone,CZ,COASTAL ZONE,0.999999998636461
Ga_West_Municipal,2021,0,117.550210671875,0,GA WEST MUNICIPAL,coastal_zone,CZ,COASTAL ZONE,0.999999998636461
Ga_West_Municipal,2022,0,117.550210671875,0,GA WEST MUNICIPAL,coastal_zone,CZ,COASTAL ZONE,0.999999998636461
Ga_West_Municipal,2023,0,117.550210671875,0,GA WEST MUNICIPAL,coastal_zone,CZ,COASTAL ZONE,0.999999998636461
Ga_West_Municipal,2024,0,117.550210671875,0,GA WEST MUNICIPAL,coastal_zone,CZ,COASTAL ZONE,0.999999998636461
Garu,2001,80.1747029531249,578.967657859375,13.8478724786728,GARU,sudan_savannah,SS,SUDAN SAVANNAH,0.999999999272616
Garu,2002,157.142160640625,578.967657859375,27.1417856433689,GARU,sudan_savannah,SS,SUDAN SAVANNAH,0.999999999272616
Garu,2003,134.479576671875,578.967657859375,23.227476499998,GARU,sudan_savannah,SS,SUDAN SAVANNAH,0.999999999272616
Garu,2004,103.05097203125,578.967657859375,17.7990895747548,GARU,sudan_savannah,SS,SUDAN SAVANNAH,0.999999999272616
Garu,2005,211.447015984375,578.967657859375,36.5213864909416,GARU,sudan_savannah,SS,SUDAN SAVANNAH,0.999999999272616
Garu,2006,163.76999159375,578.967657859375,28.2865526891881,GARU,sudan_savannah,SS,SUDAN SAVANNAH,0.999999999272616
Garu,2007,119.513824984375,578.967657859375,20.6425736156412,GARU,sudan_savannah,SS,SUDAN SAVANNAH,0.999999999272616
Garu,2008,155.85930625,578.967657859375,26.9202094683943,GARU,sudan_savannah,SS,SUDAN SAVANNAH,0.999999999272616
Garu,2009,187.288027109375,578.967657859375,32.3486164670817,GARU,sudan_savannah,SS,SUDAN SAVANNAH,0.999999999272616
Garu,2010,128.92082428125,578.967657859375,22.2673620073893,GARU,sudan_savannah,SS,SUDAN SAVANNAH,0.999999999272616
Garu,2011,128.0654933125,578.967657859375,22.1196281992674,GARU,sudan_savannah,SS,SUDAN SAVANNAH,0.999999999272616
Garu,2012,157.99732696875,578.967657859375,27.2894910145613,GARU,sudan_savannah,SS,SUDAN SAVANNAH,0.999999999272616
Garu,2013,145.810909484375,578.967657859375,25.184638123567,GARU,sudan_savannah,SS,SUDAN SAVANNAH,0.999999999272616
Garu,2014,98.5613418437501,578.967657859375,17.0236351730185,GARU,sudan_savannah,SS,SUDAN SAVANNAH,0.999999999272616
Garu,2015,106.044279203125,578.967657859375,18.3160972402507,GARU,sudan_savannah,SS,SUDAN SAVANNAH,0.999999999272616
Garu,2016,157.35571190625,578.967657859375,27.1786704784242,GARU,sudan_savannah,SS,SUDAN SAVANNAH,0.999999999272616
Garu,2017,151.797052078125,578.967657859375,26.2185719733234,GARU,sudan_savannah,SS,SUDAN SAVANNAH,0.999999999272616
Garu,2018,81.02976625,578.967657859375,13.995560054182,GARU,sudan_savannah,SS,SUDAN SAVANNAH,0.999999999272616
Garu,2019,125.2860151875,578.967657859375,21.6395533475431,GARU,sudan_savannah,SS,SUDAN SAVANNAH,0.999999999272616
Garu,2020,101.768174046875,578.967657859375,17.5775231423365,GARU,sudan_savannah,SS,SUDAN SAVANNAH,0.999999999272616
Garu,2021,153.721084390625,578.967657859375,26.5508931809732,GARU,sudan_savannah,SS,SUDAN SAVANNAH,0.999999999272616
Garu,2022,52.59445140625,578.967657859375,9.08417779340356,GARU,sudan_savannah,SS,SUDAN SAVANNAH,0.999999999272616
Garu,2023,54.946006359375,578.967657859375,9.4903412329676,GARU,sudan_savannah,SS,SUDAN SAVANNAH,0.999999999272616
Garu,2024,32.069733453125,578.967657859375,5.53912347568721,GARU,sudan_savannah,SS,SUDAN SAVANNAH,0.999999999272616
Gomoa_Central,2001,0,98.0993557968748,0,GOMOA CENTRAL,coastal_zone,CZ,COASTAL ZONE,0.999999998967507
Gomoa_Central,2002,0,98.0993557968748,0,GOMOA CENTRAL,coastal_zone,CZ,COASTAL ZONE,0.999999998967507
Gomoa_Central,2003,5.129385859375,98.0993557968748,5.22876609913315,GOMOA CENTRAL,coastal_zone,CZ,COASTAL ZONE,0.999999998967507
Gomoa_Central,2004,17.3116441875,98.0993557968748,17.6470518556163,GOMOA CENTRAL,coastal_zone,CZ,COASTAL ZONE,0.999999998967507
Gomoa_Central,2005,31.8448630625,98.0993557968748,32.4618472810751,GOMOA CENTRAL,coastal_zone,CZ,COASTAL ZONE,0.999999998967507
Gomoa_Central,2006,0.21372403125,98.0993557968748,0.217864867219453,GOMOA CENTRAL,coastal_zone,CZ,COASTAL ZONE,0.999999998967507
Gomoa_Central,2007,18.38026928125,98.0993557968748,18.7363812248761,GOMOA CENTRAL,coastal_zone,CZ,COASTAL ZONE,0.999999998967507
Gomoa_Central,2008,7.26661925,98.0993557968748,7.40740771534352,GOMOA CENTRAL,coastal_zone,CZ,COASTAL ZONE,0.999999998967507
Gomoa_Central,2009,8.762694734375,98.0993557968748,8.93246919227389,GOMOA CENTRAL,coastal_zone,CZ,COASTAL ZONE,0.999999998967507
Gomoa_Central,2010,0.8548965625,98.0993557968748,0.871459914854236,GOMOA CENTRAL,coastal_zone,CZ,COASTAL ZONE,0.999999998967507
Gomoa_Central,2011,13.892069640625,98.0993557968748,14.1612241260687,GOMOA CENTRAL,coastal_zone,CZ,COASTAL ZONE,0.999999998967507
Gomoa_Central,2012,29.28019740625,98.0993557968748,29.8474920333603,GOMOA CENTRAL,coastal_zone,CZ,COASTAL ZONE,0.999999998967507
Gomoa_Central,2013,15.815573375,98.0993557968748,16.121995141077,GOMOA CENTRAL,coastal_zone,CZ,COASTAL ZONE,0.999999998967507
Gomoa_Central,2014,4.70192721875,98.0993557968748,4.79302558162139,GOMOA CENTRAL,coastal_zone,CZ,COASTAL ZONE,0.999999998967507
Gomoa_Central,2015,9.617572640625,98.0993557968748,9.80391008941915,GOMOA CENTRAL,coastal_zone,CZ,COASTAL ZONE,0.999999998967507
Gomoa_Central,2016,5.129378484375,98.0993557968748,5.22875858124484,GOMOA CENTRAL,coastal_zone,CZ,COASTAL ZONE,0.999999998967507
Gomoa_Central,2017,4.915651796875,98.0993557968748,5.01089100631138,GOMOA CENTRAL,coastal_zone,CZ,COASTAL ZONE,0.999999998967507
Gomoa_Central,2018,15.17440021875,98.0993557968748,15.468399456333,GOMOA CENTRAL,coastal_zone,CZ,COASTAL ZONE,0.999999998967507
Gomoa_Central,2019,0,98.0993557968748,0,GOMOA CENTRAL,coastal_zone,CZ,COASTAL ZONE,0.999999998967507
Gomoa_Central,2020,6.8391665,98.0993557968748,6.97167320258578,GOMOA CENTRAL,coastal_zone,CZ,COASTAL ZONE,0.999999998967507
Gomoa_Central,2021,0.8548961875,98.0993557968748,0.871459532588729,GOMOA CENTRAL,coastal_zone,CZ,COASTAL ZONE,0.999999998967507
Gomoa_Central,2022,0.213723953125,98.0993557968748,0.217864787580806,GOMOA CENTRAL,coastal_zone,CZ,COASTAL ZONE,0.999999998967507
Gomoa_Central,2023,0,98.0993557968748,0,GOMOA CENTRAL,coastal_zone,CZ,COASTAL ZONE,0.999999998967507
Gomoa_Central,2024,3.847032359375,98.0993557968748,3.92156740288967,GOMOA CENTRAL,coastal_zone,CZ,COASTAL ZONE,0.999999998967507
Gomoa_East,2001,0,430.869980640627,0,GOMOA EAST,coastal_zone,CZ,COASTAL ZONE,0.999999999261723
Gomoa_East,2002,0,430.869980640627,0,GOMOA EAST,coastal_zone,CZ,COASTAL ZONE,0.999999999261723
Gomoa_East,2003,16.456834265625,430.869980640627,3.81944322070352,GOMOA EAST,coastal_zone,CZ,COASTAL ZONE,0.999999999261723
Gomoa_East,2004,18.80781134375,430.869980640627,4.36507814162085,GOMOA EAST,coastal_zone,CZ,COASTAL ZONE,0.999999999261723
Gomoa_East,2005,5.12940615625,430.869980640627,1.19047656757695,GOMOA EAST,coastal_zone,CZ,COASTAL ZONE,0.999999999261723
Gomoa_East,2006,14.319581328125,430.869980640627,3.32341123111764,GOMOA EAST,coastal_zone,CZ,COASTAL ZONE,0.999999999261723
Gomoa_East,2007,10.472531390625,430.869980640627,2.43055489153693,GOMOA EAST,coastal_zone,CZ,COASTAL ZONE,0.999999999261723
Gomoa_East,2008,13.46468446875,430.869980640627,3.12499943689055,GOMOA EAST,coastal_zone,CZ,COASTAL ZONE,0.999999999261723
Gomoa_East,2009,46.3783603281251,430.869980640627,10.7638875790717,GOMOA EAST,coastal_zone,CZ,COASTAL ZONE,0.999999999261723
Gomoa_East,2010,2.350972046875,430.869980640627,0.545633753221685,GOMOA EAST,coastal_zone,CZ,COASTAL ZONE,0.999999999261723
Gomoa_East,2011,45.30977315625,430.869980640627,10.5158807046345,GOMOA EAST,coastal_zone,CZ,COASTAL ZONE,0.999999999261723
Gomoa_East,2012,19.23525221875,430.869980640627,4.46428228537774,GOMOA EAST,coastal_zone,CZ,COASTAL ZONE,0.999999999261723
Gomoa_East,2013,0.2137246875,430.869980640627,0.0496030582548892,GOMOA EAST,coastal_zone,CZ,COASTAL ZONE,0.999999999261723
Gomoa_East,2014,7.69410728125,430.869980640627,1.78571439806742,GOMOA EAST,coastal_zone,CZ,COASTAL ZONE,0.999999999261723
Gomoa_East,2015,4.701959109375,430.869980640627,1.09127099139838,GOMOA EAST,coastal_zone,CZ,COASTAL ZONE,0.999999999261723
Gomoa_East,2016,9.83134325,430.869980640627,2.28174244940029,GOMOA EAST,coastal_zone,CZ,COASTAL ZONE,0.999999999261723
Gomoa_East,2017,0,430.869980640627,0,GOMOA EAST,coastal_zone,CZ,COASTAL ZONE,0.999999999261723
Gomoa_East,2018,0.213724921875,430.869980640627,0.0496031126506491,GOMOA EAST,coastal_zone,CZ,COASTAL ZONE,0.999999999261723
Gomoa_East,2019,0,430.869980640627,0,GOMOA EAST,coastal_zone,CZ,COASTAL ZONE,0.999999999261723
Gomoa_East,2020,15.1744726875,430.869980640627,3.52182174885757,GOMOA EAST,coastal_zone,CZ,COASTAL ZONE,0.999999999261723
Gomoa_East,2021,6.62548153125,430.869980640627,1.53769857008815,GOMOA EAST,coastal_zone,CZ,COASTAL ZONE,0.999999999261723
Gomoa_East,2022,2.992154390625,430.869980640627,0.694444849969868,GOMOA EAST,coastal_zone,CZ,COASTAL ZONE,0.999999999261723
Gomoa_East,2023,0,430.869980640627,0,GOMOA EAST,coastal_zone,CZ,COASTAL ZONE,0.999999999261723
Gomoa_East,2024,0,430.869980640627,0,GOMOA EAST,coastal_zone,CZ,COASTAL ZONE,0.999999999261723
Gomoa_West,2001,0,279.979053390624,0,GOMOA WEST,coastal_zone,CZ,COASTAL ZONE,0.999999999383009
Gomoa_West,2002,0,279.979053390624,0,GOMOA WEST,coastal_zone,CZ,COASTAL ZONE,0.999999999383009
Gomoa_West,2003,4.488219140625,279.979053390624,1.60305533084401,GOMOA WEST,coastal_zone,CZ,COASTAL ZONE,0.999999999383009
Gomoa_West,2004,75.2308833437501,279.979053390624,26.8701827628471,GOMOA WEST,coastal_zone,CZ,COASTAL ZONE,0.999999999383009
Gomoa_West,2005,5.770539140625,279.979053390624,2.06106102250942,GOMOA WEST,coastal_zone,CZ,COASTAL ZONE,0.999999999383009
Gomoa_West,2006,0.854893421875,279.979053390624,0.305341921662354,GOMOA WEST,coastal_zone,CZ,COASTAL ZONE,0.999999999383009
Gomoa_West,2007,6.19798046875,279.979053390624,2.21373006076374,GOMOA WEST,coastal_zone,CZ,COASTAL ZONE,0.999999999383009
Gomoa_West,2008,0.427447703125,279.979053390624,0.152671315210366,GOMOA WEST,coastal_zone,CZ,COASTAL ZONE,0.999999999383009
Gomoa_West,2009,31.41752984375,279.979053390624,11.2213858370028,GOMOA WEST,coastal_zone,CZ,COASTAL ZONE,0.999999999383009
Gomoa_West,2010,0,279.979053390624,0,GOMOA WEST,coastal_zone,CZ,COASTAL ZONE,0.999999999383009
Gomoa_West,2011,0,279.979053390624,0,GOMOA WEST,coastal_zone,CZ,COASTAL ZONE,0.999999999383009
Gomoa_West,2012,0.213723296875,279.979053390624,0.0763354594876835,GOMOA WEST,coastal_zone,CZ,COASTAL ZONE,0.999999999383009
Gomoa_West,2013,4.9156405625,279.979053390624,1.75571725919144,GOMOA WEST,coastal_zone,CZ,COASTAL ZONE,0.999999999383009
Gomoa_West,2014,0,279.979053390624,0,GOMOA WEST,coastal_zone,CZ,COASTAL ZONE,0.999999999383009
Gomoa_West,2015,0,279.979053390624,0,GOMOA WEST,coastal_zone,CZ,COASTAL ZONE,0.999999999383009
Gomoa_West,2016,0.42744721875,279.979053390624,0.152671142206353,GOMOA WEST,coastal_zone,CZ,COASTAL ZONE,0.999999999383009
Gomoa_West,2017,0,279.979053390624,0,GOMOA WEST,coastal_zone,CZ,COASTAL ZONE,0.999999999383009
Gomoa_West,2018,6.41172290625,279.979053390624,2.29007235670035,GOMOA WEST,coastal_zone,CZ,COASTAL ZONE,0.999999999383009
Gomoa_West,2019,0,279.979053390624,0,GOMOA WEST,coastal_zone,CZ,COASTAL ZONE,0.999999999383009
Gomoa_West,2020,0,279.979053390624,0,GOMOA WEST,coastal_zone,CZ,COASTAL ZONE,0.999999999383009
Gomoa_West,2021,0,279.979053390624,0,GOMOA WEST,coastal_zone,CZ,COASTAL ZONE,0.999999999383009
Gomoa_West,2022,0,279.979053390624,0,GOMOA WEST,coastal_zone,CZ,COASTAL ZONE,0.999999999383009
Gomoa_West,2023,5.12938803125,279.979053390624,1.83206135213748,GOMOA WEST,coastal_zone,CZ,COASTAL ZONE,0.999999999383009
Gomoa_West,2024,0,279.979053390624,0,GOMOA WEST,coastal_zone,CZ,COASTAL ZONE,0.999999999383009
Gushegu,2001,920.556560875,2294.75916867183,40.1156066153906,GUSHEGU,guinea_savannah,GS,GUINEA SAVANNAH,1
Gushegu,2002,940.007676078123,2294.75916867183,40.9632387098026,GUSHEGU,guinea_savannah,GS,GUINEA SAVANNAH,1
Gushegu,2003,914.997597171875,2294.75916867183,39.8733605540603,GUSHEGU,guinea_savannah,GS,GUINEA SAVANNAH,1
Gushegu,2004,599.665284265625,2294.75916867183,26.1319485047619,GUSHEGU,guinea_savannah,GS,GUINEA SAVANNAH,1
Gushegu,2005,1284.20771753125,2294.75916867183,55.962635864509,GUSHEGU,guinea_savannah,GS,GUINEA SAVANNAH,1
Gushegu,2006,900.036380484376,2294.75916867183,39.2213872711228,GUSHEGU,guinea_savannah,GS,GUINEA SAVANNAH,1
Gushegu,2007,758.935228578124,2294.75916867183,33.0725436873353,GUSHEGU,guinea_savannah,GS,GUINEA SAVANNAH,1
Gushegu,2008,1040.91886629688,2294.75916867183,45.3607019206004,GUSHEGU,guinea_savannah,GS,GUINEA SAVANNAH,1
Gushegu,2009,575.934760484376,2294.75916867183,25.0978302362648,GUSHEGU,guinea_savannah,GS,GUINEA SAVANNAH,1
Gushegu,2010,910.935032375,2294.75916867183,39.6963239023568,GUSHEGU,guinea_savannah,GS,GUINEA SAVANNAH,1
Gushegu,2011,1181.5846265625,2294.75916867183,51.4905722000615,GUSHEGU,guinea_savannah,GS,GUINEA SAVANNAH,1
Gushegu,2012,875.872465078125,2294.75916867183,38.1683828540956,GUSHEGU,guinea_savannah,GS,GUINEA SAVANNAH,1
Gushegu,2013,1212.152539125,2294.75916867183,52.8226471724515,GUSHEGU,guinea_savannah,GS,GUINEA SAVANNAH,1
Gushegu,2014,939.580195296874,2294.75916867183,40.944610141407,GUSHEGU,guinea_savannah,GS,GUINEA SAVANNAH,1
Gushegu,2015,969.301039375,2294.75916867183,42.239771938073,GUSHEGU,guinea_savannah,GS,GUINEA SAVANNAH,1
Gushegu,2016,1266.88836173438,2294.75916867183,55.2079006385507,GUSHEGU,guinea_savannah,GS,GUINEA SAVANNAH,1
Gushegu,2017,1688.89697054688,2294.75916867183,73.5980051241885,GUSHEGU,guinea_savannah,GS,GUINEA SAVANNAH,1
Gushegu,2018,752.736419812502,2294.75916867183,32.8024147408974,GUSHEGU,guinea_savannah,GS,GUINEA SAVANNAH,1
Gushegu,2019,1295.31444457813,2294.75916867183,56.4466399028633,GUSHEGU,guinea_savannah,GS,GUINEA SAVANNAH,1
Gushegu,2020,1425.29677767188,2294.75916867183,62.1109525186827,GUSHEGU,guinea_savannah,GS,GUINEA SAVANNAH,1
Gushegu,2021,1038.989717,2294.75916867183,45.2766343058717,GUSHEGU,guinea_savannah,GS,GUINEA SAVANNAH,1
Gushegu,2022,1295.95660329688,2294.75916867183,56.4746236114597,GUSHEGU,guinea_savannah,GS,GUINEA SAVANNAH,1
Gushegu,2023,740.331207437502,2294.75916867183,32.2618258832797,GUSHEGU,guinea_savannah,GS,GUINEA SAVANNAH,1
Gushegu,2024,709.760164703127,2294.75916867183,30.9296145056444,GUSHEGU,guinea_savannah,GS,GUINEA SAVANNAH,1
Ho_Municipal,2001,101.952932859375,479.413942234375,21.2661593411759,HO MUNICIPAL,forest_zone,FZ,FOREST ZONE,0.999999999264371
Ho_Municipal,2002,144.91386571875,479.413942234375,30.2272948182022,HO MUNICIPAL,forest_zone,FZ,FOREST ZONE,0.999999999264371
Ho_Municipal,2003,115.632327953125,479.413942234375,24.1195171367367,HO MUNICIPAL,forest_zone,FZ,FOREST ZONE,0.999999999264371
Ho_Municipal,2004,313.9806296875,479.413942234375,65.492594609191,HO MUNICIPAL,forest_zone,FZ,FOREST ZONE,0.999999999264371
Ho_Municipal,2005,260.973764140625,479.413942234375,54.4359980279925,HO MUNICIPAL,forest_zone,FZ,FOREST ZONE,0.999999999264371
Ho_Municipal,2006,335.782029046874,479.413942234375,70.0401051087325,HO MUNICIPAL,forest_zone,FZ,FOREST ZONE,0.999999999264371
Ho_Municipal,2007,67.541099421875,479.413942234375,14.0882634966957,HO MUNICIPAL,forest_zone,FZ,FOREST ZONE,0.999999999264371
Ho_Municipal,2008,138.0744418125,479.413942234375,28.8006729985751,HO MUNICIPAL,forest_zone,FZ,FOREST ZONE,0.999999999264371
Ho_Municipal,2009,85.4950726406251,479.413942234375,17.8332470353623,HO MUNICIPAL,forest_zone,FZ,FOREST ZONE,0.999999999264371
Ho_Municipal,2010,73.525676859375,479.413942234375,15.3365745928661,HO MUNICIPAL,forest_zone,FZ,FOREST ZONE,0.999999999264371
Ho_Municipal,2011,170.1349809375,479.413942234375,35.4881170423544,HO MUNICIPAL,forest_zone,FZ,FOREST ZONE,0.999999999264371
Ho_Municipal,2012,35.052971671875,479.413942234375,7.31162959268682,HO MUNICIPAL,forest_zone,FZ,FOREST ZONE,0.999999999264371
Ho_Municipal,2013,102.166520375,479.413942234375,21.3107111359421,HO MUNICIPAL,forest_zone,FZ,FOREST ZONE,0.999999999264371
Ho_Municipal,2014,48.090917984375,479.413942234375,10.0311888636865,HO MUNICIPAL,forest_zone,FZ,FOREST ZONE,0.999999999264371
Ho_Municipal,2015,244.088392796876,479.413942234375,50.9139120275202,HO MUNICIPAL,forest_zone,FZ,FOREST ZONE,0.999999999264371
Ho_Municipal,2016,131.876129953125,479.413942234375,27.5077794647561,HO MUNICIPAL,forest_zone,FZ,FOREST ZONE,0.999999999264371
Ho_Municipal,2017,41.03756853125,479.413942234375,8.55994474002754,HO MUNICIPAL,forest_zone,FZ,FOREST ZONE,0.999999999264371
Ho_Municipal,2018,126.31900990625,479.413942234375,26.3486308548981,HO MUNICIPAL,forest_zone,FZ,FOREST ZONE,0.999999999264371
Ho_Municipal,2019,31.4194338125,479.413942234375,6.55371716268105,HO MUNICIPAL,forest_zone,FZ,FOREST ZONE,0.999999999264371
Ho_Municipal,2020,260.546464156249,479.413942234375,54.3468683747362,HO MUNICIPAL,forest_zone,FZ,FOREST ZONE,0.999999999264371
Ho_Municipal,2021,83.1438295625,479.413942234375,17.3428059215376,HO MUNICIPAL,forest_zone,FZ,FOREST ZONE,0.999999999264371
Ho_Municipal,2022,254.98920028125,479.413942234375,53.187689764056,HO MUNICIPAL,forest_zone,FZ,FOREST ZONE,0.999999999264371
Ho_Municipal,2023,66.89993653125,479.413942234375,13.954524605491,HO MUNICIPAL,forest_zone,FZ,FOREST ZONE,0.999999999264371
Ho_Municipal,2024,152.6086625625,479.413942234375,31.8323371763546,HO MUNICIPAL,forest_zone,FZ,FOREST ZONE,0.999999999264371
Ho_West,2001,172.057157171875,853.877457984382,20.1500994742295,HO WEST,forest_zone,FZ,FOREST ZONE,0.999999999809215
Ho_West,2002,319.534640578126,853.877457984382,37.421603953851,HO WEST,forest_zone,FZ,FOREST ZONE,0.999999999809215
Ho_West,2003,244.940881390625,853.877457984382,28.6857182023308,HO WEST,forest_zone,FZ,FOREST ZONE,0.999999999809215
Ho_West,2004,525.14871584375,853.877457984382,61.5016488529148,HO WEST,forest_zone,FZ,FOREST ZONE,0.999999999809215
Ho_West,2005,401.395475921875,853.877457984382,47.0085575123846,HO WEST,forest_zone,FZ,FOREST ZONE,0.999999999809215
Ho_West,2006,452.905738734376,853.877457984382,53.0410698279214,HO WEST,forest_zone,FZ,FOREST ZONE,0.999999999809215
Ho_West,2007,163.72146225,853.877457984382,19.173882706363,HO WEST,forest_zone,FZ,FOREST ZONE,0.999999999809215
Ho_West,2008,376.174176468751,853.877457984382,44.0548199219041,HO WEST,forest_zone,FZ,FOREST ZONE,0.999999999809215
Ho_West,2009,322.740142578126,853.877457984382,37.7970093437024,HO WEST,forest_zone,FZ,FOREST ZONE,0.999999999809215
Ho_West,2010,296.4509139375,853.877457984382,34.71820355081,HO WEST,forest_zone,FZ,FOREST ZONE,0.999999999809215
Ho_West,2011,463.591596578125,853.877457984382,54.2925208111777,HO WEST,forest_zone,FZ,FOREST ZONE,0.999999999809215
Ho_West,2012,186.59129128125,853.877457984382,21.852232956437,HO WEST,forest_zone,FZ,FOREST ZONE,0.999999999809215
Ho_West,2013,245.153913000001,853.877457984382,28.7106669355926,HO WEST,forest_zone,FZ,FOREST ZONE,0.999999999809215
Ho_West,2014,229.12420953125,853.877457984382,26.8333831030168,HO WEST,forest_zone,FZ,FOREST ZONE,0.999999999809215
Ho_West,2015,483.254948000001,853.877457984382,56.5953514150318,HO WEST,forest_zone,FZ,FOREST ZONE,0.999999999809215
Ho_West,2016,329.7939160625,853.877457984382,38.6230966725593,HO WEST,forest_zone,FZ,FOREST ZONE,0.999999999809215
Ho_West,2017,194.071791984375,853.877457984382,22.7282955147324,HO WEST,forest_zone,FZ,FOREST ZONE,0.999999999809215
Ho_West,2018,392.204160171875,853.877457984382,45.9321365735186,HO WEST,forest_zone,FZ,FOREST ZONE,0.999999999809215
Ho_West,2019,114.348204546875,853.877457984382,13.3916410929502,HO WEST,forest_zone,FZ,FOREST ZONE,0.999999999809215
Ho_West,2020,483.25661490625,853.877457984382,56.5955466311291,HO WEST,forest_zone,FZ,FOREST ZONE,0.999999999809215
Ho_West,2021,221.857236515626,853.877457984382,25.9823273750932,HO WEST,forest_zone,FZ,FOREST ZONE,0.999999999809215
Ho_West,2022,467.867138109376,853.877457984382,54.793241551756,HO WEST,forest_zone,FZ,FOREST ZONE,0.999999999809215
Ho_West,2023,159.66054165625,853.877457984382,18.6982968297507,HO WEST,forest_zone,FZ,FOREST ZONE,0.999999999809215
Ho_West,2024,358.43519496875,853.877457984382,41.9773577129971,HO WEST,forest_zone,FZ,FOREST ZONE,0.999999999809215
Hohoe_Municipal,2001,36.3362773125,582.023971531247,6.24308947566247,HOHOE MUNICIPAL,forest_zone,FZ,FOREST ZONE,0.999999999483871
Hohoe_Municipal,2002,43.1761219375,582.023971531247,7.4182721072309,HOHOE MUNICIPAL,forest_zone,FZ,FOREST ZONE,0.999999999483871
Hohoe_Municipal,2003,7.908494890625,582.023971531247,1.35879195315934,HOHOE MUNICIPAL,forest_zone,FZ,FOREST ZONE,0.999999999483871
Hohoe_Municipal,2004,67.11532534375,582.023971531247,11.5313678863048,HOHOE MUNICIPAL,forest_zone,FZ,FOREST ZONE,0.999999999483871
Hohoe_Municipal,2005,57.9243354375,582.023971531247,9.9522250406812,HOHOE MUNICIPAL,forest_zone,FZ,FOREST ZONE,0.999999999483871
Hohoe_Municipal,2006,76.0926141093749,582.023971531247,13.0737938351891,HOHOE MUNICIPAL,forest_zone,FZ,FOREST ZONE,0.999999999483871
Hohoe_Municipal,2007,33.130168515625,582.023971531247,5.69223436424153,HOHOE MUNICIPAL,forest_zone,FZ,FOREST ZONE,0.999999999483871
Hohoe_Municipal,2008,49.80210309375,582.023971531247,8.55670995177839,HOHOE MUNICIPAL,forest_zone,FZ,FOREST ZONE,0.999999999483871
Hohoe_Municipal,2009,18.809370859375,582.023971531247,3.23171755450027,HOHOE MUNICIPAL,forest_zone,FZ,FOREST ZONE,0.999999999483871
Hohoe_Municipal,2010,22.0155195625,582.023971531247,3.78257952238279,HOHOE MUNICIPAL,forest_zone,FZ,FOREST ZONE,0.999999999483871
Hohoe_Municipal,2011,22.870505296875,582.023971531247,3.92947823724596,HOHOE MUNICIPAL,forest_zone,FZ,FOREST ZONE,0.999999999483871
Hohoe_Municipal,2012,22.6567834375,582.023971531247,3.89275778073062,HOHOE MUNICIPAL,forest_zone,FZ,FOREST ZONE,0.999999999483871
Hohoe_Municipal,2013,12.610850828125,582.023971531247,2.1667236136249,HOHOE MUNICIPAL,forest_zone,FZ,FOREST ZONE,0.999999999483871
Hohoe_Municipal,2014,25.64916578125,582.023971531247,4.4068916463646,HOHOE MUNICIPAL,forest_zone,FZ,FOREST ZONE,0.999999999483871
Hohoe_Municipal,2015,14.748285671875,582.023971531247,2.53396533360537,HOHOE MUNICIPAL,forest_zone,FZ,FOREST ZONE,0.999999999483871
Hohoe_Municipal,2016,148.978993046875,582.023971531247,25.5967108459341,HOHOE MUNICIPAL,forest_zone,FZ,FOREST ZONE,0.999999999483871
Hohoe_Municipal,2017,30.565230203125,582.023971531247,5.25154146533019,HOHOE MUNICIPAL,forest_zone,FZ,FOREST ZONE,0.999999999483871
Hohoe_Municipal,2018,54.504571171875,582.023971531247,9.36466087959898,HOHOE MUNICIPAL,forest_zone,FZ,FOREST ZONE,0.999999999483871
Hohoe_Municipal,2019,18.168144171875,582.023971531247,3.12154568549409,HOHOE MUNICIPAL,forest_zone,FZ,FOREST ZONE,0.999999999483871
Hohoe_Municipal,2020,171.849697,582.023971531247,29.5262232151505,HOHOE MUNICIPAL,forest_zone,FZ,FOREST ZONE,0.999999999483871
Hohoe_Municipal,2021,41.25246934375,582.023971531247,7.08776121973445,HOHOE MUNICIPAL,forest_zone,FZ,FOREST ZONE,0.999999999483871
Hohoe_Municipal,2022,94.474430203125,582.023971531247,16.2320513972255,HOHOE MUNICIPAL,forest_zone,FZ,FOREST ZONE,0.999999999483871
Hohoe_Municipal,2023,77.588737078125,582.023971531247,13.3308490497388,HOHOE MUNICIPAL,forest_zone,FZ,FOREST ZONE,0.999999999483871
Hohoe_Municipal,2024,82.504899375,582.023971531247,14.175515685022,HOHOE MUNICIPAL,forest_zone,FZ,FOREST ZONE,0.999999999483871
Jaman_North,2001,117.991285453125,880.663460249997,13.397999437791,JAMAN NORTH,transition_zone,TZ,TRANSITION ZONE,0.999999999500366
Jaman_North,2002,118.42026984375,880.663460249997,13.446710938834,JAMAN NORTH,transition_zone,TZ,TRANSITION ZONE,0.999999999500366
Jaman_North,2003,13.894134984375,880.663460249997,1.57768950473213,JAMAN NORTH,transition_zone,TZ,TRANSITION ZONE,0.999999999500366
Jaman_North,2004,44.67425678125,880.663460249997,5.0727955453685,JAMAN NORTH,transition_zone,TZ,TRANSITION ZONE,0.999999999500366
Jaman_North,2005,87.8531854687502,880.663460249997,9.97579545809825,JAMAN NORTH,transition_zone,TZ,TRANSITION ZONE,0.999999999500366
Jaman_North,2006,36.33850775,880.663460249997,4.12626495706821,JAMAN NORTH,transition_zone,TZ,TRANSITION ZONE,0.999999999500366
Jaman_North,2007,39.758246765625,880.663460249997,4.51457890104111,JAMAN NORTH,transition_zone,TZ,TRANSITION ZONE,0.999999999500366
Jaman_North,2008,24.58159940625,880.663460249997,2.79125914901385,JAMAN NORTH,transition_zone,TZ,TRANSITION ZONE,0.999999999500366
Jaman_North,2009,7.908970859375,880.663460249997,0.898069605060014,JAMAN NORTH,transition_zone,TZ,TRANSITION ZONE,0.999999999500366
Jaman_North,2010,56.2175089062499,880.663460249997,6.38354052867042,JAMAN NORTH,transition_zone,TZ,TRANSITION ZONE,0.999999999500366
Jaman_North,2011,38.476091734375,880.663460249997,4.36898923039826,JAMAN NORTH,transition_zone,TZ,TRANSITION ZONE,0.999999999500366
Jaman_North,2012,7.69517265625,880.663460249997,0.873792657874728,JAMAN NORTH,transition_zone,TZ,TRANSITION ZONE,0.999999999500366
Jaman_North,2013,23.513110578125,880.663460249997,2.66993143685673,JAMAN NORTH,transition_zone,TZ,TRANSITION ZONE,0.999999999500366
Jaman_North,2014,16.24546834375,880.663460249997,1.84468518077704,JAMAN NORTH,transition_zone,TZ,TRANSITION ZONE,0.999999999500366
Jaman_North,2015,34.62844340625,880.663460249997,3.93208586131414,JAMAN NORTH,transition_zone,TZ,TRANSITION ZONE,0.999999999500366
Jaman_North,2016,3.633848484375,880.663460249997,0.412626235604625,JAMAN NORTH,transition_zone,TZ,TRANSITION ZONE,0.999999999500366
Jaman_North,2017,13.89415821875,880.663460249997,1.57769214301293,JAMAN NORTH,transition_zone,TZ,TRANSITION ZONE,0.999999999500366
Jaman_North,2018,1.49629359375,880.663460249997,0.169905265891836,JAMAN NORTH,transition_zone,TZ,TRANSITION ZONE,0.999999999500366
Jaman_North,2019,1.282539046875,880.663460249997,0.145633275906658,JAMAN NORTH,transition_zone,TZ,TRANSITION ZONE,0.999999999500366
Jaman_North,2020,3.6338426875,880.663460249997,0.412625577365098,JAMAN NORTH,transition_zone,TZ,TRANSITION ZONE,0.999999999500366
Jaman_North,2021,0,880.663460249997,0,JAMAN NORTH,transition_zone,TZ,TRANSITION ZONE,0.999999999500366
Jaman_North,2022,0,880.663460249997,0,JAMAN NORTH,transition_zone,TZ,TRANSITION ZONE,0.999999999500366
Jaman_North,2023,0.42751265625,880.663460249997,0.0485443844949171,JAMAN NORTH,transition_zone,TZ,TRANSITION ZONE,0.999999999500366
Jaman_North,2024,0.21375659375,880.663460249997,0.0242722224093776,JAMAN NORTH,transition_zone,TZ,TRANSITION ZONE,0.999999999500366
Jaman_South_Municipal,2001,229.352733015625,644.454587156253,35.5886570732123,JAMAN SOUTH MUNICIPAL,transition_zone,TZ,TRANSITION ZONE,0.999999999581982
Jaman_South_Municipal,2002,2.77872953125,644.454587156253,0.431175382506242,JAMAN SOUTH MUNICIPAL,transition_zone,TZ,TRANSITION ZONE,0.999999999581982
Jaman_South_Municipal,2003,10.901174046875,644.454587156253,1.69153486748818,JAMAN SOUTH MUNICIPAL,transition_zone,TZ,TRANSITION ZONE,0.999999999581982
Jaman_South_Municipal,2004,19.023771734375,644.454587156253,2.95191812014561,JAMAN SOUTH MUNICIPAL,transition_zone,TZ,TRANSITION ZONE,0.999999999581982
Jaman_South_Municipal,2005,11.11501846875,644.454587156253,1.72471710036181,JAMAN SOUTH MUNICIPAL,transition_zone,TZ,TRANSITION ZONE,0.999999999581982
Jaman_South_Municipal,2006,14.962406265625,644.454587156253,2.32171615561753,JAMAN SOUTH MUNICIPAL,transition_zone,TZ,TRANSITION ZONE,0.999999999581982
Jaman_South_Municipal,2007,30.77993475,644.454587156253,4.77612160165091,JAMAN SOUTH MUNICIPAL,transition_zone,TZ,TRANSITION ZONE,0.999999999581982
Jaman_South_Municipal,2008,19.02368553125,644.454587156253,2.95190474400915,JAMAN SOUTH MUNICIPAL,transition_zone,TZ,TRANSITION ZONE,0.999999999581982
Jaman_South_Municipal,2009,3.206269,644.454587156253,0.497516669738998,JAMAN SOUTH MUNICIPAL,transition_zone,TZ,TRANSITION ZONE,0.999999999581982
Jaman_South_Municipal,2010,4.274970859375,644.454587156253,0.663347106929429,JAMAN SOUTH MUNICIPAL,transition_zone,TZ,TRANSITION ZONE,0.999999999581982
Jaman_South_Municipal,2011,0,644.454587156253,0,JAMAN SOUTH MUNICIPAL,transition_zone,TZ,TRANSITION ZONE,0.999999999581982
Jaman_South_Municipal,2012,0,644.454587156253,0,JAMAN SOUTH MUNICIPAL,transition_zone,TZ,TRANSITION ZONE,0.999999999581982
Jaman_South_Municipal,2013,0,644.454587156253,0,JAMAN SOUTH MUNICIPAL,transition_zone,TZ,TRANSITION ZONE,0.999999999581982
Jaman_South_Municipal,2014,0.21375140625,644.454587156253,0.0331677996417417,JAMAN SOUTH MUNICIPAL,transition_zone,TZ,TRANSITION ZONE,0.999999999581982
Jaman_South_Municipal,2015,0.64125515625,644.454587156253,0.0995035443970736,JAMAN SOUTH MUNICIPAL,transition_zone,TZ,TRANSITION ZONE,0.999999999581982
Jaman_South_Municipal,2016,4.27501859375,644.454587156253,0.663354513871043,JAMAN SOUTH MUNICIPAL,transition_zone,TZ,TRANSITION ZONE,0.999999999581982
Jaman_South_Municipal,2017,0,644.454587156253,0,JAMAN SOUTH MUNICIPAL,transition_zone,TZ,TRANSITION ZONE,0.999999999581982
Jaman_South_Municipal,2018,0,644.454587156253,0,JAMAN SOUTH MUNICIPAL,transition_zone,TZ,TRANSITION ZONE,0.999999999581982
Jaman_South_Municipal,2019,0,644.454587156253,0,JAMAN SOUTH MUNICIPAL,transition_zone,TZ,TRANSITION ZONE,0.999999999581982
Jaman_South_Municipal,2020,0.427502859375,644.454587156253,0.0663356065570759,JAMAN SOUTH MUNICIPAL,transition_zone,TZ,TRANSITION ZONE,0.999999999581982
Jaman_South_Municipal,2021,0,644.454587156253,0,JAMAN SOUTH MUNICIPAL,transition_zone,TZ,TRANSITION ZONE,0.999999999581982
Jaman_South_Municipal,2022,0,644.454587156253,0,JAMAN SOUTH MUNICIPAL,transition_zone,TZ,TRANSITION ZONE,0.999999999581982
Jaman_South_Municipal,2023,0,644.454587156253,0,JAMAN SOUTH MUNICIPAL,transition_zone,TZ,TRANSITION ZONE,0.999999999581982
Jaman_South_Municipal,2024,0,644.454587156253,0,JAMAN SOUTH MUNICIPAL,transition_zone,TZ,TRANSITION ZONE,0.999999999581982
Jasikan,2001,38.902003921875,476.86844196875,8.15780632521377,JASIKAN,forest_zone,FZ,FOREST ZONE,0.999999998751307
Jasikan,2002,29.924514671875,476.86844196875,6.27521388253995,JASIKAN,forest_zone,FZ,FOREST ZONE,0.999999998751307
Jasikan,2003,13.252299671875,476.86844196875,2.77902635308869,JASIKAN,forest_zone,FZ,FOREST ZONE,0.999999998751307
Jasikan,2004,73.3152681250002,476.86844196875,15.3743174579384,JASIKAN,forest_zone,FZ,FOREST ZONE,0.999999998751307
Jasikan,2005,16.031045015625,476.86844196875,3.36173325906006,JASIKAN,forest_zone,FZ,FOREST ZONE,0.999999998751307
Jasikan,2006,42.749410015625,476.86844196875,8.96461293163671,JASIKAN,forest_zone,FZ,FOREST ZONE,0.999999998751307
Jasikan,2007,15.817242109375,476.86844196875,3.31689848128209,JASIKAN,forest_zone,FZ,FOREST ZONE,0.999999998751307
Jasikan,2008,31.207044125,476.86844196875,6.54416215846908,JASIKAN,forest_zone,FZ,FOREST ZONE,0.999999998751307
Jasikan,2009,10.4735799375,476.86844196875,2.19632481744019,JASIKAN,forest_zone,FZ,FOREST ZONE,0.999999998751307
Jasikan,2010,18.59595115625,476.86844196875,3.89959777574642,JASIKAN,forest_zone,FZ,FOREST ZONE,0.999999998751307
Jasikan,2011,13.893518328125,476.86844196875,2.91349083004227,JASIKAN,forest_zone,FZ,FOREST ZONE,0.999999998751307
Jasikan,2012,34.627015734375,476.86844196875,7.26133513709096,JASIKAN,forest_zone,FZ,FOREST ZONE,0.999999998751307
Jasikan,2013,9.191095671875,476.86844196875,1.92738601739499,JASIKAN,forest_zone,FZ,FOREST ZONE,0.999999998751307
Jasikan,2014,25.649612640625,476.86844196875,5.37876076150703,JASIKAN,forest_zone,FZ,FOREST ZONE,0.999999998751307
Jasikan,2015,7.481132546875,476.86844196875,1.56880428404722,JASIKAN,forest_zone,FZ,FOREST ZONE,0.999999998751307
Jasikan,2016,82.50633165625,476.86844196875,17.3016967353979,JASIKAN,forest_zone,FZ,FOREST ZONE,0.999999998751307
Jasikan,2017,47.238155875,476.86844196875,9.90590941182383,JASIKAN,forest_zone,FZ,FOREST ZONE,0.999999998751307
Jasikan,2018,20.30598265625,476.86844196875,4.25819384743029,JASIKAN,forest_zone,FZ,FOREST ZONE,0.999999998751307
Jasikan,2019,29.49704753125,476.86844196875,6.18557340667617,JASIKAN,forest_zone,FZ,FOREST ZONE,0.999999998751307
Jasikan,2020,116.492021796875,476.86844196875,24.4285449705873,JASIKAN,forest_zone,FZ,FOREST ZONE,0.999999998751307
Jasikan,2021,11.5423083125,476.86844196875,2.42043869895177,JASIKAN,forest_zone,FZ,FOREST ZONE,0.999999998751307
Jasikan,2022,42.535676046875,476.86844196875,8.91979261015189,JASIKAN,forest_zone,FZ,FOREST ZONE,0.999999998751307
Jasikan,2023,115.42341884375,476.86844196875,24.2044573902238,JASIKAN,forest_zone,FZ,FOREST ZONE,0.999999998751307
Jasikan,2024,57.711678359375,476.86844196875,12.1022221812608,JASIKAN,forest_zone,FZ,FOREST ZONE,0.999999998751307
Jirapa,2001,89.7945078125,1019.59206981251,8.80690527820724,JIRAPA,guinea_savannah,GS,GUINEA SAVANNAH,0.99999999901371
Jirapa,2002,199.257957609375,1019.59206981251,19.5429097095681,JIRAPA,guinea_savannah,GS,GUINEA SAVANNAH,0.99999999901371
Jirapa,2003,305.941982171874,1019.59206981251,30.0063124488732,JIRAPA,guinea_savannah,GS,GUINEA SAVANNAH,0.99999999901371
Jirapa,2004,435.502085984375,1019.59206981251,42.7133653623316,JIRAPA,guinea_savannah,GS,GUINEA SAVANNAH,0.99999999901371
Jirapa,2005,510.330731578126,1019.59206981251,50.0524422156374,JIRAPA,guinea_savannah,GS,GUINEA SAVANNAH,0.99999999901371
Jirapa,2006,151.794935859375,1019.59206981251,14.8878105620504,JIRAPA,guinea_savannah,GS,GUINEA SAVANNAH,0.99999999901371
Jirapa,2007,162.057299203125,1019.59206981251,15.894327153106,JIRAPA,guinea_savannah,GS,GUINEA SAVANNAH,0.99999999901371
Jirapa,2008,141.746472359375,1019.59206981251,13.9022729340609,JIRAPA,guinea_savannah,GS,GUINEA SAVANNAH,0.99999999901371
Jirapa,2009,104.546080046875,1019.59206981251,10.2537164756587,JIRAPA,guinea_savannah,GS,GUINEA SAVANNAH,0.99999999901371
Jirapa,2010,385.045895859378,1019.59206981251,37.7647009288905,JIRAPA,guinea_savannah,GS,GUINEA SAVANNAH,0.99999999901371
Jirapa,2011,217.21638515625,1019.59206981251,21.3042442744964,JIRAPA,guinea_savannah,GS,GUINEA SAVANNAH,0.99999999901371
Jirapa,2012,126.5670608125,1019.59206981251,12.4134999241191,JIRAPA,guinea_savannah,GS,GUINEA SAVANNAH,0.99999999901371
Jirapa,2013,199.471356078125,1019.59206981251,19.5638394985561,JIRAPA,guinea_savannah,GS,GUINEA SAVANNAH,0.99999999901371
Jirapa,2014,186.42985784375,1019.59206981251,18.2847496919069,JIRAPA,guinea_savannah,GS,GUINEA SAVANNAH,0.99999999901371
Jirapa,2015,235.389407859375,1019.59206981251,23.0866259976562,JIRAPA,guinea_savannah,GS,GUINEA SAVANNAH,0.99999999901371
Jirapa,2016,220.850914265625,1019.59206981251,21.660713220949,JIRAPA,guinea_savannah,GS,GUINEA SAVANNAH,0.99999999901371
Jirapa,2017,241.161294640626,1019.59206981251,23.6527236510356,JIRAPA,guinea_savannah,GS,GUINEA SAVANNAH,0.99999999901371
Jirapa,2018,189.637434875,1019.59206981251,18.599343844433,JIRAPA,guinea_savannah,GS,GUINEA SAVANNAH,0.99999999901371
Jirapa,2019,191.3474938125,1019.59206981251,18.7670637579289,JIRAPA,guinea_savannah,GS,GUINEA SAVANNAH,0.99999999901371
Jirapa,2020,196.906441328125,1019.59206981251,19.3122766602465,JIRAPA,guinea_savannah,GS,GUINEA SAVANNAH,0.99999999901371
Jirapa,2021,149.65753653125,1019.59206981251,14.6781777695438,JIRAPA,guinea_savannah,GS,GUINEA SAVANNAH,0.99999999901371
Jirapa,2022,184.0784325625,1019.59206981251,18.0541255677234,JIRAPA,guinea_savannah,GS,GUINEA SAVANNAH,0.99999999901371
Jirapa,2023,165.2644964375,1019.59206981251,16.208884055747,JIRAPA,guinea_savannah,GS,GUINEA SAVANNAH,0.99999999901371
Jirapa,2024,128.063973203125,1019.59206981251,12.5603147567316,JIRAPA,guinea_savannah,GS,GUINEA SAVANNAH,0.99999999901371
Jomoro,2001,0,1238.73537,0,JOMORO,coastal_zone,CZ,COASTAL ZONE,0.999999998586907
Jomoro,2002,0,1238.73537,0,JOMORO,coastal_zone,CZ,COASTAL ZONE,0.999999998586907
Jomoro,2003,0.213723640625,1238.73537,0.0172533735453925,JOMORO,coastal_zone,CZ,COASTAL ZONE,0.999999998586907
Jomoro,2004,0,1238.73537,0,JOMORO,coastal_zone,CZ,COASTAL ZONE,0.999999998586907
Jomoro,2005,0,1238.73537,0,JOMORO,coastal_zone,CZ,COASTAL ZONE,0.999999998586907
Jomoro,2006,0,1238.73537,0,JOMORO,coastal_zone,CZ,COASTAL ZONE,0.999999998586907
Jomoro,2007,0,1238.73537,0,JOMORO,coastal_zone,CZ,COASTAL ZONE,0.999999998586907
Jomoro,2008,0,1238.73537,0,JOMORO,coastal_zone,CZ,COASTAL ZONE,0.999999998586907
Jomoro,2009,0,1238.73537,0,JOMORO,coastal_zone,CZ,COASTAL ZONE,0.999999998586907
Jomoro,2010,0,1238.73537,0,JOMORO,coastal_zone,CZ,COASTAL ZONE,0.999999998586907
Jomoro,2011,0,1238.73537,0,JOMORO,coastal_zone,CZ,COASTAL ZONE,0.999999998586907
Jomoro,2012,2.778410984375,1238.73537,0.224294151249996,JOMORO,coastal_zone,CZ,COASTAL ZONE,0.999999998586907
Jomoro,2013,7.26655153125,1238.73537,0.586610482531875,JOMORO,coastal_zone,CZ,COASTAL ZONE,0.999999998586907
Jomoro,2014,0,1238.73537,0,JOMORO,coastal_zone,CZ,COASTAL ZONE,0.999999998586907
Jomoro,2015,0,1238.73537,0,JOMORO,coastal_zone,CZ,COASTAL ZONE,0.999999998586907
Jomoro,2016,0,1238.73537,0,JOMORO,coastal_zone,CZ,COASTAL ZONE,0.999999998586907
Jomoro,2017,0,1238.73537,0,JOMORO,coastal_zone,CZ,COASTAL ZONE,0.999999998586907
Jomoro,2018,0,1238.73537,0,JOMORO,coastal_zone,CZ,COASTAL ZONE,0.999999998586907
Jomoro,2019,0,1238.73537,0,JOMORO,coastal_zone,CZ,COASTAL ZONE,0.999999998586907
Jomoro,2020,0,1238.73537,0,JOMORO,coastal_zone,CZ,COASTAL ZONE,0.999999998586907
Jomoro,2021,0.641162546875,1238.73537,0.0517594445434298,JOMORO,coastal_zone,CZ,COASTAL ZONE,0.999999998586907
Jomoro,2022,0,1238.73537,0,JOMORO,coastal_zone,CZ,COASTAL ZONE,0.999999998586907
Jomoro,2023,0,1238.73537,0,JOMORO,coastal_zone,CZ,COASTAL ZONE,0.999999998586907
Jomoro,2024,0,1238.73537,0,JOMORO,coastal_zone,CZ,COASTAL ZONE,0.999999998586907
Juaben_Municipal,2001,0,145.3424056875,0,JUABEN MUNICIPAL,forest_zone,FZ,FOREST ZONE,1
Juaben_Municipal,2002,0,145.3424056875,0,JUABEN MUNICIPAL,forest_zone,FZ,FOREST ZONE,1
Juaben_Municipal,2003,0,145.3424056875,0,JUABEN MUNICIPAL,forest_zone,FZ,FOREST ZONE,1
Juaben_Municipal,2004,0,145.3424056875,0,JUABEN MUNICIPAL,forest_zone,FZ,FOREST ZONE,1
Juaben_Municipal,2005,0,145.3424056875,0,JUABEN MUNICIPAL,forest_zone,FZ,FOREST ZONE,1
Juaben_Municipal,2006,0,145.3424056875,0,JUABEN MUNICIPAL,forest_zone,FZ,FOREST ZONE,1
Juaben_Municipal,2007,0,145.3424056875,0,JUABEN MUNICIPAL,forest_zone,FZ,FOREST ZONE,1
Juaben_Municipal,2008,0,145.3424056875,0,JUABEN MUNICIPAL,forest_zone,FZ,FOREST ZONE,1
Juaben_Municipal,2009,0,145.3424056875,0,JUABEN MUNICIPAL,forest_zone,FZ,FOREST ZONE,1
Juaben_Municipal,2010,0,145.3424056875,0,JUABEN MUNICIPAL,forest_zone,FZ,FOREST ZONE,1
Juaben_Municipal,2011,0,145.3424056875,0,JUABEN MUNICIPAL,forest_zone,FZ,FOREST ZONE,1
Juaben_Municipal,2012,0,145.3424056875,0,JUABEN MUNICIPAL,forest_zone,FZ,FOREST ZONE,1
Juaben_Municipal,2013,0,145.3424056875,0,JUABEN MUNICIPAL,forest_zone,FZ,FOREST ZONE,1
Juaben_Municipal,2014,0,145.3424056875,0,JUABEN MUNICIPAL,forest_zone,FZ,FOREST ZONE,1
Juaben_Municipal,2015,0,145.3424056875,0,JUABEN MUNICIPAL,forest_zone,FZ,FOREST ZONE,1
Juaben_Municipal,2016,0,145.3424056875,0,JUABEN MUNICIPAL,forest_zone,FZ,FOREST ZONE,1
Juaben_Municipal,2017,0.4274758125,145.3424056875,0.294116373317168,JUABEN MUNICIPAL,forest_zone,FZ,FOREST ZONE,1
Juaben_Municipal,2018,0,145.3424056875,0,JUABEN MUNICIPAL,forest_zone,FZ,FOREST ZONE,1
Juaben_Municipal,2019,0,145.3424056875,0,JUABEN MUNICIPAL,forest_zone,FZ,FOREST ZONE,1
Juaben_Municipal,2020,0,145.3424056875,0,JUABEN MUNICIPAL,forest_zone,FZ,FOREST ZONE,1
Juaben_Municipal,2021,0,145.3424056875,0,JUABEN MUNICIPAL,forest_zone,FZ,FOREST ZONE,1
Juaben_Municipal,2022,0,145.3424056875,0,JUABEN MUNICIPAL,forest_zone,FZ,FOREST ZONE,1
Juaben_Municipal,2023,3.63357865625,145.3424056875,2.50001273823865,JUABEN MUNICIPAL,forest_zone,FZ,FOREST ZONE,1
Juaben_Municipal,2024,0,145.3424056875,0,JUABEN MUNICIPAL,forest_zone,FZ,FOREST ZONE,1
Juaboso,2001,0,1171.90888615625,0,JUABOSO,forest_zone,FZ,FOREST ZONE,0.999999999794717
Juaboso,2002,0,1171.90888615625,0,JUABOSO,forest_zone,FZ,FOREST ZONE,0.999999999794717
Juaboso,2003,0,1171.90888615625,0,JUABOSO,forest_zone,FZ,FOREST ZONE,0.999999999794717
Juaboso,2004,0,1171.90888615625,0,JUABOSO,forest_zone,FZ,FOREST ZONE,0.999999999794717
Juaboso,2005,0,1171.90888615625,0,JUABOSO,forest_zone,FZ,FOREST ZONE,0.999999999794717
Juaboso,2006,0,1171.90888615625,0,JUABOSO,forest_zone,FZ,FOREST ZONE,0.999999999794717
Juaboso,2007,5.984609375,1171.90888615625,0.510671899982681,JUABOSO,forest_zone,FZ,FOREST ZONE,0.999999999794717
Juaboso,2008,0,1171.90888615625,0,JUABOSO,forest_zone,FZ,FOREST ZONE,0.999999999794717
Juaboso,2009,0,1171.90888615625,0,JUABOSO,forest_zone,FZ,FOREST ZONE,0.999999999794717
Juaboso,2010,0,1171.90888615625,0,JUABOSO,forest_zone,FZ,FOREST ZONE,0.999999999794717
Juaboso,2011,0,1171.90888615625,0,JUABOSO,forest_zone,FZ,FOREST ZONE,0.999999999794717
Juaboso,2012,0,1171.90888615625,0,JUABOSO,forest_zone,FZ,FOREST ZONE,0.999999999794717
Juaboso,2013,0,1171.90888615625,0,JUABOSO,forest_zone,FZ,FOREST ZONE,0.999999999794717
Juaboso,2014,0,1171.90888615625,0,JUABOSO,forest_zone,FZ,FOREST ZONE,0.999999999794717
Juaboso,2015,0,1171.90888615625,0,JUABOSO,forest_zone,FZ,FOREST ZONE,0.999999999794717
Juaboso,2016,40.823550140625,1171.90888615625,3.48350888220691,JUABOSO,forest_zone,FZ,FOREST ZONE,0.999999999794717
Juaboso,2017,0,1171.90888615625,0,JUABOSO,forest_zone,FZ,FOREST ZONE,0.999999999794717
Juaboso,2018,0,1171.90888615625,0,JUABOSO,forest_zone,FZ,FOREST ZONE,0.999999999794717
Juaboso,2019,0,1171.90888615625,0,JUABOSO,forest_zone,FZ,FOREST ZONE,0.999999999794717
Juaboso,2020,17.526354609375,1171.90888615625,1.49553901471468,JUABOSO,forest_zone,FZ,FOREST ZONE,0.999999999794717
Juaboso,2021,0,1171.90888615625,0,JUABOSO,forest_zone,FZ,FOREST ZONE,0.999999999794717
Juaboso,2022,1.70988865625,1171.90888615625,0.145906279613449,JUABOSO,forest_zone,FZ,FOREST ZONE,0.999999999794717
Juaboso,2023,0,1171.90888615625,0,JUABOSO,forest_zone,FZ,FOREST ZONE,0.999999999794717
Juaboso,2024,0,1171.90888615625,0,JUABOSO,forest_zone,FZ,FOREST ZONE,0.999999999794717
Kadjebi,2001,13.038837921875,589.09734442188,2.21335880145087,KADJEBI,guinea_savannah,GS,GUINEA SAVANNAH,0.999999998132814
Kadjebi,2002,0.213748546875,589.09734442188,0.0362840791762125,KADJEBI,guinea_savannah,GS,GUINEA SAVANNAH,0.999999998132814
Kadjebi,2003,2.9925153125,589.09734442188,0.507983161159342,KADJEBI,guinea_savannah,GS,GUINEA SAVANNAH,0.999999998132814
Kadjebi,2004,22.871342984375,589.09734442188,3.88243864973117,KADJEBI,guinea_savannah,GS,GUINEA SAVANNAH,0.999999998132814
Kadjebi,2005,8.336232,589.09734442188,1.41508565247071,KADJEBI,guinea_savannah,GS,GUINEA SAVANNAH,0.999999998132814
Kadjebi,2006,144.068488046875,589.09734442188,24.4558033423591,KADJEBI,guinea_savannah,GS,GUINEA SAVANNAH,0.999999998132814
Kadjebi,2007,2.351268125,589.09734442188,0.399130661046767,KADJEBI,guinea_savannah,GS,GUINEA SAVANNAH,0.999999998132814
Kadjebi,2008,11.542602171875,589.09734442188,1.95937093948412,KADJEBI,guinea_savannah,GS,GUINEA SAVANNAH,0.999999998132814
Kadjebi,2009,0.42750628125,589.09734442188,0.0725697179418692,KADJEBI,guinea_savannah,GS,GUINEA SAVANNAH,0.999999998132814
Kadjebi,2010,8.122516796875,589.09734442188,1.37880723343714,KADJEBI,guinea_savannah,GS,GUINEA SAVANNAH,0.999999998132814
Kadjebi,2011,1.496272109375,589.09734442188,0.253994034015446,KADJEBI,guinea_savannah,GS,GUINEA SAVANNAH,0.999999998132814
Kadjebi,2012,10.687570609375,589.09734442188,1.81422827832698,KADJEBI,guinea_savannah,GS,GUINEA SAVANNAH,0.999999998132814
Kadjebi,2013,0,589.09734442188,0,KADJEBI,guinea_savannah,GS,GUINEA SAVANNAH,0.999999998132814
Kadjebi,2014,5.129966328125,589.09734442188,0.870818104461051,KADJEBI,guinea_savannah,GS,GUINEA SAVANNAH,0.999999998132814
Kadjebi,2015,6.626331109375,589.09734442188,1.12482786964145,KADJEBI,guinea_savannah,GS,GUINEA SAVANNAH,0.999999998132814
Kadjebi,2016,70.32451971875,589.09734442188,11.9376738640308,KADJEBI,guinea_savannah,GS,GUINEA SAVANNAH,0.999999998132814
Kadjebi,2017,15.1763905,589.09734442188,2.57621098511208,KADJEBI,guinea_savannah,GS,GUINEA SAVANNAH,0.999999998132814
Kadjebi,2018,1.49626728125,589.09734442188,0.253993214435279,KADJEBI,guinea_savannah,GS,GUINEA SAVANNAH,0.999999998132814
Kadjebi,2019,13.893841953125,589.09734442188,2.35849678914441,KADJEBI,guinea_savannah,GS,GUINEA SAVANNAH,0.999999998132814
Kadjebi,2020,128.2509355625,589.09734442188,21.7707543204699,KADJEBI,guinea_savannah,GS,GUINEA SAVANNAH,0.999999998132814
Kadjebi,2021,8.550110234375,589.09734442188,1.45139174625983,KADJEBI,guinea_savannah,GS,GUINEA SAVANNAH,0.999999998132814
Kadjebi,2022,29.07026975,589.09734442188,4.93471410544697,KADJEBI,guinea_savannah,GS,GUINEA SAVANNAH,0.999999998132814
Kadjebi,2023,53.010337078125,589.09734442188,8.99857002922795,KADJEBI,guinea_savannah,GS,GUINEA SAVANNAH,0.999999998132814
Kadjebi,2024,28.429023328125,589.09734442188,4.82586173530018,KADJEBI,guinea_savannah,GS,GUINEA SAVANNAH,0.999999998132814
Karaga,2001,1116.60572389063,2677.44596556247,41.7041366381432,KARAGA,guinea_savannah,GS,GUINEA SAVANNAH,1
Karaga,2002,975.930976640623,2677.44596556247,36.4500717920409,KARAGA,guinea_savannah,GS,GUINEA SAVANNAH,1
Karaga,2003,924.411095796875,2677.44596556247,34.5258544032905,KARAGA,guinea_savannah,GS,GUINEA SAVANNAH,1
Karaga,2004,831.20159,2677.44596556247,31.0445701123751,KARAGA,guinea_savannah,GS,GUINEA SAVANNAH,1
Karaga,2005,1518.94839276563,2677.44596556247,56.731243591933,KARAGA,guinea_savannah,GS,GUINEA SAVANNAH,1
Karaga,2006,954.556432640624,2677.44596556247,35.651753384315,KARAGA,guinea_savannah,GS,GUINEA SAVANNAH,1
Karaga,2007,731.148160578125,2677.44596556247,27.3076719374438,KARAGA,guinea_savannah,GS,GUINEA SAVANNAH,1
Karaga,2008,1085.17981154688,2677.44596556247,40.530409408987,KARAGA,guinea_savannah,GS,GUINEA SAVANNAH,1
Karaga,2009,726.446424265625,2677.44596556247,27.1320666638744,KARAGA,guinea_savannah,GS,GUINEA SAVANNAH,1
Karaga,2010,955.196187718751,2677.44596556247,35.675647613605,KARAGA,guinea_savannah,GS,GUINEA SAVANNAH,1
Karaga,2011,1838.34685901562,2677.44596556247,68.6604653337767,KARAGA,guinea_savannah,GS,GUINEA SAVANNAH,1
Karaga,2012,787.3714724375,2677.44596556247,29.4075578952754,KARAGA,guinea_savannah,GS,GUINEA SAVANNAH,1
Karaga,2013,1004.15069498437,2677.44596556247,37.5040507969102,KARAGA,guinea_savannah,GS,GUINEA SAVANNAH,1
Karaga,2014,1043.0635825625,2677.44596556247,38.9574092616049,KARAGA,guinea_savannah,GS,GUINEA SAVANNAH,1
Karaga,2015,1075.55936965625,2677.44596556247,40.1710952710226,KARAGA,guinea_savannah,GS,GUINEA SAVANNAH,1
Karaga,2016,1343.43322471875,2677.44596556247,50.1759229503825,KARAGA,guinea_savannah,GS,GUINEA SAVANNAH,1
Karaga,2017,1784.9025095,2677.44596556247,66.6643709138321,KARAGA,guinea_savannah,GS,GUINEA SAVANNAH,1
Karaga,2018,732.005716578125,2677.44596556247,27.3397008191105,KARAGA,guinea_savannah,GS,GUINEA SAVANNAH,1
Karaga,2019,1314.13892746875,2677.44596556247,49.0818094695959,KARAGA,guinea_savannah,GS,GUINEA SAVANNAH,1
Karaga,2020,1826.37044803125,2677.44596556247,68.2131580439784,KARAGA,guinea_savannah,GS,GUINEA SAVANNAH,1
Karaga,2021,1415.4779491875,2677.44596556247,52.8667232651375,KARAGA,guinea_savannah,GS,GUINEA SAVANNAH,1
Karaga,2022,1733.37446432813,2677.44596556247,64.7398485953753,KARAGA,guinea_savannah,GS,GUINEA SAVANNAH,1
Karaga,2023,1227.34327071875,2677.44596556247,45.8400761959323,KARAGA,guinea_savannah,GS,GUINEA SAVANNAH,1
Karaga,2024,904.527294812502,2677.44596556247,33.7832137957817,KARAGA,guinea_savannah,GS,GUINEA SAVANNAH,1
Kasena_Nankana_East,2001,168.89935090625,657.004162468749,25.7075008888218,KASENA NANKANA EAST,sudan_savannah,SS,SUDAN SAVANNAH,0.999999999680004
Kasena_Nankana_East,2002,188.141393703125,657.004162468749,28.6362559707639,KASENA NANKANA EAST,sudan_savannah,SS,SUDAN SAVANNAH,0.999999999680004
Kasena_Nankana_East,2003,225.984383875,657.004162468749,34.3961875410111,KASENA NANKANA EAST,sudan_savannah,SS,SUDAN SAVANNAH,0.999999999680004
Kasena_Nankana_East,2004,256.34309825,657.004162468749,39.0169671508273,KASENA NANKANA EAST,sudan_savannah,SS,SUDAN SAVANNAH,0.999999999680004
Kasena_Nankana_East,2005,340.366314484375,657.004162468749,51.8058079275206,KASENA NANKANA EAST,sudan_savannah,SS,SUDAN SAVANNAH,0.999999999680004
Kasena_Nankana_East,2006,207.811082671875,657.004162468749,31.6301013818554,KASENA NANKANA EAST,sudan_savannah,SS,SUDAN SAVANNAH,0.999999999680004
Kasena_Nankana_East,2007,208.025354671875,657.004162468749,31.6627148738605,KASENA NANKANA EAST,sudan_savannah,SS,SUDAN SAVANNAH,0.999999999680004
Kasena_Nankana_East,2008,190.708196984375,657.004162468749,29.0269389265012,KASENA NANKANA EAST,sudan_savannah,SS,SUDAN SAVANNAH,0.999999999680004
Kasena_Nankana_East,2009,290.979976359375,657.004162468749,44.2889091091894,KASENA NANKANA EAST,sudan_savannah,SS,SUDAN SAVANNAH,0.999999999680004
Kasena_Nankana_East,2010,247.150713437501,657.004162468749,37.6178306860052,KASENA NANKANA EAST,sudan_savannah,SS,SUDAN SAVANNAH,0.999999999680004
Kasena_Nankana_East,2011,257.198655312501,657.004162468749,39.1471881009178,KASENA NANKANA EAST,sudan_savannah,SS,SUDAN SAVANNAH,0.999999999680004
Kasena_Nankana_East,2012,233.253276359375,657.004162468749,35.5025568609651,KASENA NANKANA EAST,sudan_savannah,SS,SUDAN SAVANNAH,0.999999999680004
Kasena_Nankana_East,2013,244.156697484375,657.004162468749,37.1621233824357,KASENA NANKANA EAST,sudan_savannah,SS,SUDAN SAVANNAH,0.999999999680004
Kasena_Nankana_East,2014,331.173177718749,657.004162468749,50.4065570108929,KASENA NANKANA EAST,sudan_savannah,SS,SUDAN SAVANNAH,0.999999999680004
Kasena_Nankana_East,2015,183.865404203125,657.004162468749,27.9854245538164,KASENA NANKANA EAST,sudan_savannah,SS,SUDAN SAVANNAH,0.999999999680004
Kasena_Nankana_East,2016,261.474742484375,657.004162468749,39.7980343841143,KASENA NANKANA EAST,sudan_savannah,SS,SUDAN SAVANNAH,0.999999999680004
Kasena_Nankana_East,2017,287.985242828124,657.004162468749,43.833092585897,KASENA NANKANA EAST,sudan_savannah,SS,SUDAN SAVANNAH,0.999999999680004
Kasena_Nankana_East,2018,238.384152109375,657.004162468749,36.2835071262906,KASENA NANKANA EAST,sudan_savannah,SS,SUDAN SAVANNAH,0.999999999680004
Kasena_Nankana_East,2019,213.797401390625,657.004162468749,32.5412552315137,KASENA NANKANA EAST,sudan_savannah,SS,SUDAN SAVANNAH,0.999999999680004
Kasena_Nankana_East,2020,188.568668499999,657.004162468749,28.7012897743961,KASENA NANKANA EAST,sudan_savannah,SS,SUDAN SAVANNAH,0.999999999680004
Kasena_Nankana_East,2021,232.611392671875,657.004162468749,35.4048582885408,KASENA NANKANA EAST,sudan_savannah,SS,SUDAN SAVANNAH,0.999999999680004
Kasena_Nankana_East,2022,185.1480090625,657.004162468749,28.1806447567684,KASENA NANKANA EAST,sudan_savannah,SS,SUDAN SAVANNAH,0.999999999680004
Kasena_Nankana_East,2023,193.91386346875,657.004162468749,29.5148607187057,KASENA NANKANA EAST,sudan_savannah,SS,SUDAN SAVANNAH,0.999999999680004
Kasena_Nankana_East,2024,166.97556184375,657.004162468749,25.4146885791903,KASENA NANKANA EAST,sudan_savannah,SS,SUDAN SAVANNAH,0.999999999680004
Kasena_Nankana_West,2001,263.831003625,741.036032937506,35.6029925534336,KASENA NANKANA WEST,sudan_savannah,SS,SUDAN SAVANNAH,0.999999999451456
Kasena_Nankana_West,2002,192.421577515625,741.036032937506,25.9665615385605,KASENA NANKANA WEST,sudan_savannah,SS,SUDAN SAVANNAH,0.999999999451456
Kasena_Nankana_West,2003,187.076423296875,741.036032937506,25.2452532645807,KASENA NANKANA WEST,sudan_savannah,SS,SUDAN SAVANNAH,0.999999999451456
Kasena_Nankana_West,2004,382.704259718752,741.036032937506,51.6444872729997,KASENA NANKANA WEST,sudan_savannah,SS,SUDAN SAVANNAH,0.999999999451456
Kasena_Nankana_West,2005,391.042694109376,741.036032937506,52.7697273450067,KASENA NANKANA WEST,sudan_savannah,SS,SUDAN SAVANNAH,0.999999999451456
Kasena_Nankana_West,2006,253.568375234375,741.036032937506,34.2180898045156,KASENA NANKANA WEST,sudan_savannah,SS,SUDAN SAVANNAH,0.999999999451456
Kasena_Nankana_West,2007,294.832404125,741.036032937506,39.7865138833085,KASENA NANKANA WEST,sudan_savannah,SS,SUDAN SAVANNAH,0.999999999451456
Kasena_Nankana_West,2008,268.10724234375,741.036032937506,36.1800547378187,KASENA NANKANA WEST,sudan_savannah,SS,SUDAN SAVANNAH,0.999999999451456
Kasena_Nankana_West,2009,314.715497484376,741.036032937506,42.469661864731,KASENA NANKANA WEST,sudan_savannah,SS,SUDAN SAVANNAH,0.999999999451456
Kasena_Nankana_West,2010,323.26782084375,741.036032937506,43.623765441243,KASENA NANKANA WEST,sudan_savannah,SS,SUDAN SAVANNAH,0.999999999451456
Kasena_Nankana_West,2011,300.818246109375,741.036032937506,40.5942805394922,KASENA NANKANA WEST,sudan_savannah,SS,SUDAN SAVANNAH,0.999999999451456
Kasena_Nankana_West,2012,242.664586265625,741.036032937506,32.7466648691414,KASENA NANKANA WEST,sudan_savannah,SS,SUDAN SAVANNAH,0.999999999451456
Kasena_Nankana_West,2013,314.501891171875,741.036032937506,42.4408365036141,KASENA NANKANA WEST,sudan_savannah,SS,SUDAN SAVANNAH,0.999999999451456
Kasena_Nankana_West,2014,356.406948203125,741.036032937506,48.0957648969253,KASENA NANKANA WEST,sudan_savannah,SS,SUDAN SAVANNAH,0.999999999451456
Kasena_Nankana_West,2015,247.15406646875,741.036032937506,33.3525031824725,KASENA NANKANA WEST,sudan_savannah,SS,SUDAN SAVANNAH,0.999999999451456
Kasena_Nankana_West,2016,333.102454484375,741.036032937506,44.9509119231273,KASENA NANKANA WEST,sudan_savannah,SS,SUDAN SAVANNAH,0.999999999451456
Kasena_Nankana_West,2017,294.618045359375,741.036032937506,39.7575869814985,KASENA NANKANA WEST,sudan_savannah,SS,SUDAN SAVANNAH,0.999999999451456
Kasena_Nankana_West,2018,272.810188,741.036032937506,36.8146994038287,KASENA NANKANA WEST,sudan_savannah,SS,SUDAN SAVANNAH,0.999999999451456
Kasena_Nankana_West,2019,191.7797035625,741.036032937506,25.8799430848558,KASENA NANKANA WEST,sudan_savannah,SS,SUDAN SAVANNAH,0.999999999451456
Kasena_Nankana_West,2020,258.05819828125,741.036032937506,34.8239743833095,KASENA NANKANA WEST,sudan_savannah,SS,SUDAN SAVANNAH,0.999999999451456
Kasena_Nankana_West,2021,215.08399403125,741.036032937506,29.0247686308378,KASENA NANKANA WEST,sudan_savannah,SS,SUDAN SAVANNAH,0.999999999451456
Kasena_Nankana_West,2022,218.50493509375,741.036032937506,29.4864116428434,KASENA NANKANA WEST,sudan_savannah,SS,SUDAN SAVANNAH,0.999999999451456
Kasena_Nankana_West,2023,243.5194899375,741.036032937506,32.8620308748248,KASENA NANKANA WEST,sudan_savannah,SS,SUDAN SAVANNAH,0.999999999451456
Kasena_Nankana_West,2024,226.62939509375,741.036032937506,30.5827766829879,KASENA NANKANA WEST,sudan_savannah,SS,SUDAN SAVANNAH,0.999999999451456
Keta_Municipal,2001,0,185.0902360625,0,KETA MUNICIPAL,coastal_zone,CZ,COASTAL ZONE,0.999999999065967
Keta_Municipal,2002,0.21373096875,185.0902360625,0.115473929525828,KETA MUNICIPAL,coastal_zone,CZ,COASTAL ZONE,0.999999999065967
Keta_Municipal,2003,8.335474890625,185.0902360625,4.50346548145865,KETA MUNICIPAL,coastal_zone,CZ,COASTAL ZONE,0.999999999065967
Keta_Municipal,2004,21.37301940625,185.0902360625,11.5473510979979,KETA MUNICIPAL,coastal_zone,CZ,COASTAL ZONE,0.999999999065967
Keta_Municipal,2005,21.3730373125,185.0902360625,11.5473607723332,KETA MUNICIPAL,coastal_zone,CZ,COASTAL ZONE,0.999999999065967
Keta_Municipal,2006,14.106172984375,185.0902360625,7.62124101436218,KETA MUNICIPAL,coastal_zone,CZ,COASTAL ZONE,0.999999999065967
Keta_Municipal,2007,0.8549205,185.0902360625,0.461893894668392,KETA MUNICIPAL,coastal_zone,CZ,COASTAL ZONE,0.999999999065967
Keta_Municipal,2008,6.41190921875,185.0902360625,3.46420716465286,KETA MUNICIPAL,coastal_zone,CZ,COASTAL ZONE,0.999999999065967
Keta_Municipal,2009,8.121753046875,185.0902360625,4.38799648196057,KETA MUNICIPAL,coastal_zone,CZ,COASTAL ZONE,0.999999999065967
Keta_Municipal,2010,9.404125765625,185.0902360625,5.08083298486339,KETA MUNICIPAL,coastal_zone,CZ,COASTAL ZONE,0.999999999065967
Keta_Municipal,2011,11.541424359375,185.0902360625,6.23556628642355,KETA MUNICIPAL,coastal_zone,CZ,COASTAL ZONE,0.999999999065967
Keta_Municipal,2012,0.21373028125,185.0902360625,0.115473558085381,KETA MUNICIPAL,coastal_zone,CZ,COASTAL ZONE,0.999999999065967
Keta_Municipal,2013,8.33547359375,185.0902360625,4.50346478078689,KETA MUNICIPAL,coastal_zone,CZ,COASTAL ZONE,0.999999999065967
Keta_Municipal,2014,4.48833446875,185.0902360625,2.4249439431448,KETA MUNICIPAL,coastal_zone,CZ,COASTAL ZONE,0.999999999065967
Keta_Municipal,2015,4.7020708125,185.0902360625,2.54042077665958,KETA MUNICIPAL,coastal_zone,CZ,COASTAL ZONE,0.999999999065967
Keta_Municipal,2016,0,185.0902360625,0,KETA MUNICIPAL,coastal_zone,CZ,COASTAL ZONE,0.999999999065967
Keta_Municipal,2017,0.641192734375,185.0902360625,0.346421695717373,KETA MUNICIPAL,coastal_zone,CZ,COASTAL ZONE,0.999999999065967
Keta_Municipal,2018,0.64118946875,185.0902360625,0.34641993137525,KETA MUNICIPAL,coastal_zone,CZ,COASTAL ZONE,0.999999999065967
Keta_Municipal,2019,0,185.0902360625,0,KETA MUNICIPAL,coastal_zone,CZ,COASTAL ZONE,0.999999999065967
Keta_Municipal,2020,34.196774109375,185.0902360625,18.4757309930859,KETA MUNICIPAL,coastal_zone,CZ,COASTAL ZONE,0.999999999065967
Keta_Municipal,2021,2.137296390625,185.0902360625,1.15473211126237,KETA MUNICIPAL,coastal_zone,CZ,COASTAL ZONE,0.999999999065967
Keta_Municipal,2022,0.85492075,185.0902360625,0.461894029737645,KETA MUNICIPAL,coastal_zone,CZ,COASTAL ZONE,0.999999999065967
Keta_Municipal,2023,0,185.0902360625,0,KETA MUNICIPAL,coastal_zone,CZ,COASTAL ZONE,0.999999999065967
Keta_Municipal,2024,5.98443515625,185.0902360625,3.23325275474241,KETA MUNICIPAL,coastal_zone,CZ,COASTAL ZONE,0.999999999065967
Ketu_North,2001,1.49613096875,356.291836328126,0.419917274605232,KETU NORTH,coastal_zone,CZ,COASTAL ZONE,0.999999998900382
Ketu_North,2002,18.5948233125,356.291836328126,5.2189866330182,KETU NORTH,coastal_zone,CZ,COASTAL ZONE,0.999999998900382
Ketu_North,2003,63.90631575,356.291836328126,17.9365085679779,KETU NORTH,coastal_zone,CZ,COASTAL ZONE,0.999999998900382
Ketu_North,2004,96.3934681406251,356.291836328126,27.0546384486485,KETU NORTH,coastal_zone,CZ,COASTAL ZONE,0.999999998900382
Ketu_North,2005,140.63637553125,356.291836328126,39.4722419072581,KETU NORTH,coastal_zone,CZ,COASTAL ZONE,0.999999998900382
Ketu_North,2006,115.202137453125,356.291836328126,32.3336449805798,KETU NORTH,coastal_zone,CZ,COASTAL ZONE,0.999999998900382
Ketu_North,2007,43.17406846875,356.291836328126,12.1176137274695,KETU NORTH,coastal_zone,CZ,COASTAL ZONE,0.999999998900382
Ketu_North,2008,80.1499715624999,356.291836328126,22.4955958543732,KETU NORTH,coastal_zone,CZ,COASTAL ZONE,0.999999998900382
Ketu_North,2009,74.8065736718749,356.291836328126,20.9958708127632,KETU NORTH,coastal_zone,CZ,COASTAL ZONE,0.999999998900382
Ketu_North,2010,81.218619046875,356.291836328126,22.7955318549811,KETU NORTH,coastal_zone,CZ,COASTAL ZONE,0.999999998900382
Ketu_North,2011,116.698262515625,356.291836328126,32.753560597485,KETU NORTH,coastal_zone,CZ,COASTAL ZONE,0.999999998900382
Ketu_North,2012,34.83849765625,356.291836328126,9.77807912055711,KETU NORTH,coastal_zone,CZ,COASTAL ZONE,0.999999998900382
Ketu_North,2013,73.7379508125,356.291836328126,20.6959417236243,KETU NORTH,coastal_zone,CZ,COASTAL ZONE,0.999999998900382
Ketu_North,2014,42.9603768125,356.291836328126,12.0576371480305,KETU NORTH,coastal_zone,CZ,COASTAL ZONE,0.999999998900382
Ketu_North,2015,136.57540259375,356.291836328126,38.3324535305859,KETU NORTH,coastal_zone,CZ,COASTAL ZONE,0.999999998900382
Ketu_North,2016,67.3259475625,356.291836328126,18.8962925045794,KETU NORTH,coastal_zone,CZ,COASTAL ZONE,0.999999998900382
Ketu_North,2017,2.778528921875,356.291836328126,0.779846361485566,KETU NORTH,coastal_zone,CZ,COASTAL ZONE,0.999999998900382
Ketu_North,2018,29.4952268125,356.291836328126,8.2783897370403,KETU NORTH,coastal_zone,CZ,COASTAL ZONE,0.999999998900382
Ketu_North,2019,23.083208265625,356.291836328126,6.4787362246399,KETU NORTH,coastal_zone,CZ,COASTAL ZONE,0.999999998900382
Ketu_North,2020,107.2940850625,356.291836328126,30.1141014535308,KETU NORTH,coastal_zone,CZ,COASTAL ZONE,0.999999998900382
Ketu_North,2021,0.213733375,356.291836328126,0.0599882885902451,KETU NORTH,coastal_zone,CZ,COASTAL ZONE,0.999999998900382
Ketu_North,2022,57.0668208125,356.291836328126,16.0168757725744,KETU NORTH,coastal_zone,CZ,COASTAL ZONE,0.999999998900382
Ketu_North,2023,17.52614434375,356.291836328126,4.91904179572875,KETU NORTH,coastal_zone,CZ,COASTAL ZONE,0.999999998900382
Ketu_North,2024,42.1054289999999,356.291836328126,11.8176799765973,KETU NORTH,coastal_zone,CZ,COASTAL ZONE,0.999999998900382
Ketu_South,2001,0,185.518987968749,0,KETU SOUTH,coastal_zone,CZ,COASTAL ZONE,0.999999998322068
Ketu_South,2002,0,185.518987968749,0,KETU SOUTH,coastal_zone,CZ,COASTAL ZONE,0.999999998322068
Ketu_South,2003,0.21373096875,185.518987968749,0.115207058366448,KETU SOUTH,coastal_zone,CZ,COASTAL ZONE,0.999999998322068
Ketu_South,2004,0.641195484375,185.518987968749,0.345622564781892,KETU SOUTH,coastal_zone,CZ,COASTAL ZONE,0.999999998322068
Ketu_South,2005,2.137318109375,185.518987968749,1.15207512329414,KETU SOUTH,coastal_zone,CZ,COASTAL ZONE,0.999999998322068
Ketu_South,2006,0,185.518987968749,0,KETU SOUTH,coastal_zone,CZ,COASTAL ZONE,0.999999998322068
Ketu_South,2007,0.641194859375,185.518987968749,0.345622227889153,KETU SOUTH,coastal_zone,CZ,COASTAL ZONE,0.999999998322068
Ketu_South,2008,1.282384390625,185.518987968749,0.691241583767707,KETU SOUTH,coastal_zone,CZ,COASTAL ZONE,0.999999998322068
Ketu_South,2009,0.64119484375,185.518987968749,0.345622219466835,KETU SOUTH,coastal_zone,CZ,COASTAL ZONE,0.999999998322068
Ketu_South,2010,0,185.518987968749,0,KETU SOUTH,coastal_zone,CZ,COASTAL ZONE,0.999999998322068
Ketu_South,2011,0,185.518987968749,0,KETU SOUTH,coastal_zone,CZ,COASTAL ZONE,0.999999998322068
Ketu_South,2012,0,185.518987968749,0,KETU SOUTH,coastal_zone,CZ,COASTAL ZONE,0.999999998322068
Ketu_South,2013,3.419708078125,185.518987968749,1.84331971382954,KETU SOUTH,coastal_zone,CZ,COASTAL ZONE,0.999999998322068
Ketu_South,2014,3.63342415625,185.518987968749,1.95851874572648,KETU SOUTH,coastal_zone,CZ,COASTAL ZONE,0.999999998322068
Ketu_South,2015,3.84716740625,185.518987968749,2.07373242403525,KETU SOUTH,coastal_zone,CZ,COASTAL ZONE,0.999999998322068
Ketu_South,2016,0,185.518987968749,0,KETU SOUTH,coastal_zone,CZ,COASTAL ZONE,0.999999998322068
Ketu_South,2017,2.137307421875,185.518987968749,1.1520693624283,KETU SOUTH,coastal_zone,CZ,COASTAL ZONE,0.999999998322068
Ketu_South,2018,1.0686541875,185.518987968749,0.576034938094864,KETU SOUTH,coastal_zone,CZ,COASTAL ZONE,0.999999998322068
Ketu_South,2019,0,185.518987968749,0,KETU SOUTH,coastal_zone,CZ,COASTAL ZONE,0.999999998322068
Ketu_South,2020,0,185.518987968749,0,KETU SOUTH,coastal_zone,CZ,COASTAL ZONE,0.999999998322068
Ketu_South,2021,0,185.518987968749,0,KETU SOUTH,coastal_zone,CZ,COASTAL ZONE,0.999999998322068
Ketu_South,2022,0,185.518987968749,0,KETU SOUTH,coastal_zone,CZ,COASTAL ZONE,0.999999998322068
Ketu_South,2023,0,185.518987968749,0,KETU SOUTH,coastal_zone,CZ,COASTAL ZONE,0.999999998322068
Ketu_South,2024,0,185.518987968749,0,KETU SOUTH,coastal_zone,CZ,COASTAL ZONE,0.999999998322068
Kintampo_North_Municipal,2001,2363.12008517188,4189.91361339062,56.4002102005049,KINTAMPO NORTH MUNICIPAL,guinea_savannah,GS,GUINEA SAVANNAH,0.99999999974476
Kintampo_North_Municipal,2002,1737.65608368751,4189.91361339062,41.4723606265795,KINTAMPO NORTH MUNICIPAL,guinea_savannah,GS,GUINEA SAVANNAH,0.99999999974476
Kintampo_North_Municipal,2003,2383.63693396876,4189.91361339062,56.8898825586963,KINTAMPO NORTH MUNICIPAL,guinea_savannah,GS,GUINEA SAVANNAH,0.99999999974476
Kintampo_North_Municipal,2004,1177.81792692188,4189.91361339062,28.1107926224939,KINTAMPO NORTH MUNICIPAL,guinea_savannah,GS,GUINEA SAVANNAH,0.99999999974476
Kintampo_North_Municipal,2005,2508.040942625,4189.91361339062,59.8590131932435,KINTAMPO NORTH MUNICIPAL,guinea_savannah,GS,GUINEA SAVANNAH,0.99999999974476
Kintampo_North_Municipal,2006,2273.33650509375,4189.91361339062,54.2573598135378,KINTAMPO NORTH MUNICIPAL,guinea_savannah,GS,GUINEA SAVANNAH,0.99999999974476
Kintampo_North_Municipal,2007,1873.82268260938,4189.91361339062,44.722227127089,KINTAMPO NORTH MUNICIPAL,guinea_savannah,GS,GUINEA SAVANNAH,0.99999999974476
Kintampo_North_Municipal,2008,1638.68006892188,4189.91361339062,39.1101158669427,KINTAMPO NORTH MUNICIPAL,guinea_savannah,GS,GUINEA SAVANNAH,0.99999999974476
Kintampo_North_Municipal,2009,868.505895203128,4189.91361339062,20.7284916907941,KINTAMPO NORTH MUNICIPAL,guinea_savannah,GS,GUINEA SAVANNAH,0.99999999974476
Kintampo_North_Municipal,2010,1228.04467517188,4189.91361339062,29.3095464127744,KINTAMPO NORTH MUNICIPAL,guinea_savannah,GS,GUINEA SAVANNAH,0.99999999974476
Kintampo_North_Municipal,2011,1799.85856498438,4189.91361339062,42.9569373275902,KINTAMPO NORTH MUNICIPAL,guinea_savannah,GS,GUINEA SAVANNAH,0.99999999974476
Kintampo_North_Municipal,2012,1046.56675695313,4189.91361339062,24.9782418808919,KINTAMPO NORTH MUNICIPAL,guinea_savannah,GS,GUINEA SAVANNAH,0.99999999974476
Kintampo_North_Municipal,2013,1815.67162189063,4189.91361339062,43.3343450348926,KINTAMPO NORTH MUNICIPAL,guinea_savannah,GS,GUINEA SAVANNAH,0.99999999974476
Kintampo_North_Municipal,2014,1838.767591,4189.91361339062,43.8855728462622,KINTAMPO NORTH MUNICIPAL,guinea_savannah,GS,GUINEA SAVANNAH,0.99999999974476
Kintampo_North_Municipal,2015,1936.66144579688,4189.91361339062,46.2219898665087,KINTAMPO NORTH MUNICIPAL,guinea_savannah,GS,GUINEA SAVANNAH,0.99999999974476
Kintampo_North_Municipal,2016,1652.36772915625,4189.91361339062,39.4367970708374,KINTAMPO NORTH MUNICIPAL,guinea_savannah,GS,GUINEA SAVANNAH,0.99999999974476
Kintampo_North_Municipal,2017,1537.79142804687,4189.91361339062,36.7022227649806,KINTAMPO NORTH MUNICIPAL,guinea_savannah,GS,GUINEA SAVANNAH,0.99999999974476
Kintampo_North_Municipal,2018,1126.08459728125,4189.91361339062,26.8760814944341,KINTAMPO NORTH MUNICIPAL,guinea_savannah,GS,GUINEA SAVANNAH,0.99999999974476
Kintampo_North_Municipal,2019,912.754058656253,4189.91361339062,21.7845555511972,KINTAMPO NORTH MUNICIPAL,guinea_savannah,GS,GUINEA SAVANNAH,0.99999999974476
Kintampo_North_Municipal,2020,1981.55835162501,4189.91361339062,47.2935371577139,KINTAMPO NORTH MUNICIPAL,guinea_savannah,GS,GUINEA SAVANNAH,0.99999999974476
Kintampo_North_Municipal,2021,815.710554812504,4189.91361339062,19.4684337215345,KINTAMPO NORTH MUNICIPAL,guinea_savannah,GS,GUINEA SAVANNAH,0.99999999974476
Kintampo_North_Municipal,2022,1622.21985082813,4189.91361339062,38.717262466788,KINTAMPO NORTH MUNICIPAL,guinea_savannah,GS,GUINEA SAVANNAH,0.99999999974476
Kintampo_North_Municipal,2023,802.883455812504,4189.91361339062,19.1622913953775,KINTAMPO NORTH MUNICIPAL,guinea_savannah,GS,GUINEA SAVANNAH,0.99999999974476
Kintampo_North_Municipal,2024,1303.72153103125,4189.91361339062,31.1157138625643,KINTAMPO NORTH MUNICIPAL,guinea_savannah,GS,GUINEA SAVANNAH,0.99999999974476
Kintampo_South,2001,325.334220374999,1295.77570140624,25.1072944200087,KINTAMPO SOUTH,transition_zone,TZ,TRANSITION ZONE,0.999999999307935
Kintampo_South,2002,190.2410428125,1295.77570140624,14.6816337585309,KINTAMPO SOUTH,transition_zone,TZ,TRANSITION ZONE,0.999999999307935
Kintampo_South,2003,388.17768321875,1295.77570140624,29.9571664137149,KINTAMPO SOUTH,transition_zone,TZ,TRANSITION ZONE,0.999999999307935
Kintampo_South,2004,240.0458776875,1295.77570140624,18.5252646292865,KINTAMPO SOUTH,transition_zone,TZ,TRANSITION ZONE,0.999999999307935
Kintampo_South,2005,669.692184250001,1295.77570140624,51.6827243729926,KINTAMPO SOUTH,transition_zone,TZ,TRANSITION ZONE,0.999999999307935
Kintampo_South,2006,425.79847859375,1295.77570140624,32.8605080440736,KINTAMPO SOUTH,transition_zone,TZ,TRANSITION ZONE,0.999999999307935
Kintampo_South,2007,250.092448828125,1295.77570140624,19.3005972065004,KINTAMPO SOUTH,transition_zone,TZ,TRANSITION ZONE,0.999999999307935
Kintampo_South,2008,378.558946234375,1295.77570140624,29.2148514456277,KINTAMPO SOUTH,transition_zone,TZ,TRANSITION ZONE,0.999999999307935
Kintampo_South,2009,302.889958203124,1295.77570140624,23.3751842911093,KINTAMPO SOUTH,transition_zone,TZ,TRANSITION ZONE,0.999999999307935
Kintampo_South,2010,321.057918734375,1295.77570140624,24.7772757573665,KINTAMPO SOUTH,transition_zone,TZ,TRANSITION ZONE,0.999999999307935
Kintampo_South,2011,272.964593015625,1295.77570140624,21.0657286380188,KINTAMPO SOUTH,transition_zone,TZ,TRANSITION ZONE,0.999999999307935
Kintampo_South,2012,138.93998621875,1295.77570140624,10.72253369684,KINTAMPO SOUTH,transition_zone,TZ,TRANSITION ZONE,0.999999999307935
Kintampo_South,2013,364.2378879375,1295.77570140624,28.109640236517,KINTAMPO SOUTH,transition_zone,TZ,TRANSITION ZONE,0.999999999307935
Kintampo_South,2014,169.079539875,1295.77570140624,13.0485190987534,KINTAMPO SOUTH,transition_zone,TZ,TRANSITION ZONE,0.999999999307935
Kintampo_South,2015,399.935145375,1295.77570140624,30.8645350380447,KINTAMPO SOUTH,transition_zone,TZ,TRANSITION ZONE,0.999999999307935
Kintampo_South,2016,74.3866035,1295.77570140624,5.74070060267928,KINTAMPO SOUTH,transition_zone,TZ,TRANSITION ZONE,0.999999999307935
Kintampo_South,2017,170.576043609375,1295.77570140624,13.1640100539204,KINTAMPO SOUTH,transition_zone,TZ,TRANSITION ZONE,0.999999999307935
Kintampo_South,2018,144.284057453125,1295.77570140624,11.1349562502631,KINTAMPO SOUTH,transition_zone,TZ,TRANSITION ZONE,0.999999999307935
Kintampo_South,2019,145.78067475,1295.77570140624,11.2504559694854,KINTAMPO SOUTH,transition_zone,TZ,TRANSITION ZONE,0.999999999307935
Kintampo_South,2020,162.453334171875,1295.77570140624,12.5371492917773,KINTAMPO SOUTH,transition_zone,TZ,TRANSITION ZONE,0.999999999307935
Kintampo_South,2021,81.0126264374999,1295.77570140624,6.25205630492845,KINTAMPO SOUTH,transition_zone,TZ,TRANSITION ZONE,0.999999999307935
Kintampo_South,2022,207.76910840625,1295.77570140624,16.034342068675,KINTAMPO SOUTH,transition_zone,TZ,TRANSITION ZONE,0.999999999307935
Kintampo_South,2023,89.7769739687499,1295.77570140624,6.92843474926402,KINTAMPO SOUTH,transition_zone,TZ,TRANSITION ZONE,0.999999999307935
Kintampo_South,2024,95.7619128437499,1295.77570140624,7.39031552604544,KINTAMPO SOUTH,transition_zone,TZ,TRANSITION ZONE,0.999999999307935
Komenda_Edina_Eguafo_Abirem_Municipal,2001,0,372.731278859375,0,KOMENDA-EDINA-EGUAFO-ABIREM MUNICIPAL,coastal_zone,CZ,COASTAL ZONE,0.999999998984229
Komenda_Edina_Eguafo_Abirem_Municipal,2002,0,372.731278859375,0,KOMENDA-EDINA-EGUAFO-ABIREM MUNICIPAL,coastal_zone,CZ,COASTAL ZONE,0.999999998984229
Komenda_Edina_Eguafo_Abirem_Municipal,2003,0.85488859375,372.731278859375,0.229357889245602,KOMENDA-EDINA-EGUAFO-ABIREM MUNICIPAL,coastal_zone,CZ,COASTAL ZONE,0.999999998984229
Komenda_Edina_Eguafo_Abirem_Municipal,2004,66.8949964375,372.731278859375,17.9472451687475,KOMENDA-EDINA-EGUAFO-ABIREM MUNICIPAL,coastal_zone,CZ,COASTAL ZONE,0.999999998984229
Komenda_Edina_Eguafo_Abirem_Municipal,2005,27.783836078125,372.731278859375,7.45411980533229,KOMENDA-EDINA-EGUAFO-ABIREM MUNICIPAL,coastal_zone,CZ,COASTAL ZONE,0.999999998984229
Komenda_Edina_Eguafo_Abirem_Municipal,2006,0.6411664375,372.731278859375,0.172018414838187,KOMENDA-EDINA-EGUAFO-ABIREM MUNICIPAL,coastal_zone,CZ,COASTAL ZONE,0.999999998984229
Komenda_Edina_Eguafo_Abirem_Municipal,2007,0,372.731278859375,0,KOMENDA-EDINA-EGUAFO-ABIREM MUNICIPAL,coastal_zone,CZ,COASTAL ZONE,0.999999998984229
Komenda_Edina_Eguafo_Abirem_Municipal,2008,0.4274435625,372.731278859375,0.11467874759748,KOMENDA-EDINA-EGUAFO-ABIREM MUNICIPAL,coastal_zone,CZ,COASTAL ZONE,0.999999998984229
Komenda_Edina_Eguafo_Abirem_Municipal,2009,0.4274434375,372.731278859375,0.114678714061255,KOMENDA-EDINA-EGUAFO-ABIREM MUNICIPAL,coastal_zone,CZ,COASTAL ZONE,0.999999998984229
Komenda_Edina_Eguafo_Abirem_Municipal,2010,8.54887103125,372.731278859375,2.2935748932612,KOMENDA-EDINA-EGUAFO-ABIREM MUNICIPAL,coastal_zone,CZ,COASTAL ZONE,0.999999998984229
Komenda_Edina_Eguafo_Abirem_Municipal,2011,16.67029721875,372.731278859375,4.47247069517861,KOMENDA-EDINA-EGUAFO-ABIREM MUNICIPAL,coastal_zone,CZ,COASTAL ZONE,0.999999998984229
Komenda_Edina_Eguafo_Abirem_Municipal,2012,9.40375018749999,372.731278859375,2.52293025052182,KOMENDA-EDINA-EGUAFO-ABIREM MUNICIPAL,coastal_zone,CZ,COASTAL ZONE,0.999999998984229
Komenda_Edina_Eguafo_Abirem_Municipal,2013,0,372.731278859375,0,KOMENDA-EDINA-EGUAFO-ABIREM MUNICIPAL,coastal_zone,CZ,COASTAL ZONE,0.999999998984229
Komenda_Edina_Eguafo_Abirem_Municipal,2014,0,372.731278859375,0,KOMENDA-EDINA-EGUAFO-ABIREM MUNICIPAL,coastal_zone,CZ,COASTAL ZONE,0.999999998984229
Komenda_Edina_Eguafo_Abirem_Municipal,2015,0,372.731278859375,0,KOMENDA-EDINA-EGUAFO-ABIREM MUNICIPAL,coastal_zone,CZ,COASTAL ZONE,0.999999998984229
Komenda_Edina_Eguafo_Abirem_Municipal,2016,1.496058578125,372.731278859375,0.401377255674171,KOMENDA-EDINA-EGUAFO-ABIREM MUNICIPAL,coastal_zone,CZ,COASTAL ZONE,0.999999998984229
Komenda_Edina_Eguafo_Abirem_Municipal,2017,0,372.731278859375,0,KOMENDA-EDINA-EGUAFO-ABIREM MUNICIPAL,coastal_zone,CZ,COASTAL ZONE,0.999999998984229
Komenda_Edina_Eguafo_Abirem_Municipal,2018,4.0607205,372.731278859375,1.08944988798003,KOMENDA-EDINA-EGUAFO-ABIREM MUNICIPAL,coastal_zone,CZ,COASTAL ZONE,0.999999998984229
Komenda_Edina_Eguafo_Abirem_Municipal,2019,0,372.731278859375,0,KOMENDA-EDINA-EGUAFO-ABIREM MUNICIPAL,coastal_zone,CZ,COASTAL ZONE,0.999999998984229
Komenda_Edina_Eguafo_Abirem_Municipal,2020,0,372.731278859375,0,KOMENDA-EDINA-EGUAFO-ABIREM MUNICIPAL,coastal_zone,CZ,COASTAL ZONE,0.999999998984229
Komenda_Edina_Eguafo_Abirem_Municipal,2021,0,372.731278859375,0,KOMENDA-EDINA-EGUAFO-ABIREM MUNICIPAL,coastal_zone,CZ,COASTAL ZONE,0.999999998984229
Komenda_Edina_Eguafo_Abirem_Municipal,2022,0,372.731278859375,0,KOMENDA-EDINA-EGUAFO-ABIREM MUNICIPAL,coastal_zone,CZ,COASTAL ZONE,0.999999998984229
Komenda_Edina_Eguafo_Abirem_Municipal,2023,20.731012515625,372.731278859375,5.56191918721328,KOMENDA-EDINA-EGUAFO-ABIREM MUNICIPAL,coastal_zone,CZ,COASTAL ZONE,0.999999998984229
Komenda_Edina_Eguafo_Abirem_Municipal,2024,0,372.731278859375,0,KOMENDA-EDINA-EGUAFO-ABIREM MUNICIPAL,coastal_zone,CZ,COASTAL ZONE,0.999999998984229
Kpandai,2001,108.16266175,929.216121796878,11.6402050301107,KPANDAI,guinea_savannah,GS,GUINEA SAVANNAH,0.999999999999998
Kpandai,2002,244.114135093751,929.216121796878,26.2709750043611,KPANDAI,guinea_savannah,GS,GUINEA SAVANNAH,0.999999999999998
Kpandai,2003,160.533583109376,929.216121796878,17.2762373944764,KPANDAI,guinea_savannah,GS,GUINEA SAVANNAH,0.999999999999998
Kpandai,2004,46.1722501875,929.216121796878,4.96894630909052,KPANDAI,guinea_savannah,GS,GUINEA SAVANNAH,0.999999999999998
Kpandai,2005,576.083939296875,929.216121796878,61.9967654223292,KPANDAI,guinea_savannah,GS,GUINEA SAVANNAH,0.999999999999998
Kpandai,2006,347.360076609377,929.216121796878,37.3820544501173,KPANDAI,guinea_savannah,GS,GUINEA SAVANNAH,0.999999999999998
Kpandai,2007,110.51370134375,929.216121796878,11.8932182461539,KPANDAI,guinea_savannah,GS,GUINEA SAVANNAH,0.999999999999998
Kpandai,2008,420.893432718752,929.216121796878,45.2955370495344,KPANDAI,guinea_savannah,GS,GUINEA SAVANNAH,0.999999999999998
Kpandai,2009,51.516109328125,929.216121796878,5.54403955330708,KPANDAI,guinea_savannah,GS,GUINEA SAVANNAH,0.999999999999998
Kpandai,2010,85.2902022343751,929.216121796878,9.17872605023733,KPANDAI,guinea_savannah,GS,GUINEA SAVANNAH,0.999999999999998
Kpandai,2011,259.504548218751,929.216121796878,27.9272541803227,KPANDAI,guinea_savannah,GS,GUINEA SAVANNAH,0.999999999999998
Kpandai,2012,82.083764703125,929.216121796878,8.83365696931678,KPANDAI,guinea_savannah,GS,GUINEA SAVANNAH,0.999999999999998
Kpandai,2013,89.3515526093747,929.216121796878,9.6157987914147,KPANDAI,guinea_savannah,GS,GUINEA SAVANNAH,0.999999999999998
Kpandai,2014,79.73244303125,929.216121796878,8.58061339670548,KPANDAI,guinea_savannah,GS,GUINEA SAVANNAH,0.999999999999998
Kpandai,2015,171.862818703125,929.216121796878,18.4954624302885,KPANDAI,guinea_savannah,GS,GUINEA SAVANNAH,0.999999999999998
Kpandai,2016,89.3515628593749,929.216121796878,9.61579989449501,KPANDAI,guinea_savannah,GS,GUINEA SAVANNAH,0.999999999999998
Kpandai,2017,166.30542709375,929.216121796878,17.8973893363103,KPANDAI,guinea_savannah,GS,GUINEA SAVANNAH,0.999999999999998
Kpandai,2018,77.3811205468751,929.216121796878,8.32756973665489,KPANDAI,guinea_savannah,GS,GUINEA SAVANNAH,0.999999999999998
Kpandai,2019,114.78904690625,929.216121796878,12.3533206337699,KPANDAI,guinea_savannah,GS,GUINEA SAVANNAH,0.999999999999998
Kpandai,2020,140.440202625,929.216121796878,15.1138362035113,KPANDAI,guinea_savannah,GS,GUINEA SAVANNAH,0.999999999999998
Kpandai,2021,45.5308710625,929.216121796878,4.89992263311729,KPANDAI,guinea_savannah,GS,GUINEA SAVANNAH,0.999999999999998
Kpandai,2022,114.147807953125,929.216121796878,12.2843120427561,KPANDAI,guinea_savannah,GS,GUINEA SAVANNAH,0.999999999999998
Kpandai,2023,37.408080984375,929.216121796878,4.02576753748492,KPANDAI,guinea_savannah,GS,GUINEA SAVANNAH,0.999999999999998
Kpandai,2024,76.526116140625,929.216121796878,8.2355562226624,KPANDAI,guinea_savannah,GS,GUINEA SAVANNAH,0.999999999999998
Kpando_Municipal,2001,55.5727889062501,192.581239578126,28.856802992851,KPANDO MUNICIPAL,forest_zone,FZ,FOREST ZONE,1
Kpando_Municipal,2002,88.2752920624999,192.581239578126,45.837949872936,KPANDO MUNICIPAL,forest_zone,FZ,FOREST ZONE,1
Kpando_Municipal,2003,12.397026609375,192.581239578126,6.43729713056802,KPANDO MUNICIPAL,forest_zone,FZ,FOREST ZONE,1
Kpando_Municipal,2004,53.0078529375,192.581239578126,27.5249308051089,KPANDO MUNICIPAL,forest_zone,FZ,FOREST ZONE,1
Kpando_Municipal,2005,81.863052421875,192.581239578126,42.5083214757609,KPANDO MUNICIPAL,forest_zone,FZ,FOREST ZONE,1
Kpando_Municipal,2006,143.20685328125,192.581239578126,74.3617880926321,KPANDO MUNICIPAL,forest_zone,FZ,FOREST ZONE,1
Kpando_Municipal,2007,39.755938875,192.581239578126,20.6437236368873,KPANDO MUNICIPAL,forest_zone,FZ,FOREST ZONE,1
Kpando_Municipal,2008,38.473472640625,192.581239578126,19.9777884517236,KPANDO MUNICIPAL,forest_zone,FZ,FOREST ZONE,1
Kpando_Municipal,2009,41.4658555625,192.581239578126,21.5316173337218,KPANDO MUNICIPAL,forest_zone,FZ,FOREST ZONE,1
Kpando_Municipal,2010,40.397168328125,192.581239578126,20.9766893268629,KPANDO MUNICIPAL,forest_zone,FZ,FOREST ZONE,1
Kpando_Municipal,2011,43.175864671875,192.581239578126,22.4195590216666,KPANDO MUNICIPAL,forest_zone,FZ,FOREST ZONE,1
Kpando_Municipal,2012,30.565044109375,192.581239578126,15.8712469482135,KPANDO MUNICIPAL,forest_zone,FZ,FOREST ZONE,1
Kpando_Municipal,2013,45.0994660625,192.581239578126,23.4184109320805,KPANDO MUNICIPAL,forest_zone,FZ,FOREST ZONE,1
Kpando_Municipal,2014,20.091683359375,192.581239578126,10.4328352041915,KPANDO MUNICIPAL,forest_zone,FZ,FOREST ZONE,1
Kpando_Municipal,2015,21.587899921875,192.581239578126,11.2097626794625,KPANDO MUNICIPAL,forest_zone,FZ,FOREST ZONE,1
Kpando_Municipal,2016,114.99303059375,192.581239578126,59.7114396218744,KPANDO MUNICIPAL,forest_zone,FZ,FOREST ZONE,1
Kpando_Municipal,2017,61.130131640625,192.581239578126,31.7425164437297,KPANDO MUNICIPAL,forest_zone,FZ,FOREST ZONE,1
Kpando_Municipal,2018,39.9696753125,192.581239578126,20.7547087141296,KPANDO MUNICIPAL,forest_zone,FZ,FOREST ZONE,1
Kpando_Municipal,2019,10.25962253125,192.581239578126,5.32742574184539,KPANDO MUNICIPAL,forest_zone,FZ,FOREST ZONE,1
Kpando_Municipal,2020,44.030781015625,192.581239578126,22.8634840611059,KPANDO MUNICIPAL,forest_zone,FZ,FOREST ZONE,1
Kpando_Municipal,2021,31.847479453125,192.581239578126,16.5371660930686,KPANDO MUNICIPAL,forest_zone,FZ,FOREST ZONE,1
Kpando_Municipal,2022,53.007982203125,192.581239578126,27.5249979277556,KPANDO MUNICIPAL,forest_zone,FZ,FOREST ZONE,1
Kpando_Municipal,2023,45.95447965625,192.581239578126,23.862386469689,KPANDO MUNICIPAL,forest_zone,FZ,FOREST ZONE,1
Kpando_Municipal,2024,32.274999703125,192.581239578126,16.7591608475611,KPANDO MUNICIPAL,forest_zone,FZ,FOREST ZONE,1
Kpone_Katamanso,2001,0,135.50367140625,0,KPONE KATAMANSO,coastal_zone,CZ,COASTAL ZONE,0.999999999224785
Kpone_Katamanso,2002,0,135.50367140625,0,KPONE KATAMANSO,coastal_zone,CZ,COASTAL ZONE,0.999999999224785
Kpone_Katamanso,2003,0,135.50367140625,0,KPONE KATAMANSO,coastal_zone,CZ,COASTAL ZONE,0.999999999224785
Kpone_Katamanso,2004,0,135.50367140625,0,KPONE KATAMANSO,coastal_zone,CZ,COASTAL ZONE,0.999999999224785
Kpone_Katamanso,2005,0,135.50367140625,0,KPONE KATAMANSO,coastal_zone,CZ,COASTAL ZONE,0.999999999224785
Kpone_Katamanso,2006,1.2823719375,135.50367140625,0.946374311626842,KPONE KATAMANSO,coastal_zone,CZ,COASTAL ZONE,0.999999999224785
Kpone_Katamanso,2007,1.282372609375,135.50367140625,0.946374807462115,KPONE KATAMANSO,coastal_zone,CZ,COASTAL ZONE,0.999999999224785
Kpone_Katamanso,2008,1.496098796875,135.50367140625,1.10410203749357,KPONE KATAMANSO,coastal_zone,CZ,COASTAL ZONE,0.999999999224785
Kpone_Katamanso,2009,0.213728828125,135.50367140625,0.157729178779389,KPONE KATAMANSO,coastal_zone,CZ,COASTAL ZONE,0.999999999224785
Kpone_Katamanso,2010,0,135.50367140625,0,KPONE KATAMANSO,coastal_zone,CZ,COASTAL ZONE,0.999999999224785
Kpone_Katamanso,2011,0,135.50367140625,0,KPONE KATAMANSO,coastal_zone,CZ,COASTAL ZONE,0.999999999224785
Kpone_Katamanso,2012,0,135.50367140625,0,KPONE KATAMANSO,coastal_zone,CZ,COASTAL ZONE,0.999999999224785
Kpone_Katamanso,2013,0,135.50367140625,0,KPONE KATAMANSO,coastal_zone,CZ,COASTAL ZONE,0.999999999224785
Kpone_Katamanso,2014,0,135.50367140625,0,KPONE KATAMANSO,coastal_zone,CZ,COASTAL ZONE,0.999999999224785
Kpone_Katamanso,2015,0,135.50367140625,0,KPONE KATAMANSO,coastal_zone,CZ,COASTAL ZONE,0.999999999224785
Kpone_Katamanso,2016,0,135.50367140625,0,KPONE KATAMANSO,coastal_zone,CZ,COASTAL ZONE,0.999999999224785
Kpone_Katamanso,2017,0,135.50367140625,0,KPONE KATAMANSO,coastal_zone,CZ,COASTAL ZONE,0.999999999224785
Kpone_Katamanso,2018,0,135.50367140625,0,KPONE KATAMANSO,coastal_zone,CZ,COASTAL ZONE,0.999999999224785
Kpone_Katamanso,2019,0,135.50367140625,0,KPONE KATAMANSO,coastal_zone,CZ,COASTAL ZONE,0.999999999224785
Kpone_Katamanso,2020,0,135.50367140625,0,KPONE KATAMANSO,coastal_zone,CZ,COASTAL ZONE,0.999999999224785
Kpone_Katamanso,2021,0,135.50367140625,0,KPONE KATAMANSO,coastal_zone,CZ,COASTAL ZONE,0.999999999224785
Kpone_Katamanso,2022,0,135.50367140625,0,KPONE KATAMANSO,coastal_zone,CZ,COASTAL ZONE,0.999999999224785
Kpone_Katamanso,2023,0,135.50367140625,0,KPONE KATAMANSO,coastal_zone,CZ,COASTAL ZONE,0.999999999224785
Kpone_Katamanso,2024,0,135.50367140625,0,KPONE KATAMANSO,coastal_zone,CZ,COASTAL ZONE,0.999999999224785
Krachi_East_Municipal,2001,777.631070046877,1537.94863346876,50.5628766217614,KRACHI EAST MUNICIPAL,guinea_savannah,GS,GUINEA SAVANNAH,0.999999999830975
Krachi_East_Municipal,2002,910.584576859385,1537.94863346876,59.2077366592933,KRACHI EAST MUNICIPAL,guinea_savannah,GS,GUINEA SAVANNAH,0.999999999830975
Krachi_East_Municipal,2003,535.449956671872,1537.94863346876,34.8158543802723,KRACHI EAST MUNICIPAL,guinea_savannah,GS,GUINEA SAVANNAH,0.999999999830975
Krachi_East_Municipal,2004,484.147504640624,1537.94863346876,31.4800828912377,KRACHI EAST MUNICIPAL,guinea_savannah,GS,GUINEA SAVANNAH,0.999999999830975
Krachi_East_Municipal,2005,708.801564765626,1537.94863346876,46.0874667294291,KRACHI EAST MUNICIPAL,guinea_savannah,GS,GUINEA SAVANNAH,0.999999999830975
Krachi_East_Municipal,2006,862.278319359374,1537.94863346876,56.0667827646851,KRACHI EAST MUNICIPAL,guinea_savannah,GS,GUINEA SAVANNAH,0.999999999830975
Krachi_East_Municipal,2007,353.972378921874,1537.94863346876,23.0158778530534,KRACHI EAST MUNICIPAL,guinea_savannah,GS,GUINEA SAVANNAH,0.999999999830975
Krachi_East_Municipal,2008,559.603753640622,1537.94863346876,36.3863747762801,KRACHI EAST MUNICIPAL,guinea_savannah,GS,GUINEA SAVANNAH,0.999999999830975
Krachi_East_Municipal,2009,416.175680171872,1537.94863346876,27.0604408440619,KRACHI EAST MUNICIPAL,guinea_savannah,GS,GUINEA SAVANNAH,0.999999999830975
Krachi_East_Municipal,2010,558.749217343749,1537.94863346876,36.3308113928044,KRACHI EAST MUNICIPAL,guinea_savannah,GS,GUINEA SAVANNAH,0.999999999830975
Krachi_East_Municipal,2011,570.293674828126,1537.94863346876,37.0814513838384,KRACHI EAST MUNICIPAL,guinea_savannah,GS,GUINEA SAVANNAH,0.999999999830975
Krachi_East_Municipal,2012,395.228450015625,1537.94863346876,25.6984168011,KRACHI EAST MUNICIPAL,guinea_savannah,GS,GUINEA SAVANNAH,0.999999999830975
Krachi_East_Municipal,2013,393.518509265625,1537.94863346876,25.5872335851728,KRACHI EAST MUNICIPAL,guinea_savannah,GS,GUINEA SAVANNAH,0.999999999830975
Krachi_East_Municipal,2014,409.976166468749,1537.94863346876,26.6573380636302,KRACHI EAST MUNICIPAL,guinea_savannah,GS,GUINEA SAVANNAH,0.999999999830975
Krachi_East_Municipal,2015,792.166750453121,1537.94863346876,51.5080109448409,KRACHI EAST MUNICIPAL,guinea_savannah,GS,GUINEA SAVANNAH,0.999999999830975
Krachi_East_Municipal,2016,602.138803984375,1537.94863346876,39.1520751006022,KRACHI EAST MUNICIPAL,guinea_savannah,GS,GUINEA SAVANNAH,0.999999999830975
Krachi_East_Municipal,2017,490.561285062499,1537.94863346876,31.8971176531471,KRACHI EAST MUNICIPAL,guinea_savannah,GS,GUINEA SAVANNAH,0.999999999830975
Krachi_East_Municipal,2018,448.024621437499,1537.94863346876,29.1313124305721,KRACHI EAST MUNICIPAL,guinea_savannah,GS,GUINEA SAVANNAH,0.999999999830975
Krachi_East_Municipal,2019,334.735375203125,1537.94863346876,21.7650556018992,KRACHI EAST MUNICIPAL,guinea_savannah,GS,GUINEA SAVANNAH,0.999999999830975
Krachi_East_Municipal,2020,692.130408515626,1537.94863346876,45.0034801848071,KRACHI EAST MUNICIPAL,guinea_savannah,GS,GUINEA SAVANNAH,0.999999999830975
Krachi_East_Municipal,2021,545.710755499998,1537.94863346876,35.4830287321869,KRACHI EAST MUNICIPAL,guinea_savannah,GS,GUINEA SAVANNAH,0.999999999830975
Krachi_East_Municipal,2022,733.813444374998,1537.94863346876,47.713781098132,KRACHI EAST MUNICIPAL,guinea_savannah,GS,GUINEA SAVANNAH,0.999999999830975
Krachi_East_Municipal,2023,273.603073125,1537.94863346876,17.7901307736074,KRACHI EAST MUNICIPAL,guinea_savannah,GS,GUINEA SAVANNAH,0.999999999830975
Krachi_East_Municipal,2024,645.746606499998,1537.94863346876,41.9875275706413,KRACHI EAST MUNICIPAL,guinea_savannah,GS,GUINEA SAVANNAH,0.999999999830975
Krachi_Nchumuru,2001,182.975984578125,893.504708140624,20.4784577978214,KRACHI NCHUMURU,guinea_savannah,GS,GUINEA SAVANNAH,1
Krachi_Nchumuru,2002,243.469365437501,893.504708140624,27.24880610245,KRACHI NCHUMURU,guinea_savannah,GS,GUINEA SAVANNAH,1
Krachi_Nchumuru,2003,182.33482728125,893.504708140624,20.4067002244104,KRACHI NCHUMURU,guinea_savannah,GS,GUINEA SAVANNAH,1
Krachi_Nchumuru,2004,114.5738019375,893.504708140624,12.8229656647167,KRACHI NCHUMURU,guinea_savannah,GS,GUINEA SAVANNAH,1
Krachi_Nchumuru,2005,461.501307171875,893.504708140624,51.6506855495205,KRACHI NCHUMURU,guinea_savannah,GS,GUINEA SAVANNAH,1
Krachi_Nchumuru,2006,375.570945515626,893.504708140624,42.0334601590613,KRACHI NCHUMURU,guinea_savannah,GS,GUINEA SAVANNAH,1
Krachi_Nchumuru,2007,216.10806075,893.504708140624,24.1865609415444,KRACHI NCHUMURU,guinea_savannah,GS,GUINEA SAVANNAH,1
Krachi_Nchumuru,2008,446.539063968749,893.504708140624,49.9761288217488,KRACHI NCHUMURU,guinea_savannah,GS,GUINEA SAVANNAH,1
Krachi_Nchumuru,2009,98.7557545,893.504708140624,11.0526283297947,KRACHI NCHUMURU,guinea_savannah,GS,GUINEA SAVANNAH,1
Krachi_Nchumuru,2010,157.752644953125,893.504708140624,17.6554911816197,KRACHI NCHUMURU,guinea_savannah,GS,GUINEA SAVANNAH,1
Krachi_Nchumuru,2011,316.14638659375,893.504708140624,35.3827331533203,KRACHI NCHUMURU,guinea_savannah,GS,GUINEA SAVANNAH,1
Krachi_Nchumuru,2012,170.578231734375,893.504708140624,19.0909158262129,KRACHI NCHUMURU,guinea_savannah,GS,GUINEA SAVANNAH,1
Krachi_Nchumuru,2013,216.32203428125,893.504708140624,24.2105086084453,KRACHI NCHUMURU,guinea_savannah,GS,GUINEA SAVANNAH,1
Krachi_Nchumuru,2014,123.5514291875,893.504708140624,13.8277311872938,KRACHI NCHUMURU,guinea_savannah,GS,GUINEA SAVANNAH,1
Krachi_Nchumuru,2015,388.182595078125,893.504708140624,43.4449412008057,KRACHI NCHUMURU,guinea_savannah,GS,GUINEA SAVANNAH,1
Krachi_Nchumuru,2016,109.657353015625,893.504708140624,12.2727224620697,KRACHI NCHUMURU,guinea_savannah,GS,GUINEA SAVANNAH,1
Krachi_Nchumuru,2017,148.13367603125,893.504708140624,16.5789474505976,KRACHI NCHUMURU,guinea_savannah,GS,GUINEA SAVANNAH,1
Krachi_Nchumuru,2018,74.17370665625,893.504708140624,8.30143433833772,KRACHI NCHUMURU,guinea_savannah,GS,GUINEA SAVANNAH,1
Krachi_Nchumuru,2019,119.9178093125,893.504708140624,13.4210607084599,KRACHI NCHUMURU,guinea_savannah,GS,GUINEA SAVANNAH,1
Krachi_Nchumuru,2020,229.361118234375,893.504708140624,25.6698276063563,KRACHI NCHUMURU,guinea_savannah,GS,GUINEA SAVANNAH,1
Krachi_Nchumuru,2021,117.35270409375,893.504708140624,13.133977137956,KRACHI NCHUMURU,guinea_savannah,GS,GUINEA SAVANNAH,1
Krachi_Nchumuru,2022,249.02666575,893.504708140624,27.8707726418389,KRACHI NCHUMURU,guinea_savannah,GS,GUINEA SAVANNAH,1
Krachi_Nchumuru,2023,48.309054984375,893.504708140624,5.40669282928634,KRACHI NCHUMURU,guinea_savannah,GS,GUINEA SAVANNAH,1
Krachi_Nchumuru,2024,167.799261875,893.504708140624,18.7798967757191,KRACHI NCHUMURU,guinea_savannah,GS,GUINEA SAVANNAH,1
Krachi_West,2001,163.09426278125,529.468190093749,30.8034110136762,KRACHI WEST,guinea_savannah,GS,GUINEA SAVANNAH,0.999999999999999
Krachi_West,2002,192.378209703125,529.468190093749,36.3342337278208,KRACHI WEST,guinea_savannah,GS,GUINEA SAVANNAH,0.999999999999999
Krachi_West,2003,125.046126453125,529.468190093749,23.6173067226161,KRACHI WEST,guinea_savannah,GS,GUINEA SAVANNAH,0.999999999999999
Krachi_West,2004,124.4046916875,529.468190093749,23.4961597344446,KRACHI WEST,guinea_savannah,GS,GUINEA SAVANNAH,0.999999999999999
Krachi_West,2005,359.747176234376,529.468190093749,67.9450027339089,KRACHI WEST,guinea_savannah,GS,GUINEA SAVANNAH,0.999999999999999
Krachi_West,2006,295.40784328125,529.468190093749,55.7933127633115,KRACHI WEST,guinea_savannah,GS,GUINEA SAVANNAH,0.999999999999999
Krachi_West,2007,145.138745640625,529.468190093749,27.4121747738852,KRACHI WEST,guinea_savannah,GS,GUINEA SAVANNAH,0.999999999999999
Krachi_West,2008,206.058720984375,529.468190093749,38.9180549161772,KRACHI WEST,guinea_savannah,GS,GUINEA SAVANNAH,0.999999999999999
Krachi_West,2009,204.348570046875,529.468190093749,38.5950608308863,KRACHI WEST,guinea_savannah,GS,GUINEA SAVANNAH,0.999999999999999
Krachi_West,2010,160.52908328125,529.468190093749,30.318928744865,KRACHI WEST,guinea_savannah,GS,GUINEA SAVANNAH,0.999999999999999
Krachi_West,2011,269.9709444375,529.468190093749,50.9890772455467,KRACHI WEST,guinea_savannah,GS,GUINEA SAVANNAH,0.999999999999999
Krachi_West,2012,141.2911840625,529.468190093749,26.6854905933976,KRACHI WEST,guinea_savannah,GS,GUINEA SAVANNAH,0.999999999999999
Krachi_West,2013,85.92897209375,529.468190093749,16.2292983226311,KRACHI WEST,guinea_savannah,GS,GUINEA SAVANNAH,0.999999999999999
Krachi_West,2014,116.49566734375,529.468190093749,22.0023921216349,KRACHI WEST,guinea_savannah,GS,GUINEA SAVANNAH,0.999999999999999
Krachi_West,2015,416.39257146875,529.468190093749,78.6435482356404,KRACHI WEST,guinea_savannah,GS,GUINEA SAVANNAH,0.999999999999999
Krachi_West,2016,20.30666209375,529.468190093749,3.83529406934805,KRACHI WEST,guinea_savannah,GS,GUINEA SAVANNAH,0.999999999999999
Krachi_West,2017,98.7541624531249,529.468190093749,18.651576109915,KRACHI WEST,guinea_savannah,GS,GUINEA SAVANNAH,0.999999999999999
Krachi_West,2018,150.05489978125,529.468190093749,28.3406827055429,KRACHI WEST,guinea_savannah,GS,GUINEA SAVANNAH,0.999999999999999
Krachi_West,2019,72.89007825,529.468190093749,13.7666586234565,KRACHI WEST,guinea_savannah,GS,GUINEA SAVANNAH,0.999999999999999
Krachi_West,2020,193.66087078125,529.468190093749,36.5764883338808,KRACHI WEST,guinea_savannah,GS,GUINEA SAVANNAH,0.999999999999999
Krachi_West,2021,42.537043953125,529.468190093749,8.03391870351895,KRACHI WEST,guinea_savannah,GS,GUINEA SAVANNAH,0.999999999999999
Krachi_West,2022,231.495367015625,529.468190093749,43.7222426855588,KRACHI WEST,guinea_savannah,GS,GUINEA SAVANNAH,0.999999999999999
Krachi_West,2023,67.9736490937501,529.468190093749,12.838098749939,KRACHI WEST,guinea_savannah,GS,GUINEA SAVANNAH,0.999999999999999
Krachi_West,2024,91.9140942499999,529.468190093749,17.3597009168247,KRACHI WEST,guinea_savannah,GS,GUINEA SAVANNAH,0.999999999999999
Kumbungu,2001,509.660854984373,1319.67607076562,38.6201482526458,KUMBUNGU,guinea_savannah,GS,GUINEA SAVANNAH,0.999999999999998
Kumbungu,2002,640.068711890627,1319.67607076562,48.501956356554,KUMBUNGU,guinea_savannah,GS,GUINEA SAVANNAH,0.999999999999998
Kumbungu,2003,547.928534359373,1319.67607076562,41.5199264802527,KUMBUNGU,guinea_savannah,GS,GUINEA SAVANNAH,0.999999999999998
Kumbungu,2004,520.564083781249,1319.67607076562,39.4463531856905,KUMBUNGU,guinea_savannah,GS,GUINEA SAVANNAH,0.999999999999998
Kumbungu,2005,561.822489078127,1319.67607076562,42.5727571730676,KUMBUNGU,guinea_savannah,GS,GUINEA SAVANNAH,0.999999999999998
Kumbungu,2006,524.411199359375,1319.67607076562,39.7378728747528,KUMBUNGU,guinea_savannah,GS,GUINEA SAVANNAH,0.999999999999998
Kumbungu,2007,540.658541375001,1319.67607076562,40.9690342465128,KUMBUNGU,guinea_savannah,GS,GUINEA SAVANNAH,0.999999999999998
Kumbungu,2008,334.357162640624,1319.67607076562,25.3363056319302,KUMBUNGU,guinea_savannah,GS,GUINEA SAVANNAH,0.999999999999998
Kumbungu,2009,325.378656234374,1319.67607076562,24.6559487924642,KUMBUNGU,guinea_savannah,GS,GUINEA SAVANNAH,0.999999999999998
Kumbungu,2010,352.315855218749,1319.67607076562,26.6971465970699,KUMBUNGU,guinea_savannah,GS,GUINEA SAVANNAH,0.999999999999998
Kumbungu,2011,666.149823468749,1319.67607076562,50.478283135215,KUMBUNGU,guinea_savannah,GS,GUINEA SAVANNAH,0.999999999999998
Kumbungu,2012,431.842759390628,1319.67607076562,32.7233909106263,KUMBUNGU,guinea_savannah,GS,GUINEA SAVANNAH,0.999999999999998
Kumbungu,2013,442.106068046875,1319.67607076562,33.5011051454759,KUMBUNGU,guinea_savannah,GS,GUINEA SAVANNAH,0.999999999999998
Kumbungu,2014,485.502642281251,1319.67607076562,36.7895313885311,KUMBUNGU,guinea_savannah,GS,GUINEA SAVANNAH,0.999999999999998
Kumbungu,2015,475.455157343749,1319.67607076562,36.028171448764,KUMBUNGU,guinea_savannah,GS,GUINEA SAVANNAH,0.999999999999998
Kumbungu,2016,434.620954828125,1319.67607076562,32.9339119240054,KUMBUNGU,guinea_savannah,GS,GUINEA SAVANNAH,0.999999999999998
Kumbungu,2017,440.180112765625,1319.67607076562,33.355163628166,KUMBUNGU,guinea_savannah,GS,GUINEA SAVANNAH,0.999999999999998
Kumbungu,2018,287.325355812499,1319.67607076562,21.7724153811325,KUMBUNGU,guinea_savannah,GS,GUINEA SAVANNAH,0.999999999999998
Kumbungu,2019,467.757445609376,1319.67607076562,35.4448683257553,KUMBUNGU,guinea_savannah,GS,GUINEA SAVANNAH,0.999999999999998
Kumbungu,2020,481.868022375,1319.67607076562,36.5141138079014,KUMBUNGU,guinea_savannah,GS,GUINEA SAVANNAH,0.999999999999998
Kumbungu,2021,491.916354312504,1319.67607076562,37.2755379300858,KUMBUNGU,guinea_savannah,GS,GUINEA SAVANNAH,0.999999999999998
Kumbungu,2022,523.128787671879,1319.67607076562,39.6406966270429,KUMBUNGU,guinea_savannah,GS,GUINEA SAVANNAH,0.999999999999998
Kumbungu,2023,573.367039921878,1319.67607076562,43.4475590353953,KUMBUNGU,guinea_savannah,GS,GUINEA SAVANNAH,0.999999999999998
Kumbungu,2024,336.708571531249,1319.67607076562,25.5144863948246,KUMBUNGU,guinea_savannah,GS,GUINEA SAVANNAH,0.999999999999998
Kwabre_East,2001,0,81.00716409375,0,KWABRE EAST,forest_zone,FZ,FOREST ZONE,1
Kwabre_East,2002,0.4274793125,81.00716409375,0.527705564418075,KWABRE EAST,forest_zone,FZ,FOREST ZONE,1
Kwabre_East,2003,0,81.00716409375,0,KWABRE EAST,forest_zone,FZ,FOREST ZONE,1
Kwabre_East,2004,0,81.00716409375,0,KWABRE EAST,forest_zone,FZ,FOREST ZONE,1
Kwabre_East,2005,0,81.00716409375,0,KWABRE EAST,forest_zone,FZ,FOREST ZONE,1
Kwabre_East,2006,0,81.00716409375,0,KWABRE EAST,forest_zone,FZ,FOREST ZONE,1
Kwabre_East,2007,0,81.00716409375,0,KWABRE EAST,forest_zone,FZ,FOREST ZONE,1
Kwabre_East,2008,0,81.00716409375,0,KWABRE EAST,forest_zone,FZ,FOREST ZONE,1
Kwabre_East,2009,0,81.00716409375,0,KWABRE EAST,forest_zone,FZ,FOREST ZONE,1
Kwabre_East,2010,0,81.00716409375,0,KWABRE EAST,forest_zone,FZ,FOREST ZONE,1
Kwabre_East,2011,0,81.00716409375,0,KWABRE EAST,forest_zone,FZ,FOREST ZONE,1
Kwabre_East,2012,0,81.00716409375,0,KWABRE EAST,forest_zone,FZ,FOREST ZONE,1
Kwabre_East,2013,0,81.00716409375,0,KWABRE EAST,forest_zone,FZ,FOREST ZONE,1
Kwabre_East,2014,0,81.00716409375,0,KWABRE EAST,forest_zone,FZ,FOREST ZONE,1
Kwabre_East,2015,0,81.00716409375,0,KWABRE EAST,forest_zone,FZ,FOREST ZONE,1
Kwabre_East,2016,0,81.00716409375,0,KWABRE EAST,forest_zone,FZ,FOREST ZONE,1
Kwabre_East,2017,0,81.00716409375,0,KWABRE EAST,forest_zone,FZ,FOREST ZONE,1
Kwabre_East,2018,0,81.00716409375,0,KWABRE EAST,forest_zone,FZ,FOREST ZONE,1
Kwabre_East,2019,0,81.00716409375,0,KWABRE EAST,forest_zone,FZ,FOREST ZONE,1
Kwabre_East,2020,0,81.00716409375,0,KWABRE EAST,forest_zone,FZ,FOREST ZONE,1
Kwabre_East,2021,0,81.00716409375,0,KWABRE EAST,forest_zone,FZ,FOREST ZONE,1
Kwabre_East,2022,0,81.00716409375,0,KWABRE EAST,forest_zone,FZ,FOREST ZONE,1
Kwabre_East,2023,0.21373965625,81.00716409375,0.263852782209038,KWABRE EAST,forest_zone,FZ,FOREST ZONE,1
Kwabre_East,2024,0,81.00716409375,0,KWABRE EAST,forest_zone,FZ,FOREST ZONE,1
Kwadaso_Municipal,2001,0,2.56485284375,0,KWADASO MUNICIPAL,forest_zone,FZ,FOREST ZONE,1
Kwadaso_Municipal,2002,0,2.56485284375,0,KWADASO MUNICIPAL,forest_zone,FZ,FOREST ZONE,1
Kwadaso_Municipal,2003,0,2.56485284375,0,KWADASO MUNICIPAL,forest_zone,FZ,FOREST ZONE,1
Kwadaso_Municipal,2004,0,2.56485284375,0,KWADASO MUNICIPAL,forest_zone,FZ,FOREST ZONE,1
Kwadaso_Municipal,2005,0,2.56485284375,0,KWADASO MUNICIPAL,forest_zone,FZ,FOREST ZONE,1
Kwadaso_Municipal,2006,0,2.56485284375,0,KWADASO MUNICIPAL,forest_zone,FZ,FOREST ZONE,1
Kwadaso_Municipal,2007,0,2.56485284375,0,KWADASO MUNICIPAL,forest_zone,FZ,FOREST ZONE,1
Kwadaso_Municipal,2008,0,2.56485284375,0,KWADASO MUNICIPAL,forest_zone,FZ,FOREST ZONE,1
Kwadaso_Municipal,2009,0,2.56485284375,0,KWADASO MUNICIPAL,forest_zone,FZ,FOREST ZONE,1
Kwadaso_Municipal,2010,0,2.56485284375,0,KWADASO MUNICIPAL,forest_zone,FZ,FOREST ZONE,1
Kwadaso_Municipal,2011,0,2.56485284375,0,KWADASO MUNICIPAL,forest_zone,FZ,FOREST ZONE,1
Kwadaso_Municipal,2012,0,2.56485284375,0,KWADASO MUNICIPAL,forest_zone,FZ,FOREST ZONE,1
Kwadaso_Municipal,2013,0,2.56485284375,0,KWADASO MUNICIPAL,forest_zone,FZ,FOREST ZONE,1
Kwadaso_Municipal,2014,0,2.56485284375,0,KWADASO MUNICIPAL,forest_zone,FZ,FOREST ZONE,1
Kwadaso_Municipal,2015,0,2.56485284375,0,KWADASO MUNICIPAL,forest_zone,FZ,FOREST ZONE,1
Kwadaso_Municipal,2016,0,2.56485284375,0,KWADASO MUNICIPAL,forest_zone,FZ,FOREST ZONE,1
Kwadaso_Municipal,2017,0,2.56485284375,0,KWADASO MUNICIPAL,forest_zone,FZ,FOREST ZONE,1
Kwadaso_Municipal,2018,0,2.56485284375,0,KWADASO MUNICIPAL,forest_zone,FZ,FOREST ZONE,1
Kwadaso_Municipal,2019,0,2.56485284375,0,KWADASO MUNICIPAL,forest_zone,FZ,FOREST ZONE,1
Kwadaso_Municipal,2020,0,2.56485284375,0,KWADASO MUNICIPAL,forest_zone,FZ,FOREST ZONE,1
Kwadaso_Municipal,2021,0,2.56485284375,0,KWADASO MUNICIPAL,forest_zone,FZ,FOREST ZONE,1
Kwadaso_Municipal,2022,0,2.56485284375,0,KWADASO MUNICIPAL,forest_zone,FZ,FOREST ZONE,1
Kwadaso_Municipal,2023,0,2.56485284375,0,KWADASO MUNICIPAL,forest_zone,FZ,FOREST ZONE,1
Kwadaso_Municipal,2024,0,2.56485284375,0,KWADASO MUNICIPAL,forest_zone,FZ,FOREST ZONE,1
Kwaebibirem,2001,0,682.662158265626,0,KWAEBIBIREM,forest_zone,FZ,FOREST ZONE,1
Kwaebibirem,2002,0,682.662158265626,0,KWAEBIBIREM,forest_zone,FZ,FOREST ZONE,1
Kwaebibirem,2003,0,682.662158265626,0,KWAEBIBIREM,forest_zone,FZ,FOREST ZONE,1
Kwaebibirem,2004,0,682.662158265626,0,KWAEBIBIREM,forest_zone,FZ,FOREST ZONE,1
Kwaebibirem,2005,0,682.662158265626,0,KWAEBIBIREM,forest_zone,FZ,FOREST ZONE,1
Kwaebibirem,2006,0,682.662158265626,0,KWAEBIBIREM,forest_zone,FZ,FOREST ZONE,1
Kwaebibirem,2007,0,682.662158265626,0,KWAEBIBIREM,forest_zone,FZ,FOREST ZONE,1
Kwaebibirem,2008,0,682.662158265626,0,KWAEBIBIREM,forest_zone,FZ,FOREST ZONE,1
Kwaebibirem,2009,0,682.662158265626,0,KWAEBIBIREM,forest_zone,FZ,FOREST ZONE,1
Kwaebibirem,2010,0,682.662158265626,0,KWAEBIBIREM,forest_zone,FZ,FOREST ZONE,1
Kwaebibirem,2011,0,682.662158265626,0,KWAEBIBIREM,forest_zone,FZ,FOREST ZONE,1
Kwaebibirem,2012,7.05319190625,682.662158265626,1.03318923143028,KWAEBIBIREM,forest_zone,FZ,FOREST ZONE,1
Kwaebibirem,2013,9.83174314062499,682.662158265626,1.4402062603856,KWAEBIBIREM,forest_zone,FZ,FOREST ZONE,1
Kwaebibirem,2014,0,682.662158265626,0,KWAEBIBIREM,forest_zone,FZ,FOREST ZONE,1
Kwaebibirem,2015,0,682.662158265626,0,KWAEBIBIREM,forest_zone,FZ,FOREST ZONE,1
Kwaebibirem,2016,0,682.662158265626,0,KWAEBIBIREM,forest_zone,FZ,FOREST ZONE,1
Kwaebibirem,2017,0,682.662158265626,0,KWAEBIBIREM,forest_zone,FZ,FOREST ZONE,1
Kwaebibirem,2018,0,682.662158265626,0,KWAEBIBIREM,forest_zone,FZ,FOREST ZONE,1
Kwaebibirem,2019,0,682.662158265626,0,KWAEBIBIREM,forest_zone,FZ,FOREST ZONE,1
Kwaebibirem,2020,0.854926,682.662158265626,0.12523412784034,KWAEBIBIREM,forest_zone,FZ,FOREST ZONE,1
Kwaebibirem,2021,0,682.662158265626,0,KWAEBIBIREM,forest_zone,FZ,FOREST ZONE,1
Kwaebibirem,2022,0,682.662158265626,0,KWAEBIBIREM,forest_zone,FZ,FOREST ZONE,1
Kwaebibirem,2023,0,682.662158265626,0,KWAEBIBIREM,forest_zone,FZ,FOREST ZONE,1
Kwaebibirem,2024,0,682.662158265626,0,KWAEBIBIREM,forest_zone,FZ,FOREST ZONE,1
Kwahu_Afram_Plains_North,2001,475.7863933125,1115.72764114063,42.6435964987023,KWAHU AFRAM PLAINS NORTH,forest_zone,FZ,FOREST ZONE,0.999999999790623
Kwahu_Afram_Plains_North,2002,93.4044309531251,1115.72764114063,8.37161575181876,KWAHU AFRAM PLAINS NORTH,forest_zone,FZ,FOREST ZONE,0.999999999790623
Kwahu_Afram_Plains_North,2003,388.794112828126,1115.72764114063,34.846686457517,KWAHU AFRAM PLAINS NORTH,forest_zone,FZ,FOREST ZONE,0.999999999790623
Kwahu_Afram_Plains_North,2004,443.511271578125,1115.72764114063,39.7508545297591,KWAHU AFRAM PLAINS NORTH,forest_zone,FZ,FOREST ZONE,0.999999999790623
Kwahu_Afram_Plains_North,2005,611.939965062501,1115.72764114063,54.8467154974221,KWAHU AFRAM PLAINS NORTH,forest_zone,FZ,FOREST ZONE,0.999999999790623
Kwahu_Afram_Plains_North,2006,201.55822675,1115.72764114063,18.065181798664,KWAHU AFRAM PLAINS NORTH,forest_zone,FZ,FOREST ZONE,0.999999999790623
Kwahu_Afram_Plains_North,2007,369.771603593749,1115.72764114063,33.1417444507984,KWAHU AFRAM PLAINS NORTH,forest_zone,FZ,FOREST ZONE,0.999999999790623
Kwahu_Afram_Plains_North,2008,437.954791843751,1115.72764114063,39.2528405405481,KWAHU AFRAM PLAINS NORTH,forest_zone,FZ,FOREST ZONE,0.999999999790623
Kwahu_Afram_Plains_North,2009,250.71813003125,1115.72764114063,22.4712663544784,KWAHU AFRAM PLAINS NORTH,forest_zone,FZ,FOREST ZONE,0.999999999790623
Kwahu_Afram_Plains_North,2010,414.442483421876,1115.72764114063,37.1454885708651,KWAHU AFRAM PLAINS NORTH,forest_zone,FZ,FOREST ZONE,0.999999999790623
Kwahu_Afram_Plains_North,2011,270.167475093751,1115.72764114063,24.2144646356124,KWAHU AFRAM PLAINS NORTH,forest_zone,FZ,FOREST ZONE,0.999999999790623
Kwahu_Afram_Plains_North,2012,302.015565578126,1115.72764114063,27.0689328149448,KWAHU AFRAM PLAINS NORTH,forest_zone,FZ,FOREST ZONE,0.999999999790623
Kwahu_Afram_Plains_North,2013,374.686109703126,1115.72764114063,33.5822198794032,KWAHU AFRAM PLAINS NORTH,forest_zone,FZ,FOREST ZONE,0.999999999790623
Kwahu_Afram_Plains_North,2014,154.962437640625,1115.72764114063,13.8889126635066,KWAHU AFRAM PLAINS NORTH,forest_zone,FZ,FOREST ZONE,0.999999999790623
Kwahu_Afram_Plains_North,2015,659.817246390626,1115.72764114063,59.1378417152129,KWAHU AFRAM PLAINS NORTH,forest_zone,FZ,FOREST ZONE,0.999999999790623
Kwahu_Afram_Plains_North,2016,324.457666484375,1115.72764114063,29.0803646446076,KWAHU AFRAM PLAINS NORTH,forest_zone,FZ,FOREST ZONE,0.999999999790623
Kwahu_Afram_Plains_North,2017,299.87839121875,1115.72764114063,26.877382988574,KWAHU AFRAM PLAINS NORTH,forest_zone,FZ,FOREST ZONE,0.999999999790623
Kwahu_Afram_Plains_North,2018,240.671798234375,1115.72764114063,21.5708376632429,KWAHU AFRAM PLAINS NORTH,forest_zone,FZ,FOREST ZONE,0.999999999790623
Kwahu_Afram_Plains_North,2019,178.9002170625,1115.72764114063,16.0343985813246,KWAHU AFRAM PLAINS NORTH,forest_zone,FZ,FOREST ZONE,0.999999999790623
Kwahu_Afram_Plains_North,2020,420.428467609376,1115.72764114063,37.6819980169679,KWAHU AFRAM PLAINS NORTH,forest_zone,FZ,FOREST ZONE,0.999999999790623
Kwahu_Afram_Plains_North,2021,109.221320890625,1115.72764114063,9.78924576780816,KWAHU AFRAM PLAINS NORTH,forest_zone,FZ,FOREST ZONE,0.999999999790623
Kwahu_Afram_Plains_North,2022,361.222134953126,1115.72764114063,32.375476024224,KWAHU AFRAM PLAINS NORTH,forest_zone,FZ,FOREST ZONE,0.999999999790623
Kwahu_Afram_Plains_North,2023,88.702789421875,1115.72764114063,7.9502188662452,KWAHU AFRAM PLAINS NORTH,forest_zone,FZ,FOREST ZONE,0.999999999790623
Kwahu_Afram_Plains_North,2024,266.963085046875,1115.72764114063,23.9272628196208,KWAHU AFRAM PLAINS NORTH,forest_zone,FZ,FOREST ZONE,0.999999999790623
Kwahu_Afram_Plains_South,2001,1156.76497185938,2266.93536348436,51.0276997964947,KWAHU AFRAM PLAINS SOUTH,forest_zone,FZ,FOREST ZONE,0.999999999980025
Kwahu_Afram_Plains_South,2002,427.481926203125,2266.93536348436,18.8572613533219,KWAHU AFRAM PLAINS SOUTH,forest_zone,FZ,FOREST ZONE,0.999999999980025
Kwahu_Afram_Plains_South,2003,1185.62016651563,2266.93536348436,52.3005722004038,KWAHU AFRAM PLAINS SOUTH,forest_zone,FZ,FOREST ZONE,0.999999999980025
Kwahu_Afram_Plains_South,2004,962.049191125,2266.93536348436,42.4383159141465,KWAHU AFRAM PLAINS SOUTH,forest_zone,FZ,FOREST ZONE,0.999999999980025
Kwahu_Afram_Plains_South,2005,1536.1566363125,2266.93536348436,67.7635834288355,KWAHU AFRAM PLAINS SOUTH,forest_zone,FZ,FOREST ZONE,0.999999999980025
Kwahu_Afram_Plains_South,2006,874.842207828126,2266.93536348436,38.5914050272461,KWAHU AFRAM PLAINS SOUTH,forest_zone,FZ,FOREST ZONE,0.999999999980025
Kwahu_Afram_Plains_South,2007,1148.85946467188,2266.93536348436,50.678968760099,KWAHU AFRAM PLAINS SOUTH,forest_zone,FZ,FOREST ZONE,0.999999999980025
Kwahu_Afram_Plains_South,2008,1370.72110801563,2266.93536348436,60.4658222768547,KWAHU AFRAM PLAINS SOUTH,forest_zone,FZ,FOREST ZONE,0.999999999980025
Kwahu_Afram_Plains_South,2009,1264.70665357813,2266.93536348436,55.789268364239,KWAHU AFRAM PLAINS SOUTH,forest_zone,FZ,FOREST ZONE,0.999999999980025
Kwahu_Afram_Plains_South,2010,1026.38571884375,2266.93536348436,45.2763557080939,KWAHU AFRAM PLAINS SOUTH,forest_zone,FZ,FOREST ZONE,0.999999999980025
Kwahu_Afram_Plains_South,2011,1154.841226875,2266.93536348436,50.942838753901,KWAHU AFRAM PLAINS SOUTH,forest_zone,FZ,FOREST ZONE,0.999999999980025
Kwahu_Afram_Plains_South,2012,873.560603250002,2266.93536348436,38.5348703505735,KWAHU AFRAM PLAINS SOUTH,forest_zone,FZ,FOREST ZONE,0.999999999980025
Kwahu_Afram_Plains_South,2013,1157.62192923438,2266.93536348436,51.0655022583031,KWAHU AFRAM PLAINS SOUTH,forest_zone,FZ,FOREST ZONE,0.999999999980025
Kwahu_Afram_Plains_South,2014,941.743763359379,2266.93536348436,41.5425943998634,KWAHU AFRAM PLAINS SOUTH,forest_zone,FZ,FOREST ZONE,0.999999999980025
Kwahu_Afram_Plains_South,2015,1704.8012484375,2266.93536348436,75.2029050275682,KWAHU AFRAM PLAINS SOUTH,forest_zone,FZ,FOREST ZONE,0.999999999980025
Kwahu_Afram_Plains_South,2016,961.619798671874,2266.93536348436,42.4193743748312,KWAHU AFRAM PLAINS SOUTH,forest_zone,FZ,FOREST ZONE,0.999999999980025
Kwahu_Afram_Plains_South,2017,464.45923309375,2266.93536348436,20.4884197659636,KWAHU AFRAM PLAINS SOUTH,forest_zone,FZ,FOREST ZONE,0.999999999980025
Kwahu_Afram_Plains_South,2018,1503.66776773438,2266.93536348436,66.3304208825427,KWAHU AFRAM PLAINS SOUTH,forest_zone,FZ,FOREST ZONE,0.999999999980025
Kwahu_Afram_Plains_South,2019,319.3290518125,2266.93536348436,14.0863765661884,KWAHU AFRAM PLAINS SOUTH,forest_zone,FZ,FOREST ZONE,0.999999999980025
Kwahu_Afram_Plains_South,2020,1136.8905428125,2266.93536348436,50.1509906777871,KWAHU AFRAM PLAINS SOUTH,forest_zone,FZ,FOREST ZONE,0.999999999980025
Kwahu_Afram_Plains_South,2021,740.187031578128,2266.93536348436,32.6514396264229,KWAHU AFRAM PLAINS SOUTH,forest_zone,FZ,FOREST ZONE,0.999999999980025
Kwahu_Afram_Plains_South,2022,1570.57315692188,2266.93536348436,69.2817793670063,KWAHU AFRAM PLAINS SOUTH,forest_zone,FZ,FOREST ZONE,0.999999999980025
Kwahu_Afram_Plains_South,2023,428.125002359373,2266.93536348436,18.8856289974377,KWAHU AFRAM PLAINS SOUTH,forest_zone,FZ,FOREST ZONE,0.999999999980025
Kwahu_Afram_Plains_South,2024,1575.70405125001,2266.93536348436,69.5081155215687,KWAHU AFRAM PLAINS SOUTH,forest_zone,FZ,FOREST ZONE,0.999999999980025
Kwahu_East,2001,84.426748421875,529.857133171874,15.9338703088647,KWAHU EAST,forest_zone,FZ,FOREST ZONE,1
Kwahu_East,2002,75.877177625,529.857133171874,14.3203087916884,KWAHU EAST,forest_zone,FZ,FOREST ZONE,1
Kwahu_East,2003,139.99879253125,529.857133171874,26.4219888280409,KWAHU EAST,forest_zone,FZ,FOREST ZONE,1
Kwahu_East,2004,117.342364359375,529.857133171874,22.1460384343475,KWAHU EAST,forest_zone,FZ,FOREST ZONE,1
Kwahu_East,2005,100.88478284375,529.857133171874,19.0399971101314,KWAHU EAST,forest_zone,FZ,FOREST ZONE,1
Kwahu_East,2006,91.052625859375,529.857133171874,17.184372948668,KWAHU EAST,forest_zone,FZ,FOREST ZONE,1
Kwahu_East,2007,124.609555796875,529.857133171874,23.5175763419334,KWAHU EAST,forest_zone,FZ,FOREST ZONE,1
Kwahu_East,2008,146.411051015625,529.857133171874,27.632175137318,KWAHU EAST,forest_zone,FZ,FOREST ZONE,1
Kwahu_East,2009,146.62472378125,529.857133171874,27.6725016238837,KWAHU EAST,forest_zone,FZ,FOREST ZONE,1
Kwahu_East,2010,53.862151625,529.857133171874,10.1654103064662,KWAHU EAST,forest_zone,FZ,FOREST ZONE,1
Kwahu_East,2011,94.4726038125,529.857133171874,17.8298257960519,KWAHU EAST,forest_zone,FZ,FOREST ZONE,1
Kwahu_East,2012,79.72452865625,529.857133171874,15.0464198111284,KWAHU EAST,forest_zone,FZ,FOREST ZONE,1
Kwahu_East,2013,102.1671453125,529.857133171874,19.2820175319522,KWAHU EAST,forest_zone,FZ,FOREST ZONE,1
Kwahu_East,2014,66.90028978125,529.857133171874,12.6260996772406,KWAHU EAST,forest_zone,FZ,FOREST ZONE,1
Kwahu_East,2015,63.2666535625,529.857133171874,11.9403230798778,KWAHU EAST,forest_zone,FZ,FOREST ZONE,1
Kwahu_East,2016,117.3424716875,529.857133171874,22.1460586903973,KWAHU EAST,forest_zone,FZ,FOREST ZONE,1
Kwahu_East,2017,43.389005421875,529.857133171874,8.18881217322418,KWAHU EAST,forest_zone,FZ,FOREST ZONE,1
Kwahu_East,2018,124.82341421875,529.857133171874,23.5579378674251,KWAHU EAST,forest_zone,FZ,FOREST ZONE,1
Kwahu_East,2019,87.8465558906249,529.857133171874,16.5792909807123,KWAHU EAST,forest_zone,FZ,FOREST ZONE,1
Kwahu_East,2020,128.45675475,529.857133171874,24.2436586596507,KWAHU EAST,forest_zone,FZ,FOREST ZONE,1
Kwahu_East,2021,156.45651365625,529.857133171874,29.528056500751,KWAHU EAST,forest_zone,FZ,FOREST ZONE,1
Kwahu_East,2022,134.01404803125,529.857133171874,25.292487284073,KWAHU EAST,forest_zone,FZ,FOREST ZONE,1
Kwahu_East,2023,96.39608321875,529.857133171874,18.1928442940262,KWAHU EAST,forest_zone,FZ,FOREST ZONE,1
Kwahu_East,2024,57.923091890625,529.857133171874,10.931832047609,KWAHU EAST,forest_zone,FZ,FOREST ZONE,1
Kwahu_South,2001,65.1899226406251,595.258239140625,10.9515363844001,KWAHU SOUTH,forest_zone,FZ,FOREST ZONE,1
Kwahu_South,2002,104.0900513125,595.258239140625,17.4865368453824,KWAHU SOUTH,forest_zone,FZ,FOREST ZONE,1
Kwahu_South,2003,61.9838518906249,595.258239140625,10.4129347256262,KWAHU SOUTH,forest_zone,FZ,FOREST ZONE,1
Kwahu_South,2004,114.777001515625,595.258239140625,19.281883721816,KWAHU SOUTH,forest_zone,FZ,FOREST ZONE,1
Kwahu_South,2005,85.708702515625,595.258239140625,14.398574749568,KWAHU SOUTH,forest_zone,FZ,FOREST ZONE,1
Kwahu_South,2006,66.6861175625,595.258239140625,11.2028886250739,KWAHU SOUTH,forest_zone,FZ,FOREST ZONE,1
Kwahu_South,2007,76.304028640625,595.258239140625,12.8186430062329,KWAHU SOUTH,forest_zone,FZ,FOREST ZONE,1
Kwahu_South,2008,114.776962375,595.258239140625,19.2818771464136,KWAHU SOUTH,forest_zone,FZ,FOREST ZONE,1
Kwahu_South,2009,70.7470903125,595.258239140625,11.8851089595396,KWAHU SOUTH,forest_zone,FZ,FOREST ZONE,1
Kwahu_South,2010,67.540966625,595.258239140625,11.3464984075666,KWAHU SOUTH,forest_zone,FZ,FOREST ZONE,1
Kwahu_South,2011,82.288901859375,595.258239140625,13.8240676816461,KWAHU SOUTH,forest_zone,FZ,FOREST ZONE,1
Kwahu_South,2012,27.57211328125,595.258239140625,4.631958277647,KWAHU SOUTH,forest_zone,FZ,FOREST ZONE,1
Kwahu_South,2013,103.021655765625,595.258239140625,17.307052467574,KWAHU SOUTH,forest_zone,FZ,FOREST ZONE,1
Kwahu_South,2014,25.434785296875,595.258239140625,4.27289932745748,KWAHU SOUTH,forest_zone,FZ,FOREST ZONE,1
Kwahu_South,2015,60.27398878125,595.258239140625,10.1256874442036,KWAHU SOUTH,forest_zone,FZ,FOREST ZONE,1
Kwahu_South,2016,59.632732,595.258239140625,10.0179599506412,KWAHU SOUTH,forest_zone,FZ,FOREST ZONE,1
Kwahu_South,2017,9.1907058125,595.258239140625,1.54398632529113,KWAHU SOUTH,forest_zone,FZ,FOREST ZONE,1
Kwahu_South,2018,72.67073815625,595.258239140625,12.2082708609233,KWAHU SOUTH,forest_zone,FZ,FOREST ZONE,1
Kwahu_South,2019,10.900600859375,595.258239140625,1.83123897203207,KWAHU SOUTH,forest_zone,FZ,FOREST ZONE,1
Kwahu_South,2020,78.014110015625,595.258239140625,13.1059269550396,KWAHU SOUTH,forest_zone,FZ,FOREST ZONE,1
Kwahu_South,2021,64.762351703125,595.258239140625,10.8797068977361,KWAHU SOUTH,forest_zone,FZ,FOREST ZONE,1
Kwahu_South,2022,77.373042203125,595.258239140625,12.9982312071528,KWAHU SOUTH,forest_zone,FZ,FOREST ZONE,1
Kwahu_South,2023,32.488066671875,595.258239140625,5.45781049898243,KWAHU SOUTH,forest_zone,FZ,FOREST ZONE,1
Kwahu_South,2024,13.8929553125,595.258239140625,2.33393750795575,KWAHU SOUTH,forest_zone,FZ,FOREST ZONE,1
Kwahu_West,2001,1.92362746875,337.489227093753,0.56998188810798,KWAHU WEST,forest_zone,FZ,FOREST ZONE,1
Kwahu_West,2002,0,337.489227093753,0,KWAHU WEST,forest_zone,FZ,FOREST ZONE,1
Kwahu_West,2003,0,337.489227093753,0,KWAHU WEST,forest_zone,FZ,FOREST ZONE,1
Kwahu_West,2004,4.274727078125,337.489227093753,1.26662623128338,KWAHU WEST,forest_zone,FZ,FOREST ZONE,1
Kwahu_West,2005,15.602742953125,337.489227093753,4.62318251977585,KWAHU WEST,forest_zone,FZ,FOREST ZONE,1
Kwahu_West,2006,15.816454765625,337.489227093753,4.68650655958013,KWAHU WEST,forest_zone,FZ,FOREST ZONE,1
Kwahu_West,2007,3.847244671875,337.489227093753,1.1399607344522,KWAHU WEST,forest_zone,FZ,FOREST ZONE,1
Kwahu_West,2008,0.6412096875,337.489227093753,0.189994120115092,KWAHU WEST,forest_zone,FZ,FOREST ZONE,1
Kwahu_West,2009,0,337.489227093753,0,KWAHU WEST,forest_zone,FZ,FOREST ZONE,1
Kwahu_West,2010,0,337.489227093753,0,KWAHU WEST,forest_zone,FZ,FOREST ZONE,1
Kwahu_West,2011,0,337.489227093753,0,KWAHU WEST,forest_zone,FZ,FOREST ZONE,1
Kwahu_West,2012,5.55714490625,337.489227093753,1.6466140131656,KWAHU WEST,forest_zone,FZ,FOREST ZONE,1
Kwahu_West,2013,0,337.489227093753,0,KWAHU WEST,forest_zone,FZ,FOREST ZONE,1
Kwahu_West,2014,0,337.489227093753,0,KWAHU WEST,forest_zone,FZ,FOREST ZONE,1
Kwahu_West,2015,0,337.489227093753,0,KWAHU WEST,forest_zone,FZ,FOREST ZONE,1
Kwahu_West,2016,2.351100921875,337.489227093753,0.6966447320767,KWAHU WEST,forest_zone,FZ,FOREST ZONE,1
Kwahu_West,2017,0.213736046875,337.489227093753,0.0633312205890428,KWAHU WEST,forest_zone,FZ,FOREST ZONE,1
Kwahu_West,2018,0,337.489227093753,0,KWAHU WEST,forest_zone,FZ,FOREST ZONE,1
Kwahu_West,2019,0,337.489227093753,0,KWAHU WEST,forest_zone,FZ,FOREST ZONE,1
Kwahu_West,2020,22.869774171875,337.489227093753,6.77644568652318,KWAHU WEST,forest_zone,FZ,FOREST ZONE,1
Kwahu_West,2021,0,337.489227093753,0,KWAHU WEST,forest_zone,FZ,FOREST ZONE,1
Kwahu_West,2022,0,337.489227093753,0,KWAHU WEST,forest_zone,FZ,FOREST ZONE,1
Kwahu_West,2023,0,337.489227093753,0,KWAHU WEST,forest_zone,FZ,FOREST ZONE,1
Kwahu_West,2024,0,337.489227093753,0,KWAHU WEST,forest_zone,FZ,FOREST ZONE,1
La_Dade_Kotopon,2001,0,4.4882553125,0,LA DADE-KOTOPON,coastal_zone,CZ,COASTAL ZONE,0.999999998604193
La_Dade_Kotopon,2002,0,4.4882553125,0,LA DADE-KOTOPON,coastal_zone,CZ,COASTAL ZONE,0.999999998604193
La_Dade_Kotopon,2003,0,4.4882553125,0,LA DADE-KOTOPON,coastal_zone,CZ,COASTAL ZONE,0.999999998604193
La_Dade_Kotopon,2004,0,4.4882553125,0,LA DADE-KOTOPON,coastal_zone,CZ,COASTAL ZONE,0.999999998604193
La_Dade_Kotopon,2005,0,4.4882553125,0,LA DADE-KOTOPON,coastal_zone,CZ,COASTAL ZONE,0.999999998604193
La_Dade_Kotopon,2006,0,4.4882553125,0,LA DADE-KOTOPON,coastal_zone,CZ,COASTAL ZONE,0.999999998604193
La_Dade_Kotopon,2007,0,4.4882553125,0,LA DADE-KOTOPON,coastal_zone,CZ,COASTAL ZONE,0.999999998604193
La_Dade_Kotopon,2008,0,4.4882553125,0,LA DADE-KOTOPON,coastal_zone,CZ,COASTAL ZONE,0.999999998604193
La_Dade_Kotopon,2009,0,4.4882553125,0,LA DADE-KOTOPON,coastal_zone,CZ,COASTAL ZONE,0.999999998604193
La_Dade_Kotopon,2010,0,4.4882553125,0,LA DADE-KOTOPON,coastal_zone,CZ,COASTAL ZONE,0.999999998604193
La_Dade_Kotopon,2011,0,4.4882553125,0,LA DADE-KOTOPON,coastal_zone,CZ,COASTAL ZONE,0.999999998604193
La_Dade_Kotopon,2012,0,4.4882553125,0,LA DADE-KOTOPON,coastal_zone,CZ,COASTAL ZONE,0.999999998604193
La_Dade_Kotopon,2013,0,4.4882553125,0,LA DADE-KOTOPON,coastal_zone,CZ,COASTAL ZONE,0.999999998604193
La_Dade_Kotopon,2014,0,4.4882553125,0,LA DADE-KOTOPON,coastal_zone,CZ,COASTAL ZONE,0.999999998604193
La_Dade_Kotopon,2015,0,4.4882553125,0,LA DADE-KOTOPON,coastal_zone,CZ,COASTAL ZONE,0.999999998604193
La_Dade_Kotopon,2016,0,4.4882553125,0,LA DADE-KOTOPON,coastal_zone,CZ,COASTAL ZONE,0.999999998604193
La_Dade_Kotopon,2017,0,4.4882553125,0,LA DADE-KOTOPON,coastal_zone,CZ,COASTAL ZONE,0.999999998604193
La_Dade_Kotopon,2018,0,4.4882553125,0,LA DADE-KOTOPON,coastal_zone,CZ,COASTAL ZONE,0.999999998604193
La_Dade_Kotopon,2019,0,4.4882553125,0,LA DADE-KOTOPON,coastal_zone,CZ,COASTAL ZONE,0.999999998604193
La_Dade_Kotopon,2020,0,4.4882553125,0,LA DADE-KOTOPON,coastal_zone,CZ,COASTAL ZONE,0.999999998604193
La_Dade_Kotopon,2021,0,4.4882553125,0,LA DADE-KOTOPON,coastal_zone,CZ,COASTAL ZONE,0.999999998604193
La_Dade_Kotopon,2022,0,4.4882553125,0,LA DADE-KOTOPON,coastal_zone,CZ,COASTAL ZONE,0.999999998604193
La_Dade_Kotopon,2023,0,4.4882553125,0,LA DADE-KOTOPON,coastal_zone,CZ,COASTAL ZONE,0.999999998604193
La_Dade_Kotopon,2024,0,4.4882553125,0,LA DADE-KOTOPON,coastal_zone,CZ,COASTAL ZONE,0.999999998604193
La_Nkwantanang_Madina,2001,0,32.7004118749999,0,LA-NKWANTANANG-MADINA,coastal_zone,CZ,COASTAL ZONE,0.999999999787789
La_Nkwantanang_Madina,2002,0,32.7004118749999,0,LA-NKWANTANANG-MADINA,coastal_zone,CZ,COASTAL ZONE,0.999999999787789
La_Nkwantanang_Madina,2003,0,32.7004118749999,0,LA-NKWANTANANG-MADINA,coastal_zone,CZ,COASTAL ZONE,0.999999999787789
La_Nkwantanang_Madina,2004,0,32.7004118749999,0,LA-NKWANTANANG-MADINA,coastal_zone,CZ,COASTAL ZONE,0.999999999787789
La_Nkwantanang_Madina,2005,0,32.7004118749999,0,LA-NKWANTANANG-MADINA,coastal_zone,CZ,COASTAL ZONE,0.999999999787789
La_Nkwantanang_Madina,2006,4.70202315625,32.7004118749999,14.3790945943552,LA-NKWANTANANG-MADINA,coastal_zone,CZ,COASTAL ZONE,0.999999999787789
La_Nkwantanang_Madina,2007,2.7784663125,32.7004118749999,8.49673185500207,LA-NKWANTANANG-MADINA,coastal_zone,CZ,COASTAL ZONE,0.999999999787789
La_Nkwantanang_Madina,2008,3.419649765625,32.7004118749999,10.4575128249054,LA-NKWANTANANG-MADINA,coastal_zone,CZ,COASTAL ZONE,0.999999999787789
La_Nkwantanang_Madina,2009,0,32.7004118749999,0,LA-NKWANTANANG-MADINA,coastal_zone,CZ,COASTAL ZONE,0.999999999787789
La_Nkwantanang_Madina,2010,0,32.7004118749999,0,LA-NKWANTANANG-MADINA,coastal_zone,CZ,COASTAL ZONE,0.999999999787789
La_Nkwantanang_Madina,2011,0,32.7004118749999,0,LA-NKWANTANANG-MADINA,coastal_zone,CZ,COASTAL ZONE,0.999999999787789
La_Nkwantanang_Madina,2012,0,32.7004118749999,0,LA-NKWANTANANG-MADINA,coastal_zone,CZ,COASTAL ZONE,0.999999999787789
La_Nkwantanang_Madina,2013,0,32.7004118749999,0,LA-NKWANTANANG-MADINA,coastal_zone,CZ,COASTAL ZONE,0.999999999787789
La_Nkwantanang_Madina,2014,0,32.7004118749999,0,LA-NKWANTANANG-MADINA,coastal_zone,CZ,COASTAL ZONE,0.999999999787789
La_Nkwantanang_Madina,2015,0,32.7004118749999,0,LA-NKWANTANANG-MADINA,coastal_zone,CZ,COASTAL ZONE,0.999999999787789
La_Nkwantanang_Madina,2016,0,32.7004118749999,0,LA-NKWANTANANG-MADINA,coastal_zone,CZ,COASTAL ZONE,0.999999999787789
La_Nkwantanang_Madina,2017,0,32.7004118749999,0,LA-NKWANTANANG-MADINA,coastal_zone,CZ,COASTAL ZONE,0.999999999787789
La_Nkwantanang_Madina,2018,0,32.7004118749999,0,LA-NKWANTANANG-MADINA,coastal_zone,CZ,COASTAL ZONE,0.999999999787789
La_Nkwantanang_Madina,2019,0,32.7004118749999,0,LA-NKWANTANANG-MADINA,coastal_zone,CZ,COASTAL ZONE,0.999999999787789
La_Nkwantanang_Madina,2020,0,32.7004118749999,0,LA-NKWANTANANG-MADINA,coastal_zone,CZ,COASTAL ZONE,0.999999999787789
La_Nkwantanang_Madina,2021,0,32.7004118749999,0,LA-NKWANTANANG-MADINA,coastal_zone,CZ,COASTAL ZONE,0.999999999787789
La_Nkwantanang_Madina,2022,0,32.7004118749999,0,LA-NKWANTANANG-MADINA,coastal_zone,CZ,COASTAL ZONE,0.999999999787789
La_Nkwantanang_Madina,2023,0,32.7004118749999,0,LA-NKWANTANANG-MADINA,coastal_zone,CZ,COASTAL ZONE,0.999999999787789
La_Nkwantanang_Madina,2024,0,32.7004118749999,0,LA-NKWANTANANG-MADINA,coastal_zone,CZ,COASTAL ZONE,0.999999999787789
Lambussie_Karni,2001,197.97971159375,697.844928999997,28.3701583785172,LAMBUSSIE-KARNI,sudan_savannah,SS,SUDAN SAVANNAH,0.999999999350927
Lambussie_Karni,2002,279.4372201875,697.844928999997,40.0428818173015,LAMBUSSIE-KARNI,sudan_savannah,SS,SUDAN SAVANNAH,0.999999999350927
Lambussie_Karni,2003,292.0515581875,697.844928999997,41.850495153129,LAMBUSSIE-KARNI,sudan_savannah,SS,SUDAN SAVANNAH,0.999999999350927
Lambussie_Karni,2004,308.299998046875,697.844928999997,44.1788691491482,LAMBUSSIE-KARNI,sudan_savannah,SS,SUDAN SAVANNAH,0.999999999350927
Lambussie_Karni,2005,294.831233875,697.844928999997,42.2488179856074,LAMBUSSIE-KARNI,sudan_savannah,SS,SUDAN SAVANNAH,0.999999999350927
Lambussie_Karni,2006,153.722558046875,697.844928999997,22.0281830043757,LAMBUSSIE-KARNI,sudan_savannah,SS,SUDAN SAVANNAH,0.999999999350927
Lambussie_Karni,2007,150.515402015625,697.844928999997,21.5686029604473,LAMBUSSIE-KARNI,sudan_savannah,SS,SUDAN SAVANNAH,0.999999999350927
Lambussie_Karni,2008,160.564321890625,697.844928999997,23.0085962107243,LAMBUSSIE-KARNI,sudan_savannah,SS,SUDAN SAVANNAH,0.999999999350927
Lambussie_Karni,2009,125.287036390625,697.844928999997,17.9534207650057,LAMBUSSIE-KARNI,sudan_savannah,SS,SUDAN SAVANNAH,0.999999999350927
Lambussie_Karni,2010,292.0517883125,697.844928999997,41.8505281296529,LAMBUSSIE-KARNI,sudan_savannah,SS,SUDAN SAVANNAH,0.999999999350927
Lambussie_Karni,2011,180.233529578125,697.844928999997,25.8271604604761,LAMBUSSIE-KARNI,sudan_savannah,SS,SUDAN SAVANNAH,0.999999999350927
Lambussie_Karni,2012,112.458865125,697.844928999997,16.1151654832761,LAMBUSSIE-KARNI,sudan_savannah,SS,SUDAN SAVANNAH,0.999999999350927
Lambussie_Karni,2013,167.1916559375,697.844928999997,23.9582819892499,LAMBUSSIE-KARNI,sudan_savannah,SS,SUDAN SAVANNAH,0.999999999350927
Lambussie_Karni,2014,170.185634828125,697.844928999997,24.3873141088807,LAMBUSSIE-KARNI,sudan_savannah,SS,SUDAN SAVANNAH,0.999999999350927
Lambussie_Karni,2015,161.41932196875,697.844928999997,23.1311162782342,LAMBUSSIE-KARNI,sudan_savannah,SS,SUDAN SAVANNAH,0.999999999350927
Lambussie_Karni,2016,143.887539375,697.844928999997,20.6188414353299,LAMBUSSIE-KARNI,sudan_savannah,SS,SUDAN SAVANNAH,0.999999999350927
Lambussie_Karni,2017,185.364961265625,697.844928999997,26.5624859567656,LAMBUSSIE-KARNI,sudan_savannah,SS,SUDAN SAVANNAH,0.999999999350927
Lambussie_Karni,2018,87.01654384375,697.844928999997,12.4693238035624,LAMBUSSIE-KARNI,sudan_savannah,SS,SUDAN SAVANNAH,0.999999999350927
Lambussie_Karni,2019,171.25391415625,697.844928999997,24.5403967327891,LAMBUSSIE-KARNI,sudan_savannah,SS,SUDAN SAVANNAH,0.999999999350927
Lambussie_Karni,2020,135.54918171875,697.844928999997,19.4239688626799,LAMBUSSIE-KARNI,sudan_savannah,SS,SUDAN SAVANNAH,0.999999999350927
Lambussie_Karni,2021,118.01744865625,697.844928999997,16.9117011175201,LAMBUSSIE-KARNI,sudan_savannah,SS,SUDAN SAVANNAH,0.999999999350927
Lambussie_Karni,2022,123.362488796875,697.844928999997,17.6776363444601,LAMBUSSIE-KARNI,sudan_savannah,SS,SUDAN SAVANNAH,0.999999999350927
Lambussie_Karni,2023,159.066856515625,697.844928999997,22.7940119509883,LAMBUSSIE-KARNI,sudan_savannah,SS,SUDAN SAVANNAH,0.999999999350927
Lambussie_Karni,2024,130.631708203125,697.844928999997,18.7193032111473,LAMBUSSIE-KARNI,sudan_savannah,SS,SUDAN SAVANNAH,0.999999999350927
Lawra,2001,20.952147609375,451.966705312502,4.63577236179115,LAWRA,sudan_savannah,SS,SUDAN SAVANNAH,0.999999998302058
Lawra,2002,44.897449859375,451.966705312502,9.93379585965999,LAWRA,sudan_savannah,SS,SUDAN SAVANNAH,0.999999998302058
Lawra,2003,57.725307515625,451.966705312502,12.7720265314039,LAWRA,sudan_savannah,SS,SUDAN SAVANNAH,0.999999998302058
Lawra,2004,90.6500980312501,451.966705312502,20.0568088236881,LAWRA,sudan_savannah,SS,SUDAN SAVANNAH,0.999999998302058
Lawra,2005,165.479096125,451.966705312502,36.6131164486073,LAWRA,sudan_savannah,SS,SUDAN SAVANNAH,0.999999998302058
Lawra,2006,75.256525765625,451.966705312502,16.650900360811,LAWRA,sudan_savannah,SS,SUDAN SAVANNAH,0.999999998302058
Lawra,2007,53.235363171875,451.966705312502,11.7786028364781,LAWRA,sudan_savannah,SS,SUDAN SAVANNAH,0.999999998302058
Lawra,2008,40.407534359375,451.966705312502,8.94037854656487,LAWRA,sudan_savannah,SS,SUDAN SAVANNAH,0.999999998302058
Lawra,2009,20.73841646875,451.966705312502,4.58848322785434,LAWRA,sudan_savannah,SS,SUDAN SAVANNAH,0.999999998302058
Lawra,2010,105.61579153125,451.966705312502,23.3680468693429,LAWRA,sudan_savannah,SS,SUDAN SAVANNAH,0.999999998302058
Lawra,2011,66.0633997187501,451.966705312502,14.6168730887095,LAWRA,sudan_savannah,SS,SUDAN SAVANNAH,0.999999998302058
Lawra,2012,38.911057671875,451.966705312502,8.60927524406269,LAWRA,sudan_savannah,SS,SUDAN SAVANNAH,0.999999998302058
Lawra,2013,37.200789046875,451.966705312502,8.23086935599678,LAWRA,sudan_savannah,SS,SUDAN SAVANNAH,0.999999998302058
Lawra,2014,63.28407459375,451.966705312502,14.0019328525524,LAWRA,sudan_savannah,SS,SUDAN SAVANNAH,0.999999998302058
Lawra,2015,51.097413046875,451.966705312502,11.3055701772423,LAWRA,sudan_savannah,SS,SUDAN SAVANNAH,0.999999998302058
Lawra,2016,70.1255309843751,451.966705312502,15.5156409001164,LAWRA,sudan_savannah,SS,SUDAN SAVANNAH,0.999999998302058
Lawra,2017,123.574729171875,451.966705312502,27.341555853419,LAWRA,sudan_savannah,SS,SUDAN SAVANNAH,0.999999998302058
Lawra,2018,48.745771015625,451.966705312502,10.7852570648807,LAWRA,sudan_savannah,SS,SUDAN SAVANNAH,0.999999998302058
Lawra,2019,38.269737546875,451.966705312502,8.46737980852246,LAWRA,sudan_savannah,SS,SUDAN SAVANNAH,0.999999998302058
Lawra,2020,51.5251580625,451.966705312502,11.4002110015768,LAWRA,sudan_savannah,SS,SUDAN SAVANNAH,0.999999998302058
Lawra,2021,103.905433375,451.966705312502,22.9896211720191,LAWRA,sudan_savannah,SS,SUDAN SAVANNAH,0.999999998302058
Lawra,2022,47.035453703125,451.966705312502,10.4068404044505,LAWRA,sudan_savannah,SS,SUDAN SAVANNAH,0.999999998302058
Lawra,2023,90.008611796875,451.966705312502,19.9148766355789,LAWRA,sudan_savannah,SS,SUDAN SAVANNAH,0.999999998302058
Lawra,2024,39.76631346875,451.966705312502,8.79850506714969,LAWRA,sudan_savannah,SS,SUDAN SAVANNAH,0.999999998302058
Ledzokuku_Municipal,2001,0,0.213726109375,0,LEDZOKUKU MUNICIPAL,coastal_zone,CZ,COASTAL ZONE,0.99999999913546
Ledzokuku_Municipal,2002,0,0.213726109375,0,LEDZOKUKU MUNICIPAL,coastal_zone,CZ,COASTAL ZONE,0.99999999913546
Ledzokuku_Municipal,2003,0,0.213726109375,0,LEDZOKUKU MUNICIPAL,coastal_zone,CZ,COASTAL ZONE,0.99999999913546
Ledzokuku_Municipal,2004,0,0.213726109375,0,LEDZOKUKU MUNICIPAL,coastal_zone,CZ,COASTAL ZONE,0.99999999913546
Ledzokuku_Municipal,2005,0,0.213726109375,0,LEDZOKUKU MUNICIPAL,coastal_zone,CZ,COASTAL ZONE,0.99999999913546
Ledzokuku_Municipal,2006,0,0.213726109375,0,LEDZOKUKU MUNICIPAL,coastal_zone,CZ,COASTAL ZONE,0.99999999913546
Ledzokuku_Municipal,2007,0,0.213726109375,0,LEDZOKUKU MUNICIPAL,coastal_zone,CZ,COASTAL ZONE,0.99999999913546
Ledzokuku_Municipal,2008,0,0.213726109375,0,LEDZOKUKU MUNICIPAL,coastal_zone,CZ,COASTAL ZONE,0.99999999913546
Ledzokuku_Municipal,2009,0,0.213726109375,0,LEDZOKUKU MUNICIPAL,coastal_zone,CZ,COASTAL ZONE,0.99999999913546
Ledzokuku_Municipal,2010,0,0.213726109375,0,LEDZOKUKU MUNICIPAL,coastal_zone,CZ,COASTAL ZONE,0.99999999913546
Ledzokuku_Municipal,2011,0,0.213726109375,0,LEDZOKUKU MUNICIPAL,coastal_zone,CZ,COASTAL ZONE,0.99999999913546
Ledzokuku_Municipal,2012,0,0.213726109375,0,LEDZOKUKU MUNICIPAL,coastal_zone,CZ,COASTAL ZONE,0.99999999913546
Ledzokuku_Municipal,2013,0,0.213726109375,0,LEDZOKUKU MUNICIPAL,coastal_zone,CZ,COASTAL ZONE,0.99999999913546
Ledzokuku_Municipal,2014,0,0.213726109375,0,LEDZOKUKU MUNICIPAL,coastal_zone,CZ,COASTAL ZONE,0.99999999913546
Ledzokuku_Municipal,2015,0,0.213726109375,0,LEDZOKUKU MUNICIPAL,coastal_zone,CZ,COASTAL ZONE,0.99999999913546
Ledzokuku_Municipal,2016,0,0.213726109375,0,LEDZOKUKU MUNICIPAL,coastal_zone,CZ,COASTAL ZONE,0.99999999913546
Ledzokuku_Municipal,2017,0,0.213726109375,0,LEDZOKUKU MUNICIPAL,coastal_zone,CZ,COASTAL ZONE,0.99999999913546
Ledzokuku_Municipal,2018,0,0.213726109375,0,LEDZOKUKU MUNICIPAL,coastal_zone,CZ,COASTAL ZONE,0.99999999913546
Ledzokuku_Municipal,2019,0,0.213726109375,0,LEDZOKUKU MUNICIPAL,coastal_zone,CZ,COASTAL ZONE,0.99999999913546
Ledzokuku_Municipal,2020,0,0.213726109375,0,LEDZOKUKU MUNICIPAL,coastal_zone,CZ,COASTAL ZONE,0.99999999913546
Ledzokuku_Municipal,2021,0,0.213726109375,0,LEDZOKUKU MUNICIPAL,coastal_zone,CZ,COASTAL ZONE,0.99999999913546
Ledzokuku_Municipal,2022,0,0.213726109375,0,LEDZOKUKU MUNICIPAL,coastal_zone,CZ,COASTAL ZONE,0.99999999913546
Ledzokuku_Municipal,2023,0,0.213726109375,0,LEDZOKUKU MUNICIPAL,coastal_zone,CZ,COASTAL ZONE,0.99999999913546
Ledzokuku_Municipal,2024,0,0.213726109375,0,LEDZOKUKU MUNICIPAL,coastal_zone,CZ,COASTAL ZONE,0.99999999913546
Lower_Manya,2001,10.259191390625,238.097972609375,4.30881089754438,LOWER MANYA,forest_zone,FZ,FOREST ZONE,0.999999999959697
Lower_Manya,2002,5.34328834375,238.097972609375,2.2441553303422,LOWER MANYA,forest_zone,FZ,FOREST ZONE,0.999999999959697
Lower_Manya,2003,10.9003949375,238.097972609375,4.57811329430479,LOWER MANYA,forest_zone,FZ,FOREST ZONE,0.999999999959697
Lower_Manya,2004,51.29588690625,238.097972609375,21.5440250683723,LOWER MANYA,forest_zone,FZ,FOREST ZONE,0.999999999959697
Lower_Manya,2005,21.586974078125,238.097972609375,9.06642498528986,LOWER MANYA,forest_zone,FZ,FOREST ZONE,0.999999999959697
Lower_Manya,2006,28.853879578125,238.097972609375,12.1184902424444,LOWER MANYA,forest_zone,FZ,FOREST ZONE,0.999999999959697
Lower_Manya,2007,56.21170521875,238.097972609375,23.6086450475457,LOWER MANYA,forest_zone,FZ,FOREST ZONE,0.999999999959697
Lower_Manya,2008,27.7852846875,238.097972609375,11.6696855428856,LOWER MANYA,forest_zone,FZ,FOREST ZONE,0.999999999959697
Lower_Manya,2009,44.88384021875,238.097972609375,18.8509963889473,LOWER MANYA,forest_zone,FZ,FOREST ZONE,0.999999999959697
Lower_Manya,2010,8.335596328125,238.097972609375,3.5009102500005,LOWER MANYA,forest_zone,FZ,FOREST ZONE,0.999999999959697
Lower_Manya,2011,12.823902640625,238.097972609375,5.38597725133257,LOWER MANYA,forest_zone,FZ,FOREST ZONE,0.999999999959697
Lower_Manya,2012,16.88490878125,238.097972609375,7.09158024161401,LOWER MANYA,forest_zone,FZ,FOREST ZONE,0.999999999959697
Lower_Manya,2013,13.678874953125,238.097972609375,5.74506149851458,LOWER MANYA,forest_zone,FZ,FOREST ZONE,0.999999999959697
Lower_Manya,2014,2.137317765625,238.097972609375,0.897663151937666,LOWER MANYA,forest_zone,FZ,FOREST ZONE,0.999999999959697
Lower_Manya,2015,18.1672709375,238.097972609375,7.6301661616016,LOWER MANYA,forest_zone,FZ,FOREST ZONE,0.999999999959697
Lower_Manya,2016,34.838310859375,238.097972609375,14.6319225139018,LOWER MANYA,forest_zone,FZ,FOREST ZONE,0.999999999959697
Lower_Manya,2017,9.190538046875,238.097972609375,3.85998164795508,LOWER MANYA,forest_zone,FZ,FOREST ZONE,0.999999999959697
Lower_Manya,2018,2.778527390625,238.097972609375,1.16696810148126,LOWER MANYA,forest_zone,FZ,FOREST ZONE,0.999999999959697
Lower_Manya,2019,1.068660953125,238.097972609375,0.448832445490097,LOWER MANYA,forest_zone,FZ,FOREST ZONE,0.999999999959697
Lower_Manya,2020,16.671135671875,238.097972609375,7.00179656683837,LOWER MANYA,forest_zone,FZ,FOREST ZONE,0.999999999959697
Lower_Manya,2021,7.266886953125,238.097972609375,3.05205746755647,LOWER MANYA,forest_zone,FZ,FOREST ZONE,0.999999999959697
Lower_Manya,2022,23.510542109375,238.097972609375,9.87431427983913,LOWER MANYA,forest_zone,FZ,FOREST ZONE,0.999999999959697
Lower_Manya,2023,2.778521546875,238.097972609375,1.16696564713445,LOWER MANYA,forest_zone,FZ,FOREST ZONE,0.999999999959697
Lower_Manya,2024,14.961268703125,238.097972609375,6.28366068772477,LOWER MANYA,forest_zone,FZ,FOREST ZONE,0.999999999959697
Mampong_Municipal,2001,155.178167859375,568.985545671874,27.2727785511909,MAMPONG MUNICIPAL,forest_zone,FZ,FOREST ZONE,0.999999999342887
Mampong_Municipal,2002,171.422779421875,568.985545671874,30.1277915978435,MAMPONG MUNICIPAL,forest_zone,FZ,FOREST ZONE,0.999999999342887
Mampong_Municipal,2003,113.070572625,568.985545671874,19.8723101992834,MAMPONG MUNICIPAL,forest_zone,FZ,FOREST ZONE,0.999999999342887
Mampong_Municipal,2004,177.407600328125,568.985545671874,31.1796321853197,MAMPONG MUNICIPAL,forest_zone,FZ,FOREST ZONE,0.999999999342887
Mampong_Municipal,2005,133.376291125,568.985545671874,23.4410684312737,MAMPONG MUNICIPAL,forest_zone,FZ,FOREST ZONE,0.999999999342887
Mampong_Municipal,2006,115.635412828125,568.985545671874,20.3230844276684,MAMPONG MUNICIPAL,forest_zone,FZ,FOREST ZONE,0.999999999342887
Mampong_Municipal,2007,149.193094328125,568.985545671874,26.2208935645199,MAMPONG MUNICIPAL,forest_zone,FZ,FOREST ZONE,0.999999999342887
Mampong_Municipal,2008,97.89479175,568.985545671874,17.2051456306158,MAMPONG MUNICIPAL,forest_zone,FZ,FOREST ZONE,0.999999999342887
Mampong_Municipal,2009,54.0771763124999,568.985545671874,9.50413885270918,MAMPONG MUNICIPAL,forest_zone,FZ,FOREST ZONE,0.999999999342887
Mampong_Municipal,2010,100.4596234375,568.985545671874,17.655918362368,MAMPONG MUNICIPAL,forest_zone,FZ,FOREST ZONE,0.999999999342887
Mampong_Municipal,2011,54.9322058125,568.985545671874,9.65441147501111,MAMPONG MUNICIPAL,forest_zone,FZ,FOREST ZONE,0.999999999342887
Mampong_Municipal,2012,106.871948828125,568.985545671874,18.7828934567973,MAMPONG MUNICIPAL,forest_zone,FZ,FOREST ZONE,0.999999999342887
Mampong_Municipal,2013,82.7189072187499,568.985545671874,14.5379628442183,MAMPONG MUNICIPAL,forest_zone,FZ,FOREST ZONE,0.999999999342887
Mampong_Municipal,2014,64.33698109375,568.985545671874,11.307313794374,MAMPONG MUNICIPAL,forest_zone,FZ,FOREST ZONE,0.999999999342887
Mampong_Municipal,2015,37.618863578125,568.985545671874,6.61156752825832,MAMPONG MUNICIPAL,forest_zone,FZ,FOREST ZONE,0.999999999342887
Mampong_Municipal,2016,50.657131671875,568.985545671874,8.90306125651357,MAMPONG MUNICIPAL,forest_zone,FZ,FOREST ZONE,0.999999999342887
Mampong_Municipal,2017,17.3132585,568.985545671874,3.04282923032008,MAMPONG MUNICIPAL,forest_zone,FZ,FOREST ZONE,0.999999999342887
Mampong_Municipal,2018,72.2455815,568.985545671874,12.6972613011971,MAMPONG MUNICIPAL,forest_zone,FZ,FOREST ZONE,0.999999999342887
Mampong_Municipal,2019,24.366834125,568.985545671874,4.28250494416813,MAMPONG MUNICIPAL,forest_zone,FZ,FOREST ZONE,0.999999999342887
Mampong_Municipal,2020,116.276688765625,568.985545671874,20.435789564447,MAMPONG MUNICIPAL,forest_zone,FZ,FOREST ZONE,0.999999999342887
Mampong_Municipal,2021,23.511874578125,568.985545671874,4.1322446162251,MAMPONG MUNICIPAL,forest_zone,FZ,FOREST ZONE,0.999999999342887
Mampong_Municipal,2022,56.000821546875,568.985545671874,9.84222217468595,MAMPONG MUNICIPAL,forest_zone,FZ,FOREST ZONE,0.999999999342887
Mampong_Municipal,2023,11.5421725625,568.985545671874,2.02855286048975,MAMPONG MUNICIPAL,forest_zone,FZ,FOREST ZONE,0.999999999342887
Mampong_Municipal,2024,28.42795,568.985545671874,4.99625170028379,MAMPONG MUNICIPAL,forest_zone,FZ,FOREST ZONE,0.999999999342887
Mamprugu_Moagduri,2001,1021.69966378125,1822.98532467184,56.0454135287767,MAMPRUGU MOAGDURI,guinea_savannah,GS,GUINEA SAVANNAH,0.999999999364402
Mamprugu_Moagduri,2002,1113.416355375,1822.98532467184,61.0765396904895,MAMPRUGU MOAGDURI,guinea_savannah,GS,GUINEA SAVANNAH,0.999999999364402
Mamprugu_Moagduri,2003,970.818561953128,1822.98532467184,53.2543267800516,MAMPRUGU MOAGDURI,guinea_savannah,GS,GUINEA SAVANNAH,0.999999999364402
Mamprugu_Moagduri,2004,981.72137446875,1822.98532467184,53.852401397991,MAMPRUGU MOAGDURI,guinea_savannah,GS,GUINEA SAVANNAH,0.999999999364402
Mamprugu_Moagduri,2005,1150.61648659375,1822.98532467184,63.1171557456655,MAMPRUGU MOAGDURI,guinea_savannah,GS,GUINEA SAVANNAH,0.999999999364402
Mamprugu_Moagduri,2006,872.475043296877,1822.98532467184,47.8596855108492,MAMPRUGU MOAGDURI,guinea_savannah,GS,GUINEA SAVANNAH,0.999999999364402
Mamprugu_Moagduri,2007,804.276248718752,1822.98532467184,44.1186353962301,MAMPRUGU MOAGDURI,guinea_savannah,GS,GUINEA SAVANNAH,0.999999999364402
Mamprugu_Moagduri,2008,657.829731109377,1822.98532467184,36.0853004248838,MAMPRUGU MOAGDURI,guinea_savannah,GS,GUINEA SAVANNAH,0.999999999364402
Mamprugu_Moagduri,2009,681.562665437503,1822.98532467184,37.3871723602707,MAMPRUGU MOAGDURI,guinea_savannah,GS,GUINEA SAVANNAH,0.999999999364402
Mamprugu_Moagduri,2010,710.849720640625,1822.98532467184,38.9937160228421,MAMPRUGU MOAGDURI,guinea_savannah,GS,GUINEA SAVANNAH,0.999999999364402
Mamprugu_Moagduri,2011,1198.28962846875,1822.98532467184,65.7322696047735,MAMPRUGU MOAGDURI,guinea_savannah,GS,GUINEA SAVANNAH,0.999999999364402
Mamprugu_Moagduri,2012,690.754417171878,1822.98532467184,37.8913866076361,MAMPRUGU MOAGDURI,guinea_savannah,GS,GUINEA SAVANNAH,0.999999999364402
Mamprugu_Moagduri,2013,1028.11310923438,1822.98532467184,56.3972235716954,MAMPRUGU MOAGDURI,guinea_savannah,GS,GUINEA SAVANNAH,0.999999999364402
Mamprugu_Moagduri,2014,1087.33351307813,1822.98532467184,59.6457633729914,MAMPRUGU MOAGDURI,guinea_savannah,GS,GUINEA SAVANNAH,0.999999999364402
Mamprugu_Moagduri,2015,663.175201359376,1822.98532467184,36.3785266060084,MAMPRUGU MOAGDURI,guinea_savannah,GS,GUINEA SAVANNAH,0.999999999364402
Mamprugu_Moagduri,2016,762.373045046875,1822.98532467184,41.8200319404168,MAMPRUGU MOAGDURI,guinea_savannah,GS,GUINEA SAVANNAH,0.999999999364402
Mamprugu_Moagduri,2017,734.795728968753,1822.98532467184,40.3072761488644,MAMPRUGU MOAGDURI,guinea_savannah,GS,GUINEA SAVANNAH,0.999999999364402
Mamprugu_Moagduri,2018,584.072534171875,1822.98532467184,32.0393437219257,MAMPRUGU MOAGDURI,guinea_savannah,GS,GUINEA SAVANNAH,0.999999999364402
Mamprugu_Moagduri,2019,564.616622984377,1822.98532467184,30.9720882194164,MAMPRUGU MOAGDURI,guinea_savannah,GS,GUINEA SAVANNAH,0.999999999364402
Mamprugu_Moagduri,2020,760.447513953124,1822.98532467184,41.7144067843779,MAMPRUGU MOAGDURI,guinea_savannah,GS,GUINEA SAVANNAH,0.999999999364402
Mamprugu_Moagduri,2021,827.578339140626,1822.98532467184,45.3968733560485,MAMPRUGU MOAGDURI,guinea_savannah,GS,GUINEA SAVANNAH,0.999999999364402
Mamprugu_Moagduri,2022,768.786473843752,1822.98532467184,42.1718410696554,MAMPRUGU MOAGDURI,guinea_savannah,GS,GUINEA SAVANNAH,0.999999999364402
Mamprugu_Moagduri,2023,700.58718503125,1822.98532467184,38.4307638437717,MAMPRUGU MOAGDURI,guinea_savannah,GS,GUINEA SAVANNAH,0.999999999364402
Mamprugu_Moagduri,2024,578.300315437501,1822.98532467184,31.722708219914,MAMPRUGU MOAGDURI,guinea_savannah,GS,GUINEA SAVANNAH,0.999999999364402
Mfantseman_Municipal,2001,0,238.087607734377,0,MFANTSEMAN MUNICIPAL,coastal_zone,CZ,COASTAL ZONE,0.999999999223256
Mfantseman_Municipal,2002,0,238.087607734377,0,MFANTSEMAN MUNICIPAL,coastal_zone,CZ,COASTAL ZONE,0.999999999223256
Mfantseman_Municipal,2003,0,238.087607734377,0,MFANTSEMAN MUNICIPAL,coastal_zone,CZ,COASTAL ZONE,0.999999999223256
Mfantseman_Municipal,2004,35.478018953125,238.087607734377,14.9012455082107,MFANTSEMAN MUNICIPAL,coastal_zone,CZ,COASTAL ZONE,0.999999999223256
Mfantseman_Municipal,2005,1.923514609375,238.087607734377,0.807902027190335,MFANTSEMAN MUNICIPAL,coastal_zone,CZ,COASTAL ZONE,0.999999999223256
Mfantseman_Municipal,2006,0,238.087607734377,0,MFANTSEMAN MUNICIPAL,coastal_zone,CZ,COASTAL ZONE,0.999999999223256
Mfantseman_Municipal,2007,12.182213453125,238.087607734377,5.11669362763144,MFANTSEMAN MUNICIPAL,coastal_zone,CZ,COASTAL ZONE,0.999999999223256
Mfantseman_Municipal,2008,0,238.087607734377,0,MFANTSEMAN MUNICIPAL,coastal_zone,CZ,COASTAL ZONE,0.999999999223256
Mfantseman_Municipal,2009,0.21372371875,238.087607734377,0.0897668386791646,MFANTSEMAN MUNICIPAL,coastal_zone,CZ,COASTAL ZONE,0.999999999223256
Mfantseman_Municipal,2010,0,238.087607734377,0,MFANTSEMAN MUNICIPAL,coastal_zone,CZ,COASTAL ZONE,0.999999999223256
Mfantseman_Municipal,2011,0,238.087607734377,0,MFANTSEMAN MUNICIPAL,coastal_zone,CZ,COASTAL ZONE,0.999999999223256
Mfantseman_Municipal,2012,0,238.087607734377,0,MFANTSEMAN MUNICIPAL,coastal_zone,CZ,COASTAL ZONE,0.999999999223256
Mfantseman_Municipal,2013,0.2137235625,238.087607734377,0.0897667730520614,MFANTSEMAN MUNICIPAL,coastal_zone,CZ,COASTAL ZONE,0.999999999223256
Mfantseman_Municipal,2014,0,238.087607734377,0,MFANTSEMAN MUNICIPAL,coastal_zone,CZ,COASTAL ZONE,0.999999999223256
Mfantseman_Municipal,2015,0,238.087607734377,0,MFANTSEMAN MUNICIPAL,coastal_zone,CZ,COASTAL ZONE,0.999999999223256
Mfantseman_Municipal,2016,0,238.087607734377,0,MFANTSEMAN MUNICIPAL,coastal_zone,CZ,COASTAL ZONE,0.999999999223256
Mfantseman_Municipal,2017,0,238.087607734377,0,MFANTSEMAN MUNICIPAL,coastal_zone,CZ,COASTAL ZONE,0.999999999223256
Mfantseman_Municipal,2018,2.778399875,238.087607734377,1.16696534584015,MFANTSEMAN MUNICIPAL,coastal_zone,CZ,COASTAL ZONE,0.999999999223256
Mfantseman_Municipal,2019,0,238.087607734377,0,MFANTSEMAN MUNICIPAL,coastal_zone,CZ,COASTAL ZONE,0.999999999223256
Mfantseman_Municipal,2020,0.64117084375,238.087607734377,0.269300384783287,MFANTSEMAN MUNICIPAL,coastal_zone,CZ,COASTAL ZONE,0.999999999223256
Mfantseman_Municipal,2021,0,238.087607734377,0,MFANTSEMAN MUNICIPAL,coastal_zone,CZ,COASTAL ZONE,0.999999999223256
Mfantseman_Municipal,2022,0,238.087607734377,0,MFANTSEMAN MUNICIPAL,coastal_zone,CZ,COASTAL ZONE,0.999999999223256
Mfantseman_Municipal,2023,0,238.087607734377,0,MFANTSEMAN MUNICIPAL,coastal_zone,CZ,COASTAL ZONE,0.999999999223256
Mfantseman_Municipal,2024,0,238.087607734377,0,MFANTSEMAN MUNICIPAL,coastal_zone,CZ,COASTAL ZONE,0.999999999223256
Mion,2001,795.886643000001,2327.80043090623,34.1905015753501,MION,guinea_savannah,GS,GUINEA SAVANNAH,1
Mion,2002,996.835897578126,2327.80043090623,42.8230824405359,MION,guinea_savannah,GS,GUINEA SAVANNAH,1
Mion,2003,879.898972859375,2327.80043090623,37.7995880221065,MION,guinea_savannah,GS,GUINEA SAVANNAH,1
Mion,2004,540.63654709375,2327.80043090623,23.2252103709456,MION,guinea_savannah,GS,GUINEA SAVANNAH,1
Mion,2005,964.554948265626,2327.80043090623,41.4363248437976,MION,guinea_savannah,GS,GUINEA SAVANNAH,1
Mion,2006,993.414550718751,2327.80043090623,42.6761047695144,MION,guinea_savannah,GS,GUINEA SAVANNAH,1
Mion,2007,738.5945433125,2327.80043090623,31.7292897409148,MION,guinea_savannah,GS,GUINEA SAVANNAH,1
Mion,2008,734.746196500001,2327.80043090623,31.5639685750019,MION,guinea_savannah,GS,GUINEA SAVANNAH,1
Mion,2009,503.01577146875,2327.80043090623,21.6090591268137,MION,guinea_savannah,GS,GUINEA SAVANNAH,1
Mion,2010,770.447385562501,2327.80043090623,33.09765628244,MION,guinea_savannah,GS,GUINEA SAVANNAH,1
Mion,2011,1004.53244867188,2327.80043090623,43.1537186493605,MION,guinea_savannah,GS,GUINEA SAVANNAH,1
Mion,2012,702.89527321875,2327.80043090623,30.1956844704728,MION,guinea_savannah,GS,GUINEA SAVANNAH,1
Mion,2013,933.561898125001,2327.80043090623,40.1048941193622,MION,guinea_savannah,GS,GUINEA SAVANNAH,1
Mion,2014,844.628913187502,2327.80043090623,36.2844212061032,MION,guinea_savannah,GS,GUINEA SAVANNAH,1
Mion,2015,918.808016125001,2327.80043090623,39.4710819675938,MION,guinea_savannah,GS,GUINEA SAVANNAH,1
Mion,2016,907.906436437501,2327.80043090623,39.0027609060991,MION,guinea_savannah,GS,GUINEA SAVANNAH,1
Mion,2017,1100.947362625,2327.80043090623,47.2956078196271,MION,guinea_savannah,GS,GUINEA SAVANNAH,1
Mion,2018,627.647967234375,2327.80043090623,26.9631347645222,MION,guinea_savannah,GS,GUINEA SAVANNAH,1
Mion,2019,1016.72008871875,2327.80043090623,43.6772875895952,MION,guinea_savannah,GS,GUINEA SAVANNAH,1
Mion,2020,1210.39927814062,2327.80043090623,51.9975536592459,MION,guinea_savannah,GS,GUINEA SAVANNAH,1
Mion,2021,950.663573562501,2327.80043090623,40.8395651508837,MION,guinea_savannah,GS,GUINEA SAVANNAH,1
Mion,2022,1047.71466978125,2327.80043090623,45.0087840809175,MION,guinea_savannah,GS,GUINEA SAVANNAH,1
Mion,2023,717.21877403125,2327.80043090623,30.8110078728713,MION,guinea_savannah,GS,GUINEA SAVANNAH,1
Mion,2024,1051.133427875,2327.80043090623,45.1556505411328,MION,guinea_savannah,GS,GUINEA SAVANNAH,1
Mpohor,2001,0,448.173871484376,0,MPOHOR,coastal_zone,CZ,COASTAL ZONE,0.999999999571272
Mpohor,2002,0,448.173871484376,0,MPOHOR,coastal_zone,CZ,COASTAL ZONE,0.999999999571272
Mpohor,2003,0,448.173871484376,0,MPOHOR,coastal_zone,CZ,COASTAL ZONE,0.999999999571272
Mpohor,2004,0,448.173871484376,0,MPOHOR,coastal_zone,CZ,COASTAL ZONE,0.999999999571272
Mpohor,2005,0,448.173871484376,0,MPOHOR,coastal_zone,CZ,COASTAL ZONE,0.999999999571272
Mpohor,2006,0,448.173871484376,0,MPOHOR,coastal_zone,CZ,COASTAL ZONE,0.999999999571272
Mpohor,2007,0,448.173871484376,0,MPOHOR,coastal_zone,CZ,COASTAL ZONE,0.999999999571272
Mpohor,2008,0,448.173871484376,0,MPOHOR,coastal_zone,CZ,COASTAL ZONE,0.999999999571272
Mpohor,2009,0,448.173871484376,0,MPOHOR,coastal_zone,CZ,COASTAL ZONE,0.999999999571272
Mpohor,2010,0,448.173871484376,0,MPOHOR,coastal_zone,CZ,COASTAL ZONE,0.999999999571272
Mpohor,2011,0,448.173871484376,0,MPOHOR,coastal_zone,CZ,COASTAL ZONE,0.999999999571272
Mpohor,2012,0,448.173871484376,0,MPOHOR,coastal_zone,CZ,COASTAL ZONE,0.999999999571272
Mpohor,2013,5.129308171875,448.173871484376,1.14449067610444,MPOHOR,coastal_zone,CZ,COASTAL ZONE,0.999999999571272
Mpohor,2014,0,448.173871484376,0,MPOHOR,coastal_zone,CZ,COASTAL ZONE,0.999999999571272
Mpohor,2015,0,448.173871484376,0,MPOHOR,coastal_zone,CZ,COASTAL ZONE,0.999999999571272
Mpohor,2016,3.633268515625,448.173871484376,0.810682805669018,MPOHOR,coastal_zone,CZ,COASTAL ZONE,0.999999999571272
Mpohor,2017,0,448.173871484376,0,MPOHOR,coastal_zone,CZ,COASTAL ZONE,0.999999999571272
Mpohor,2018,0,448.173871484376,0,MPOHOR,coastal_zone,CZ,COASTAL ZONE,0.999999999571272
Mpohor,2019,0,448.173871484376,0,MPOHOR,coastal_zone,CZ,COASTAL ZONE,0.999999999571272
Mpohor,2020,0,448.173871484376,0,MPOHOR,coastal_zone,CZ,COASTAL ZONE,0.999999999571272
Mpohor,2021,0,448.173871484376,0,MPOHOR,coastal_zone,CZ,COASTAL ZONE,0.999999999571272
Mpohor,2022,0,448.173871484376,0,MPOHOR,coastal_zone,CZ,COASTAL ZONE,0.999999999571272
Mpohor,2023,7.4802450625,448.173871484376,1.66904979036931,MPOHOR,coastal_zone,CZ,COASTAL ZONE,0.999999999571272
Mpohor,2024,6.8390895625,448.173871484376,1.52599024567152,MPOHOR,coastal_zone,CZ,COASTAL ZONE,0.999999999571272
Nabdam,2001,41.263561640625,209.31052065625,19.7140408954368,NABDAM,sudan_savannah,SS,SUDAN SAVANNAH,0.999999999876734
Nabdam,2002,143.246303203125,209.31052065625,68.4372208114553,NABDAM,sudan_savannah,SS,SUDAN SAVANNAH,0.999999999876734
Nabdam,2003,113.74187665625,209.31052065625,54.3412133798318,NABDAM,sudan_savannah,SS,SUDAN SAVANNAH,0.999999999876734
Nabdam,2004,79.1062655625,209.31052065625,37.793735983494,NABDAM,sudan_savannah,SS,SUDAN SAVANNAH,0.999999999876734
Nabdam,2005,112.88670021875,209.31052065625,53.9326450790991,NABDAM,sudan_savannah,SS,SUDAN SAVANNAH,0.999999999876734
Nabdam,2006,106.47262753125,209.31052065625,50.8682636675054,NABDAM,sudan_savannah,SS,SUDAN SAVANNAH,0.999999999876734
Nabdam,2007,114.169394703125,209.31052065625,54.5454640049482,NABDAM,sudan_savannah,SS,SUDAN SAVANNAH,0.999999999876734
Nabdam,2008,126.142171375,209.31052065625,60.2655666707564,NABDAM,sudan_savannah,SS,SUDAN SAVANNAH,0.999999999876734
Nabdam,2009,96.4239667500001,209.31052065625,46.0674248230249,NABDAM,sudan_savannah,SS,SUDAN SAVANNAH,0.999999999876734
Nabdam,2010,121.86619275,209.31052065625,58.2226790932025,NABDAM,sudan_savannah,SS,SUDAN SAVANNAH,0.999999999876734
Nabdam,2011,129.349276046875,209.31052065625,61.7977900209347,NABDAM,sudan_savannah,SS,SUDAN SAVANNAH,0.999999999876734
Nabdam,2012,92.3618919843749,209.31052065625,44.1267317547121,NABDAM,sudan_savannah,SS,SUDAN SAVANNAH,0.999999999876734
Nabdam,2013,137.6875425625,209.31052065625,65.7814724892035,NABDAM,sudan_savannah,SS,SUDAN SAVANNAH,0.999999999876734
Nabdam,2014,99.6311004062499,209.31052065625,47.5996620207512,NABDAM,sudan_savannah,SS,SUDAN SAVANNAH,0.999999999876734
Nabdam,2015,80.389027203125,209.31052065625,38.4065869938509,NABDAM,sudan_savannah,SS,SUDAN SAVANNAH,0.999999999876734
Nabdam,2016,121.01102015625,209.31052065625,57.8141126288562,NABDAM,sudan_savannah,SS,SUDAN SAVANNAH,0.999999999876734
Nabdam,2017,104.1208169375,209.31052065625,49.7446648219356,NABDAM,sudan_savannah,SS,SUDAN SAVANNAH,0.999999999876734
Nabdam,2018,58.15374278125,209.31052065625,27.783478154333,NABDAM,sudan_savannah,SS,SUDAN SAVANNAH,0.999999999876734
Nabdam,2019,90.0100506718749,209.31052065625,43.0031182329807,NABDAM,sudan_savannah,SS,SUDAN SAVANNAH,0.999999999876734
Nabdam,2020,63.7124595625,209.31052065625,30.4392055223706,NABDAM,sudan_savannah,SS,SUDAN SAVANNAH,0.999999999876734
Nabdam,2021,70.554126828125,209.31052065625,33.7078741225796,NABDAM,sudan_savannah,SS,SUDAN SAVANNAH,0.999999999876734
Nabdam,2022,35.490854875,209.31052065625,16.956077871158,NABDAM,sudan_savannah,SS,SUDAN SAVANNAH,0.999999999876734
Nabdam,2023,66.4918816093751,209.31052065625,31.7670996187403,NABDAM,sudan_savannah,SS,SUDAN SAVANNAH,0.999999999876734
Nabdam,2024,52.59492928125,209.31052065625,25.1277045780352,NABDAM,sudan_savannah,SS,SUDAN SAVANNAH,0.999999999876734
Nadowli_Kaleo,2001,237.307122921875,971.463935531245,24.4277851438823,NADOWLI-KALEO,guinea_savannah,GS,GUINEA SAVANNAH,0.999999999638233
Nadowli_Kaleo,2002,320.257596203125,971.463935531245,32.9664936071963,NADOWLI-KALEO,guinea_savannah,GS,GUINEA SAVANNAH,0.999999999638233
Nadowli_Kaleo,2003,222.342333,971.463935531245,22.8873481421019,NADOWLI-KALEO,guinea_savannah,GS,GUINEA SAVANNAH,0.999999999638233
Nadowli_Kaleo,2004,317.479832468751,971.463935531245,32.6805577496953,NADOWLI-KALEO,guinea_savannah,GS,GUINEA SAVANNAH,0.999999999638233
Nadowli_Kaleo,2005,402.354418281251,971.463935531245,41.4173294103011,NADOWLI-KALEO,guinea_savannah,GS,GUINEA SAVANNAH,0.999999999638233
Nadowli_Kaleo,2006,301.231037328125,971.463935531245,31.0079485517285,NADOWLI-KALEO,guinea_savannah,GS,GUINEA SAVANNAH,0.999999999638233
Nadowli_Kaleo,2007,362.588608718751,971.463935531245,37.3239392073232,NADOWLI-KALEO,guinea_savannah,GS,GUINEA SAVANNAH,0.999999999638233
Nadowli_Kaleo,2008,215.07385278125,971.463935531245,22.1391494748219,NADOWLI-KALEO,guinea_savannah,GS,GUINEA SAVANNAH,0.999999999638233
Nadowli_Kaleo,2009,208.0184271875,971.463935531245,21.4128821029002,NADOWLI-KALEO,guinea_savannah,GS,GUINEA SAVANNAH,0.999999999638233
Nadowli_Kaleo,2010,542.173069906254,971.463935531245,55.809901950685,NADOWLI-KALEO,guinea_savannah,GS,GUINEA SAVANNAH,0.999999999638233
Nadowli_Kaleo,2011,316.623694046875,971.463935531245,32.5924290615821,NADOWLI-KALEO,guinea_savannah,GS,GUINEA SAVANNAH,0.999999999638233
Nadowli_Kaleo,2012,421.166676453125,971.463935531245,43.3538149023319,NADOWLI-KALEO,guinea_savannah,GS,GUINEA SAVANNAH,0.999999999638233
Nadowli_Kaleo,2013,344.630363390625,971.463935531245,35.4753636018576,NADOWLI-KALEO,guinea_savannah,GS,GUINEA SAVANNAH,0.999999999638233
Nadowli_Kaleo,2014,250.989979718751,971.463935531245,25.8362632454798,NADOWLI-KALEO,guinea_savannah,GS,GUINEA SAVANNAH,0.999999999638233
Nadowli_Kaleo,2015,305.934552640625,971.463935531245,31.4921163257928,NADOWLI-KALEO,guinea_savannah,GS,GUINEA SAVANNAH,0.999999999638233
Nadowli_Kaleo,2016,267.237958890625,971.463935531245,27.5087884497211,NADOWLI-KALEO,guinea_savannah,GS,GUINEA SAVANNAH,0.999999999638233
Nadowli_Kaleo,2017,308.927526265625,971.463935531245,31.8002053361547,NADOWLI-KALEO,guinea_savannah,GS,GUINEA SAVANNAH,0.999999999638233
Nadowli_Kaleo,2018,177.446120265625,971.463935531245,18.2658474262957,NADOWLI-KALEO,guinea_savannah,GS,GUINEA SAVANNAH,0.999999999638233
Nadowli_Kaleo,2019,240.514506890625,971.463935531245,24.757945003805,NADOWLI-KALEO,guinea_savannah,GS,GUINEA SAVANNAH,0.999999999638233
Nadowli_Kaleo,2020,192.839253734375,971.463935531245,19.8503770115687,NADOWLI-KALEO,guinea_savannah,GS,GUINEA SAVANNAH,0.999999999638233
Nadowli_Kaleo,2021,133.619384484375,971.463935531245,13.7544359185403,NADOWLI-KALEO,guinea_savannah,GS,GUINEA SAVANNAH,0.999999999638233
Nadowli_Kaleo,2022,216.569762171875,971.463935531245,22.2931345416795,NADOWLI-KALEO,guinea_savannah,GS,GUINEA SAVANNAH,0.999999999638233
Nadowli_Kaleo,2023,179.156623859375,971.463935531245,18.4419222687256,NADOWLI-KALEO,guinea_savannah,GS,GUINEA SAVANNAH,0.999999999638233
Nadowli_Kaleo,2024,137.681184375,971.463935531245,14.1725471568545,NADOWLI-KALEO,guinea_savannah,GS,GUINEA SAVANNAH,0.999999999638233
Nandom,2001,38.056624609375,344.432831609375,11.0490699831239,NANDOM,sudan_savannah,SS,SUDAN SAVANNAH,0.999999999048735
Nandom,2002,36.560043546875,344.432831609375,10.6145640576849,NANDOM,sudan_savannah,SS,SUDAN SAVANNAH,0.999999999048735
Nandom,2003,72.478663859375,344.432831609375,21.0429021881322,NANDOM,sudan_savannah,SS,SUDAN SAVANNAH,0.999999999048735
Nandom,2004,69.485245625,344.432831609375,20.1738159804127,NANDOM,sudan_savannah,SS,SUDAN SAVANNAH,0.999999999048735
Nandom,2005,150.94341253125,344.432831609375,43.8237585615638,NANDOM,sudan_savannah,SS,SUDAN SAVANNAH,0.999999999048735
Nandom,2006,58.58139096875,344.432831609375,17.0080740256457,NANDOM,sudan_savannah,SS,SUDAN SAVANNAH,0.999999999048735
Nandom,2007,54.305528703125,344.432831609375,15.7666528040839,NANDOM,sudan_savannah,SS,SUDAN SAVANNAH,0.999999999048735
Nandom,2008,56.44353125,344.432831609375,16.3873841486787,NANDOM,sudan_savannah,SS,SUDAN SAVANNAH,0.999999999048735
Nandom,2009,67.347320640625,344.432831609375,19.5531071547222,NANDOM,sudan_savannah,SS,SUDAN SAVANNAH,0.999999999048735
Nandom,2010,158.6402853125,344.432831609375,46.0584098708731,NANDOM,sudan_savannah,SS,SUDAN SAVANNAH,0.999999999048735
Nandom,2011,68.8439296875,344.432831609375,19.9876212049311,NANDOM,sudan_savannah,SS,SUDAN SAVANNAH,0.999999999048735
Nandom,2012,78.892554578125,344.432831609375,22.9050622757118,NANDOM,sudan_savannah,SS,SUDAN SAVANNAH,0.999999999048735
Nandom,2013,67.347222703125,344.432831609375,19.5530787202958,NANDOM,sudan_savannah,SS,SUDAN SAVANNAH,0.999999999048735
Nandom,2014,102.838404453125,344.432831609375,29.8573176002441,NANDOM,sudan_savannah,SS,SUDAN SAVANNAH,0.999999999048735
Nandom,2015,42.54641696875,344.432831609375,12.3526020356278,NANDOM,sudan_savannah,SS,SUDAN SAVANNAH,0.999999999048735
Nandom,2016,99.631147640625,344.432831609375,28.9261471315306,NANDOM,sudan_savannah,SS,SUDAN SAVANNAH,0.999999999048735
Nandom,2017,116.307611578125,344.432831609375,33.7678644148624,NANDOM,sudan_savannah,SS,SUDAN SAVANNAH,0.999999999048735
Nandom,2018,22.2352883125,344.432831609375,6.4556239335852,NANDOM,sudan_savannah,SS,SUDAN SAVANNAH,0.999999999048735
Nandom,2019,63.285104375,344.432831609375,18.373714282491,NANDOM,sudan_savannah,SS,SUDAN SAVANNAH,0.999999999048735
Nandom,2020,68.2023510156249,344.432831609375,19.8013501491559,NANDOM,sudan_savannah,SS,SUDAN SAVANNAH,0.999999999048735
Nandom,2021,75.685356921875,344.432831609375,21.9739089819726,NANDOM,sudan_savannah,SS,SUDAN SAVANNAH,0.999999999048735
Nandom,2022,22.44910834375,344.432831609375,6.51770280982092,NANDOM,sudan_savannah,SS,SUDAN SAVANNAH,0.999999999048735
Nandom,2023,79.9613825937501,344.432831609375,23.2153776456581,NANDOM,sudan_savannah,SS,SUDAN SAVANNAH,0.999999999048735
Nandom,2024,28.64929234375,344.432831609375,8.31781691945136,NANDOM,sudan_savannah,SS,SUDAN SAVANNAH,0.999999999048735
Nanton,2001,77.173637953125,409.598744859375,18.8412779388815,NANTON,guinea_savannah,GS,GUINEA SAVANNAH,0.999999999999999
Nanton,2002,66.484748375,409.598744859375,16.231677760103,NANTON,guinea_savannah,GS,GUINEA SAVANNAH,0.999999999999999
Nanton,2003,123.56329271875,409.598744859375,30.1669119521282,NANTON,guinea_savannah,GS,GUINEA SAVANNAH,0.999999999999999
Nanton,2004,59.857590609375,409.598744859375,14.6137143632912,NANTON,guinea_savannah,GS,GUINEA SAVANNAH,0.999999999999999
Nanton,2005,133.397243828125,409.598744859375,32.5677862792093,NANTON,guinea_savannah,GS,GUINEA SAVANNAH,0.999999999999999
Nanton,2006,47.24477759375,409.598744859375,11.5344048746952,NANTON,guinea_savannah,GS,GUINEA SAVANNAH,0.999999999999999
Nanton,2007,46.38970278125,409.598744859375,11.3256457358473,NANTON,guinea_savannah,GS,GUINEA SAVANNAH,0.999999999999999
Nanton,2008,61.140338921875,409.598744859375,14.926886297678,NANTON,guinea_savannah,GS,GUINEA SAVANNAH,0.999999999999999
Nanton,2009,36.769743546875,409.598744859375,8.97701567896624,NANTON,guinea_savannah,GS,GUINEA SAVANNAH,0.999999999999999
Nanton,2010,72.6842732187499,409.598744859375,17.7452382681749,NANTON,guinea_savannah,GS,GUINEA SAVANNAH,0.999999999999999
Nanton,2011,117.363892234375,409.598744859375,28.6533818053248,NANTON,guinea_savannah,GS,GUINEA SAVANNAH,0.999999999999999
Nanton,2012,110.736712015625,409.598744859375,27.0354129267764,NANTON,guinea_savannah,GS,GUINEA SAVANNAH,0.999999999999999
Nanton,2013,85.7246806406249,409.598744859375,20.9289412422531,NANTON,guinea_savannah,GS,GUINEA SAVANNAH,0.999999999999999
Nanton,2014,114.584612703125,409.598744859375,27.974844684269,NANTON,guinea_savannah,GS,GUINEA SAVANNAH,0.999999999999999
Nanton,2015,67.981137109375,409.598744859375,16.5970081604412,NANTON,guinea_savannah,GS,GUINEA SAVANNAH,0.999999999999999
Nanton,2016,147.506543734375,409.598744859375,36.0124501321452,NANTON,guinea_savannah,GS,GUINEA SAVANNAH,0.999999999999999
Nanton,2017,141.520525453125,409.598744859375,34.551015409413,NANTON,guinea_savannah,GS,GUINEA SAVANNAH,0.999999999999999
Nanton,2018,58.361225984375,409.598744859375,14.2483898490489,NANTON,guinea_savannah,GS,GUINEA SAVANNAH,0.999999999999999
Nanton,2019,110.522906359375,409.598744859375,26.9832141202777,NANTON,guinea_savannah,GS,GUINEA SAVANNAH,0.999999999999999
Nanton,2020,151.568146859375,409.598744859375,37.004055496169,NANTON,guinea_savannah,GS,GUINEA SAVANNAH,0.999999999999999
Nanton,2021,143.017034671875,409.598744859375,34.916375224972,NANTON,guinea_savannah,GS,GUINEA SAVANNAH,0.999999999999999
Nanton,2022,130.61805784375,409.598744859375,31.8892719968159,NANTON,guinea_savannah,GS,GUINEA SAVANNAH,0.999999999999999
Nanton,2023,104.109690234375,409.598744859375,25.4174827293766,NANTON,guinea_savannah,GS,GUINEA SAVANNAH,0.999999999999999
Nanton,2024,92.7795193593749,409.598744859375,22.65131925422,NANTON,guinea_savannah,GS,GUINEA SAVANNAH,0.999999999999999
Nanumba_North,2001,589.784937703124,1942.93702093757,30.3553296554368,NANUMBA NORTH,guinea_savannah,GS,GUINEA SAVANNAH,0.999999999999998
Nanumba_North,2002,704.790797046873,1942.93702093757,36.2745055270383,NANUMBA NORTH,guinea_savannah,GS,GUINEA SAVANNAH,0.999999999999998
Nanumba_North,2003,602.396897500001,1942.93702093757,31.0044479573152,NANUMBA NORTH,guinea_savannah,GS,GUINEA SAVANNAH,0.999999999999998
Nanumba_North,2004,328.346568609375,1942.93702093757,16.8994962302448,NANUMBA NORTH,guinea_savannah,GS,GUINEA SAVANNAH,0.999999999999998
Nanumba_North,2005,789.016129828125,1942.93702093757,40.6094547237244,NANUMBA NORTH,guinea_savannah,GS,GUINEA SAVANNAH,0.999999999999998
Nanumba_North,2006,530.356927312501,1942.93702093757,27.2966607562284,NANUMBA NORTH,guinea_savannah,GS,GUINEA SAVANNAH,0.999999999999998
Nanumba_North,2007,364.04638815625,1942.93702093757,18.7369113992474,NANUMBA NORTH,guinea_savannah,GS,GUINEA SAVANNAH,0.999999999999998
Nanumba_North,2008,556.6483510625,1942.93702093757,28.6498401679477,NANUMBA NORTH,guinea_savannah,GS,GUINEA SAVANNAH,0.999999999999998
Nanumba_North,2009,317.017003203124,1942.93702093757,16.3163808083777,NANUMBA NORTH,guinea_savannah,GS,GUINEA SAVANNAH,0.999999999999998
Nanumba_North,2010,461.09658178125,1942.93702093757,23.7319365894189,NANUMBA NORTH,guinea_savannah,GS,GUINEA SAVANNAH,0.999999999999998
Nanumba_North,2011,587.218065781251,1942.93702093757,30.2232166793489,NANUMBA NORTH,guinea_savannah,GS,GUINEA SAVANNAH,0.999999999999998
Nanumba_North,2012,450.623045734374,1942.93702093757,23.1928796908159,NANUMBA NORTH,guinea_savannah,GS,GUINEA SAVANNAH,0.999999999999998
Nanumba_North,2013,353.14276934375,1942.93702093757,18.1757187977889,NANUMBA NORTH,guinea_savannah,GS,GUINEA SAVANNAH,0.999999999999998
Nanumba_North,2014,412.35625015625,1942.93702093757,21.2233461873749,NANUMBA NORTH,guinea_savannah,GS,GUINEA SAVANNAH,0.999999999999998
Nanumba_North,2015,439.291708531249,1942.93702093757,22.6096730772708,NANUMBA NORTH,guinea_savannah,GS,GUINEA SAVANNAH,0.999999999999998
Nanumba_North,2016,484.183444843749,1942.93702093757,24.9201821585603,NANUMBA NORTH,guinea_savannah,GS,GUINEA SAVANNAH,0.999999999999998
Nanumba_North,2017,612.015862609376,1942.93702093757,31.4995213953998,NANUMBA NORTH,guinea_savannah,GS,GUINEA SAVANNAH,0.999999999999998
Nanumba_North,2018,262.933406421875,1942.93702093757,13.5327807123154,NANUMBA NORTH,guinea_savannah,GS,GUINEA SAVANNAH,0.999999999999998
Nanumba_North,2019,470.928939375,1942.93702093757,24.237993012648,NANUMBA NORTH,guinea_savannah,GS,GUINEA SAVANNAH,0.999999999999998
Nanumba_North,2020,442.4993353125,1942.93702093757,22.7747647270095,NANUMBA NORTH,guinea_savannah,GS,GUINEA SAVANNAH,0.999999999999998
Nanumba_North,2021,321.506176296874,1942.93702093757,16.5474316888424,NANUMBA NORTH,guinea_savannah,GS,GUINEA SAVANNAH,0.999999999999998
Nanumba_North,2022,666.312207906251,1942.93702093757,34.294071332519,NANUMBA NORTH,guinea_savannah,GS,GUINEA SAVANNAH,0.999999999999998
Nanumba_North,2023,285.37918571875,1942.93702093757,14.6880306795039,NANUMBA NORTH,guinea_savannah,GS,GUINEA SAVANNAH,0.999999999999998
Nanumba_North,2024,539.334299671876,1942.93702093757,27.758712395712,NANUMBA NORTH,guinea_savannah,GS,GUINEA SAVANNAH,0.999999999999998
Nanumba_South,2001,272.978673609374,1533.97851209376,17.7954691970737,NANUMBA SOUTH,guinea_savannah,GS,GUINEA SAVANNAH,0.999999999951761
Nanumba_South,2002,318.724387953125,1533.97851209376,20.7776305496021,NANUMBA SOUTH,guinea_savannah,GS,GUINEA SAVANNAH,0.999999999951761
Nanumba_South,2003,408.934083578125,1533.97851209376,26.6583971257826,NANUMBA SOUTH,guinea_savannah,GS,GUINEA SAVANNAH,0.999999999951761
Nanumba_South,2004,127.403917140625,1533.97851209376,8.30545644128541,NANUMBA SOUTH,guinea_savannah,GS,GUINEA SAVANNAH,0.999999999951761
Nanumba_South,2005,626.760201656251,1533.97851209376,40.8584733563689,NANUMBA SOUTH,guinea_savannah,GS,GUINEA SAVANNAH,0.999999999951761
Nanumba_South,2006,364.89727928125,1533.97851209376,23.7876395532552,NANUMBA SOUTH,guinea_savannah,GS,GUINEA SAVANNAH,0.999999999951761
Nanumba_South,2007,204.359141921875,1533.97851209376,13.3221645747137,NANUMBA SOUTH,guinea_savannah,GS,GUINEA SAVANNAH,0.999999999951761
Nanumba_South,2008,415.987028625001,1533.97851209376,27.1181783411824,NANUMBA SOUTH,guinea_savannah,GS,GUINEA SAVANNAH,0.999999999951761
Nanumba_South,2009,117.5708618125,1533.97851209376,7.66443994394847,NANUMBA SOUTH,guinea_savannah,GS,GUINEA SAVANNAH,0.999999999951761
Nanumba_South,2010,228.942443140625,1533.97851209376,14.9247490323796,NANUMBA SOUTH,guinea_savannah,GS,GUINEA SAVANNAH,0.999999999951761
Nanumba_South,2011,356.346672625,1533.97851209376,23.2302258353421,NANUMBA SOUTH,guinea_savannah,GS,GUINEA SAVANNAH,0.999999999951761
Nanumba_South,2012,302.050665671874,1533.97851209376,19.6906712376042,NANUMBA SOUTH,guinea_savannah,GS,GUINEA SAVANNAH,0.999999999951761
Nanumba_South,2013,223.81185246875,1533.97851209376,14.5902860244936,NANUMBA SOUTH,guinea_savannah,GS,GUINEA SAVANNAH,0.999999999951761
Nanumba_South,2014,277.680833953125,1533.97851209376,18.1020028484045,NANUMBA SOUTH,guinea_savannah,GS,GUINEA SAVANNAH,0.999999999951761
Nanumba_South,2015,230.438999765625,1533.97851209376,15.0223095010043,NANUMBA SOUTH,guinea_savannah,GS,GUINEA SAVANNAH,0.999999999951761
Nanumba_South,2016,266.565631203124,1533.97851209376,17.3774032101196,NANUMBA SOUTH,guinea_savannah,GS,GUINEA SAVANNAH,0.999999999951761
Nanumba_South,2017,331.549882375,1533.97851209376,21.6137240359685,NANUMBA SOUTH,guinea_savannah,GS,GUINEA SAVANNAH,0.999999999951761
Nanumba_South,2018,225.522120062499,1533.97851209376,14.7017783029229,NANUMBA SOUTH,guinea_savannah,GS,GUINEA SAVANNAH,0.999999999951761
Nanumba_South,2019,262.71760953125,1533.97851209376,17.1265508258432,NANUMBA SOUTH,guinea_savannah,GS,GUINEA SAVANNAH,0.999999999951761
Nanumba_South,2020,325.564553281249,1533.97851209376,21.2235406633487,NANUMBA SOUTH,guinea_savannah,GS,GUINEA SAVANNAH,0.999999999951761
Nanumba_South,2021,241.983060015625,1533.97851209376,15.7748663431626,NANUMBA SOUTH,guinea_savannah,GS,GUINEA SAVANNAH,0.999999999951761
Nanumba_South,2022,214.834160953125,1533.97851209376,14.005030661081,NANUMBA SOUTH,guinea_savannah,GS,GUINEA SAVANNAH,0.999999999951761
Nanumba_South,2023,95.980673640625,1533.97851209376,6.25697641029008,NANUMBA SOUTH,guinea_savannah,GS,GUINEA SAVANNAH,0.999999999951761
Nanumba_South,2024,234.28693546875,1533.97851209376,15.2731562809812,NANUMBA SOUTH,guinea_savannah,GS,GUINEA SAVANNAH,0.999999999951761
New_Juaben_North_Municipal,2001,0,84.6378428124999,0,NEW JUABEN NORTH MUNICIPAL,forest_zone,FZ,FOREST ZONE,1
New_Juaben_North_Municipal,2002,0,84.6378428124999,0,NEW JUABEN NORTH MUNICIPAL,forest_zone,FZ,FOREST ZONE,1
New_Juaben_North_Municipal,2003,0,84.6378428124999,0,NEW JUABEN NORTH MUNICIPAL,forest_zone,FZ,FOREST ZONE,1
New_Juaben_North_Municipal,2004,0,84.6378428124999,0,NEW JUABEN NORTH MUNICIPAL,forest_zone,FZ,FOREST ZONE,1
New_Juaben_North_Municipal,2005,0,84.6378428124999,0,NEW JUABEN NORTH MUNICIPAL,forest_zone,FZ,FOREST ZONE,1
New_Juaben_North_Municipal,2006,0.213732609375,84.6378428124999,0.252526059588365,NEW JUABEN NORTH MUNICIPAL,forest_zone,FZ,FOREST ZONE,1
New_Juaben_North_Municipal,2007,0,84.6378428124999,0,NEW JUABEN NORTH MUNICIPAL,forest_zone,FZ,FOREST ZONE,1
New_Juaben_North_Municipal,2008,0,84.6378428124999,0,NEW JUABEN NORTH MUNICIPAL,forest_zone,FZ,FOREST ZONE,1
New_Juaben_North_Municipal,2009,0,84.6378428124999,0,NEW JUABEN NORTH MUNICIPAL,forest_zone,FZ,FOREST ZONE,1
New_Juaben_North_Municipal,2010,0,84.6378428124999,0,NEW JUABEN NORTH MUNICIPAL,forest_zone,FZ,FOREST ZONE,1
New_Juaben_North_Municipal,2011,0,84.6378428124999,0,NEW JUABEN NORTH MUNICIPAL,forest_zone,FZ,FOREST ZONE,1
New_Juaben_North_Municipal,2012,0,84.6378428124999,0,NEW JUABEN NORTH MUNICIPAL,forest_zone,FZ,FOREST ZONE,1
New_Juaben_North_Municipal,2013,0,84.6378428124999,0,NEW JUABEN NORTH MUNICIPAL,forest_zone,FZ,FOREST ZONE,1
New_Juaben_North_Municipal,2014,0,84.6378428124999,0,NEW JUABEN NORTH MUNICIPAL,forest_zone,FZ,FOREST ZONE,1
New_Juaben_North_Municipal,2015,0,84.6378428124999,0,NEW JUABEN NORTH MUNICIPAL,forest_zone,FZ,FOREST ZONE,1
New_Juaben_North_Municipal,2016,8.763001703125,84.6378428124999,10.353526758164,NEW JUABEN NORTH MUNICIPAL,forest_zone,FZ,FOREST ZONE,1
New_Juaben_North_Municipal,2017,0.427464640625,84.6378428124999,0.505051436119387,NEW JUABEN NORTH MUNICIPAL,forest_zone,FZ,FOREST ZONE,1
New_Juaben_North_Municipal,2018,0.213732390625,84.6378428124999,0.252525801134235,NEW JUABEN NORTH MUNICIPAL,forest_zone,FZ,FOREST ZONE,1
New_Juaben_North_Municipal,2019,0,84.6378428124999,0,NEW JUABEN NORTH MUNICIPAL,forest_zone,FZ,FOREST ZONE,1
New_Juaben_North_Municipal,2020,2.13732009375,84.6378428124999,2.52525350685609,NEW JUABEN NORTH MUNICIPAL,forest_zone,FZ,FOREST ZONE,1
New_Juaben_North_Municipal,2021,0,84.6378428124999,0,NEW JUABEN NORTH MUNICIPAL,forest_zone,FZ,FOREST ZONE,1
New_Juaben_North_Municipal,2022,4.48837378125,84.6378428124999,5.30303423634413,NEW JUABEN NORTH MUNICIPAL,forest_zone,FZ,FOREST ZONE,1
New_Juaben_North_Municipal,2023,0.85492884375,84.6378428124999,1.01010235533051,NEW JUABEN NORTH MUNICIPAL,forest_zone,FZ,FOREST ZONE,1
New_Juaben_North_Municipal,2024,0,84.6378428124999,0,NEW JUABEN NORTH MUNICIPAL,forest_zone,FZ,FOREST ZONE,1
New_Juaben_South_Municipal,2001,0,31.84595503125,0,NEW JUABEN SOUTH MUNICIPAL,forest_zone,FZ,FOREST ZONE,1
New_Juaben_South_Municipal,2002,0,31.84595503125,0,NEW JUABEN SOUTH MUNICIPAL,forest_zone,FZ,FOREST ZONE,1
New_Juaben_South_Municipal,2003,0,31.84595503125,0,NEW JUABEN SOUTH MUNICIPAL,forest_zone,FZ,FOREST ZONE,1
New_Juaben_South_Municipal,2004,0,31.84595503125,0,NEW JUABEN SOUTH MUNICIPAL,forest_zone,FZ,FOREST ZONE,1
New_Juaben_South_Municipal,2005,0.21373171875,31.84595503125,0.67114243721147,NEW JUABEN SOUTH MUNICIPAL,forest_zone,FZ,FOREST ZONE,1
New_Juaben_South_Municipal,2006,4.488358890625,31.84595503125,14.0939685627912,NEW JUABEN SOUTH MUNICIPAL,forest_zone,FZ,FOREST ZONE,1
New_Juaben_South_Municipal,2007,1.28238821875,31.84595503125,4.02684804865048,NEW JUABEN SOUTH MUNICIPAL,forest_zone,FZ,FOREST ZONE,1
New_Juaben_South_Municipal,2008,0,31.84595503125,0,NEW JUABEN SOUTH MUNICIPAL,forest_zone,FZ,FOREST ZONE,1
New_Juaben_South_Municipal,2009,0,31.84595503125,0,NEW JUABEN SOUTH MUNICIPAL,forest_zone,FZ,FOREST ZONE,1
New_Juaben_South_Municipal,2010,0,31.84595503125,0,NEW JUABEN SOUTH MUNICIPAL,forest_zone,FZ,FOREST ZONE,1
New_Juaben_South_Municipal,2011,0,31.84595503125,0,NEW JUABEN SOUTH MUNICIPAL,forest_zone,FZ,FOREST ZONE,1
New_Juaben_South_Municipal,2012,0,31.84595503125,0,NEW JUABEN SOUTH MUNICIPAL,forest_zone,FZ,FOREST ZONE,1
New_Juaben_South_Municipal,2013,0,31.84595503125,0,NEW JUABEN SOUTH MUNICIPAL,forest_zone,FZ,FOREST ZONE,1
New_Juaben_South_Municipal,2014,0,31.84595503125,0,NEW JUABEN SOUTH MUNICIPAL,forest_zone,FZ,FOREST ZONE,1
New_Juaben_South_Municipal,2015,0,31.84595503125,0,NEW JUABEN SOUTH MUNICIPAL,forest_zone,FZ,FOREST ZONE,1
New_Juaben_South_Municipal,2016,3.63343296875,31.84595503125,11.4094018068686,NEW JUABEN SOUTH MUNICIPAL,forest_zone,FZ,FOREST ZONE,1
New_Juaben_South_Municipal,2017,0,31.84595503125,0,NEW JUABEN SOUTH MUNICIPAL,forest_zone,FZ,FOREST ZONE,1
New_Juaben_South_Municipal,2018,0,31.84595503125,0,NEW JUABEN SOUTH MUNICIPAL,forest_zone,FZ,FOREST ZONE,1
New_Juaben_South_Municipal,2019,0,31.84595503125,0,NEW JUABEN SOUTH MUNICIPAL,forest_zone,FZ,FOREST ZONE,1
New_Juaben_South_Municipal,2020,3.419702,31.84595503125,10.7382617247443,NEW JUABEN SOUTH MUNICIPAL,forest_zone,FZ,FOREST ZONE,1
New_Juaben_South_Municipal,2021,0,31.84595503125,0,NEW JUABEN SOUTH MUNICIPAL,forest_zone,FZ,FOREST ZONE,1
New_Juaben_South_Municipal,2022,2.137313875,31.84595503125,6.71141397047971,NEW JUABEN SOUTH MUNICIPAL,forest_zone,FZ,FOREST ZONE,1
New_Juaben_South_Municipal,2023,0,31.84595503125,0,NEW JUABEN SOUTH MUNICIPAL,forest_zone,FZ,FOREST ZONE,1
New_Juaben_South_Municipal,2024,0,31.84595503125,0,NEW JUABEN SOUTH MUNICIPAL,forest_zone,FZ,FOREST ZONE,1
Ningo_Prampram,2001,0,466.783267937496,0,NINGO/PRAMPRAM,coastal_zone,CZ,COASTAL ZONE,0.999999999479977
Ningo_Prampram,2002,50.8673285937499,466.783267937496,10.8974190138626,NINGO/PRAMPRAM,coastal_zone,CZ,COASTAL ZONE,0.999999999479977
Ningo_Prampram,2003,67.96567009375,466.783267937496,14.5604340948337,NINGO/PRAMPRAM,coastal_zone,CZ,COASTAL ZONE,0.999999999479977
Ningo_Prampram,2004,13.464904671875,466.783267937496,2.88461596564297,NINGO/PRAMPRAM,coastal_zone,CZ,COASTAL ZONE,0.999999999479977
Ningo_Prampram,2005,54.714484390625,466.783267937496,11.7216036111113,NINGO/PRAMPRAM,coastal_zone,CZ,COASTAL ZONE,0.999999999479977
Ningo_Prampram,2006,26.07488584375,466.783267937496,5.58607980079558,NINGO/PRAMPRAM,coastal_zone,CZ,COASTAL ZONE,0.999999999479977
Ningo_Prampram,2007,32.4867333593751,466.783267937496,6.95970391203592,NINGO/PRAMPRAM,coastal_zone,CZ,COASTAL ZONE,0.999999999479977
Ningo_Prampram,2008,57.49305815625,466.783267937496,12.3168635436068,NINGO/PRAMPRAM,coastal_zone,CZ,COASTAL ZONE,0.999999999479977
Ningo_Prampram,2009,19.449297359375,466.783267937496,4.16666549452654,NINGO/PRAMPRAM,coastal_zone,CZ,COASTAL ZONE,0.999999999479977
Ningo_Prampram,2010,27.143512125,466.783267937496,5.81501394532304,NINGO/PRAMPRAM,coastal_zone,CZ,COASTAL ZONE,0.999999999479977
Ningo_Prampram,2011,39.7534946718751,466.783267937496,8.51647807504493,NINGO/PRAMPRAM,coastal_zone,CZ,COASTAL ZONE,0.999999999479977
Ningo_Prampram,2012,0.21372875,466.783267937496,0.0457875773791915,NINGO/PRAMPRAM,coastal_zone,CZ,COASTAL ZONE,0.999999999479977
Ningo_Prampram,2013,0,466.783267937496,0,NINGO/PRAMPRAM,coastal_zone,CZ,COASTAL ZONE,0.999999999479977
Ningo_Prampram,2014,14.9609853125,466.783267937496,3.20512459210584,NINGO/PRAMPRAM,coastal_zone,CZ,COASTAL ZONE,0.999999999479977
Ningo_Prampram,2015,8.121687640625,466.783267937496,1.73992689937475,NINGO/PRAMPRAM,coastal_zone,CZ,COASTAL ZONE,0.999999999479977
Ningo_Prampram,2016,1.496101546875,466.783267937496,0.320513105254521,NINGO/PRAMPRAM,coastal_zone,CZ,COASTAL ZONE,0.999999999479977
Ningo_Prampram,2017,0.641186453125,466.783267937496,0.137362775653487,NINGO/PRAMPRAM,coastal_zone,CZ,COASTAL ZONE,0.999999999479977
Ningo_Prampram,2018,0,466.783267937496,0,NINGO/PRAMPRAM,coastal_zone,CZ,COASTAL ZONE,0.999999999479977
Ningo_Prampram,2019,8.54914793749999,466.783267937496,1.83150265331378,NINGO/PRAMPRAM,coastal_zone,CZ,COASTAL ZONE,0.999999999479977
Ningo_Prampram,2020,19.449298421875,466.783267937496,4.16666572214823,NINGO/PRAMPRAM,coastal_zone,CZ,COASTAL ZONE,0.999999999479977
Ningo_Prampram,2021,16.88457515625,466.783267937496,3.61721944980061,NINGO/PRAMPRAM,coastal_zone,CZ,COASTAL ZONE,0.999999999479977
Ningo_Prampram,2022,44.4555634375,466.783267937496,9.52381254665126,NINGO/PRAMPRAM,coastal_zone,CZ,COASTAL ZONE,0.999999999479977
Ningo_Prampram,2023,5.770672890625,466.783267937496,1.23626386955192,NINGO/PRAMPRAM,coastal_zone,CZ,COASTAL ZONE,0.999999999479977
Ningo_Prampram,2024,7.907957375,466.783267937496,1.6941389972999,NINGO/PRAMPRAM,coastal_zone,CZ,COASTAL ZONE,0.999999999479977
Nkoranza_North,2001,482.007368703125,1192.514351625,40.4194186884467,NKORANZA NORTH,transition_zone,TZ,TRANSITION ZONE,1
Nkoranza_North,2002,181.47433015625,1192.514351625,15.2177900340538,NKORANZA NORTH,transition_zone,TZ,TRANSITION ZONE,1
Nkoranza_North,2003,493.977707265625,1192.514351625,41.423208583821,NKORANZA NORTH,transition_zone,TZ,TRANSITION ZONE,1
Nkoranza_North,2004,372.5669539375,1192.514351625,31.2421358644292,NKORANZA NORTH,transition_zone,TZ,TRANSITION ZONE,1
Nkoranza_North,2005,519.841671109374,1192.514351625,43.5920683387166,NKORANZA NORTH,transition_zone,TZ,TRANSITION ZONE,1
Nkoranza_North,2006,550.62147384375,1192.514351625,46.1731528088895,NKORANZA NORTH,transition_zone,TZ,TRANSITION ZONE,1
Nkoranza_North,2007,356.963531234374,1192.514351625,29.933688491711,NKORANZA NORTH,transition_zone,TZ,TRANSITION ZONE,1
Nkoranza_North,2008,465.762797140624,1192.514351625,39.057206859267,NKORANZA NORTH,transition_zone,TZ,TRANSITION ZONE,1
Nkoranza_North,2009,311.862451484374,1192.514351625,26.1516728129443,NKORANZA NORTH,transition_zone,TZ,TRANSITION ZONE,1
Nkoranza_North,2010,491.626361375001,1192.514351625,41.2260331043461,NKORANZA NORTH,transition_zone,TZ,TRANSITION ZONE,1
Nkoranza_North,2011,511.077498140624,1192.514351625,42.8571360541024,NKORANZA NORTH,transition_zone,TZ,TRANSITION ZONE,1
Nkoranza_North,2012,225.50689965625,1192.514351625,18.9102042544778,NKORANZA NORTH,transition_zone,TZ,TRANSITION ZONE,1
Nkoranza_North,2013,382.40011421875,1192.514351625,32.0667096121456,NKORANZA NORTH,transition_zone,TZ,TRANSITION ZONE,1
Nkoranza_North,2014,368.505821734374,1192.514351625,30.9015838033499,NKORANZA NORTH,transition_zone,TZ,TRANSITION ZONE,1
Nkoranza_North,2015,571.141796046874,1192.514351625,47.893913835804,NKORANZA NORTH,transition_zone,TZ,TRANSITION ZONE,1
Nkoranza_North,2016,164.58772025,1192.514351625,13.8017391594257,NKORANZA NORTH,transition_zone,TZ,TRANSITION ZONE,1
Nkoranza_North,2017,310.793785015624,1192.514351625,26.0620582546546,NKORANZA NORTH,transition_zone,TZ,TRANSITION ZONE,1
Nkoranza_North,2018,287.70767721875,1192.514351625,24.1261395996366,NKORANZA NORTH,transition_zone,TZ,TRANSITION ZONE,1
Nkoranza_North,2019,184.680530640625,1192.514351625,15.4866505706172,NKORANZA NORTH,transition_zone,TZ,TRANSITION ZONE,1
Nkoranza_North,2020,392.2326756875,1192.514351625,32.8912331455816,NKORANZA NORTH,transition_zone,TZ,TRANSITION ZONE,1
Nkoranza_North,2021,71.8203354375,1192.514351625,6.02259715697616,NKORANZA NORTH,transition_zone,TZ,TRANSITION ZONE,1
Nkoranza_North,2022,328.107390109375,1192.514351625,27.5139154226759,NKORANZA NORTH,transition_zone,TZ,TRANSITION ZONE,1
Nkoranza_North,2023,158.3890656875,1192.514351625,13.2819420975243,NKORANZA NORTH,transition_zone,TZ,TRANSITION ZONE,1
Nkoranza_North,2024,241.1110208125,1192.514351625,20.2187101969838,NKORANZA NORTH,transition_zone,TZ,TRANSITION ZONE,1
Nkoranza_South,2001,276.5889259375,789.796898453126,35.0202598261932,NKORANZA SOUTH,transition_zone,TZ,TRANSITION ZONE,1
Nkoranza_South,2002,195.792543046875,789.796898453126,24.7902395451728,NKORANZA SOUTH,transition_zone,TZ,TRANSITION ZONE,1
Nkoranza_South,2003,164.371871015625,789.796898453126,20.8119164987302,NKORANZA SOUTH,transition_zone,TZ,TRANSITION ZONE,1
Nkoranza_South,2004,174.8457225625,789.796898453126,22.1380614313564,NKORANZA SOUTH,transition_zone,TZ,TRANSITION ZONE,1
Nkoranza_South,2005,48.948293390625,789.796898453126,6.19757984445037,NKORANZA SOUTH,transition_zone,TZ,TRANSITION ZONE,1
Nkoranza_South,2006,191.945096796875,789.796898453126,24.3030957924516,NKORANZA SOUTH,transition_zone,TZ,TRANSITION ZONE,1
Nkoranza_South,2007,114.354849046875,789.796898453126,14.4790197670879,NKORANZA SOUTH,transition_zone,TZ,TRANSITION ZONE,1
Nkoranza_South,2008,128.676048046875,789.796898453126,16.2922959432857,NKORANZA SOUTH,transition_zone,TZ,TRANSITION ZONE,1
Nkoranza_South,2009,67.3304515625001,789.796898453126,8.5250336756667,NKORANZA SOUTH,transition_zone,TZ,TRANSITION ZONE,1
Nkoranza_South,2010,142.142233109375,789.796898453126,17.9973146751742,NKORANZA SOUTH,transition_zone,TZ,TRANSITION ZONE,1
Nkoranza_South,2011,50.444459828125,789.796898453126,6.38701670352519,NKORANZA SOUTH,transition_zone,TZ,TRANSITION ZONE,1
Nkoranza_South,2012,200.49511584375,789.796898453126,25.3856550002202,NKORANZA SOUTH,transition_zone,TZ,TRANSITION ZONE,1
Nkoranza_South,2013,50.44454853125,789.796898453126,6.38702793465628,NKORANZA SOUTH,transition_zone,TZ,TRANSITION ZONE,1
Nkoranza_South,2014,60.063190453125,789.796898453126,7.60489064603357,NKORANZA SOUTH,transition_zone,TZ,TRANSITION ZONE,1
Nkoranza_South,2015,52.154524765625,789.796898453126,6.60353628480606,NKORANZA SOUTH,transition_zone,TZ,TRANSITION ZONE,1
Nkoranza_South,2016,78.4454902031249,789.796898453126,9.93236240314011,NKORANZA SOUTH,transition_zone,TZ,TRANSITION ZONE,1
Nkoranza_South,2017,35.054632765625,789.796898453126,4.43843636690421,NKORANZA SOUTH,transition_zone,TZ,TRANSITION ZONE,1
Nkoranza_South,2018,93.835341953125,789.796898453126,11.8809458655647,NKORANZA SOUTH,transition_zone,TZ,TRANSITION ZONE,1
Nkoranza_South,2019,82.7203403125,789.796898453126,10.47362182284,NKORANZA SOUTH,transition_zone,TZ,TRANSITION ZONE,1
Nkoranza_South,2020,91.6977941093751,789.796898453126,11.6103006087985,NKORANZA SOUTH,transition_zone,TZ,TRANSITION ZONE,1
Nkoranza_South,2021,13.67985075,789.796898453126,1.73207197657942,NKORANZA SOUTH,transition_zone,TZ,TRANSITION ZONE,1
Nkoranza_South,2022,59.20824590625,789.796898453126,7.49664198760639,NKORANZA SOUTH,transition_zone,TZ,TRANSITION ZONE,1
Nkoranza_South,2023,48.3071195,789.796898453126,6.11639772131455,NKORANZA SOUTH,transition_zone,TZ,TRANSITION ZONE,1
Nkoranza_South,2024,53.22316909375,789.796898453126,6.73884250469854,NKORANZA SOUTH,transition_zone,TZ,TRANSITION ZONE,1
Nkwanta_North,2001,266.56256475,918.966147343754,29.006788282734,NKWANTA NORTH,guinea_savannah,GS,GUINEA SAVANNAH,0.999999999890954
Nkwanta_North,2002,206.494919984375,918.966147343754,22.4703511202499,NKWANTA NORTH,guinea_savannah,GS,GUINEA SAVANNAH,0.999999999890954
Nkwanta_North,2003,231.50560496875,918.966147343754,25.1919622543127,NKWANTA NORTH,guinea_savannah,GS,GUINEA SAVANNAH,0.999999999890954
Nkwanta_North,2004,90.2080897031248,918.966147343754,9.81625819012689,NKWANTA NORTH,guinea_savannah,GS,GUINEA SAVANNAH,0.999999999890954
Nkwanta_North,2005,643.639072953129,918.966147343754,70.0394758624733,NKWANTA NORTH,guinea_savannah,GS,GUINEA SAVANNAH,0.999999999890954
Nkwanta_North,2006,334.966103000001,918.966147343754,36.4503201742753,NKWANTA NORTH,guinea_savannah,GS,GUINEA SAVANNAH,0.999999999890954
Nkwanta_North,2007,132.105967234375,918.966147343754,14.3754987728572,NKWANTA NORTH,guinea_savannah,GS,GUINEA SAVANNAH,0.999999999890954
Nkwanta_North,2008,473.912002500002,918.966147343754,51.5701262630655,NKWANTA NORTH,guinea_savannah,GS,GUINEA SAVANNAH,0.999999999890954
Nkwanta_North,2009,53.8683572812501,918.966147343754,5.86184348976892,NKWANTA NORTH,guinea_savannah,GS,GUINEA SAVANNAH,0.999999999890954
Nkwanta_North,2010,181.27098853125,918.966147343754,19.7255349454611,NKWANTA NORTH,guinea_savannah,GS,GUINEA SAVANNAH,0.999999999890954
Nkwanta_North,2011,398.239603812502,918.966147343754,43.3356119769593,NKWANTA NORTH,guinea_savannah,GS,GUINEA SAVANNAH,0.999999999890954
Nkwanta_North,2012,176.3543555625,918.966147343754,19.1905170905639,NKWANTA NORTH,guinea_savannah,GS,GUINEA SAVANNAH,0.999999999890954
Nkwanta_North,2013,122.4863409375,918.966147343754,13.3287108879411,NKWANTA NORTH,guinea_savannah,GS,GUINEA SAVANNAH,0.999999999890954
Nkwanta_North,2014,126.974986703125,918.966147343754,13.817156058484,NKWANTA NORTH,guinea_savannah,GS,GUINEA SAVANNAH,0.999999999890954
Nkwanta_North,2015,183.835762140625,918.966147343754,20.0046283175934,NKWANTA NORTH,guinea_savannah,GS,GUINEA SAVANNAH,0.999999999890954
Nkwanta_North,2016,250.102788593751,918.966147343754,27.2156694037823,NKWANTA NORTH,guinea_savannah,GS,GUINEA SAVANNAH,0.999999999890954
Nkwanta_North,2017,186.400648953125,918.966147343754,20.283734008256,NKWANTA NORTH,guinea_savannah,GS,GUINEA SAVANNAH,0.999999999890954
Nkwanta_North,2018,73.7484297499997,918.966147343754,8.02515195615938,NKWANTA NORTH,guinea_savannah,GS,GUINEA SAVANNAH,0.999999999890954
Nkwanta_North,2019,112.011800734375,918.966147343754,12.1888930357382,NKWANTA NORTH,guinea_savannah,GS,GUINEA SAVANNAH,0.999999999890954
Nkwanta_North,2020,198.371678390625,918.966147343754,21.5863967311541,NKWANTA NORTH,guinea_savannah,GS,GUINEA SAVANNAH,0.999999999890954
Nkwanta_North,2021,162.887263171875,918.966147343754,17.7250558840167,NKWANTA NORTH,guinea_savannah,GS,GUINEA SAVANNAH,0.999999999890954
Nkwanta_North,2022,111.156424890625,918.966147343754,12.0958128013659,NKWANTA NORTH,guinea_savannah,GS,GUINEA SAVANNAH,0.999999999890954
Nkwanta_North,2023,97.9033851874998,918.966147343754,10.6536443666055,NKWANTA NORTH,guinea_savannah,GS,GUINEA SAVANNAH,0.999999999890954
Nkwanta_North,2024,97.4758766562498,918.966147343754,10.607123770337,NKWANTA NORTH,guinea_savannah,GS,GUINEA SAVANNAH,0.999999999890954
Nkwanta_South_Municipal,2001,406.9954695,2312.86470021874,17.5970288906873,NKWANTA SOUTH MUNICIPAL,guinea_savannah,GS,GUINEA SAVANNAH,0.999999999510568
Nkwanta_South_Municipal,2002,521.784578359376,2312.86470021874,22.5600995298181,NKWANTA SOUTH MUNICIPAL,guinea_savannah,GS,GUINEA SAVANNAH,0.999999999510568
Nkwanta_South_Municipal,2003,257.793230375,2312.86470021874,11.1460575428653,NKWANTA SOUTH MUNICIPAL,guinea_savannah,GS,GUINEA SAVANNAH,0.999999999510568
Nkwanta_South_Municipal,2004,231.285451203125,2312.86470021874,9.99995594992007,NKWANTA SOUTH MUNICIPAL,guinea_savannah,GS,GUINEA SAVANNAH,0.999999999510568
Nkwanta_South_Municipal,2005,541.880183421875,2312.86470021874,23.4289616409739,NKWANTA SOUTH MUNICIPAL,guinea_savannah,GS,GUINEA SAVANNAH,0.999999999510568
Nkwanta_South_Municipal,2006,816.341251953124,2312.86470021874,35.2956769099341,NKWANTA SOUTH MUNICIPAL,guinea_savannah,GS,GUINEA SAVANNAH,0.999999999510568
Nkwanta_South_Municipal,2007,218.24742021875,2312.86470021874,9.43623810757754,NKWANTA SOUTH MUNICIPAL,guinea_savannah,GS,GUINEA SAVANNAH,0.999999999510568
Nkwanta_South_Municipal,2008,465.139730390626,2312.86470021874,20.1109788370515,NKWANTA SOUTH MUNICIPAL,guinea_savannah,GS,GUINEA SAVANNAH,0.999999999510568
Nkwanta_South_Municipal,2009,163.097565125,2312.86470021874,7.05175556138562,NKWANTA SOUTH MUNICIPAL,guinea_savannah,GS,GUINEA SAVANNAH,0.999999999510568
Nkwanta_South_Municipal,2010,347.1433984375,2312.86470021874,15.0092393387589,NKWANTA SOUTH MUNICIPAL,guinea_savannah,GS,GUINEA SAVANNAH,0.999999999510568
Nkwanta_South_Municipal,2011,582.279559406252,2312.86470021874,25.175686210749,NKWANTA SOUTH MUNICIPAL,guinea_savannah,GS,GUINEA SAVANNAH,0.999999999510568
Nkwanta_South_Municipal,2012,439.700928875,2312.86470021874,19.0110960158376,NKWANTA SOUTH MUNICIPAL,guinea_savannah,GS,GUINEA SAVANNAH,0.999999999510568
Nkwanta_South_Municipal,2013,420.463073203126,2312.86470021874,18.1793199214533,NKWANTA SOUTH MUNICIPAL,guinea_savannah,GS,GUINEA SAVANNAH,0.999999999510568
Nkwanta_South_Municipal,2014,226.156911578125,2312.86470021874,9.7782162336057,NKWANTA SOUTH MUNICIPAL,guinea_savannah,GS,GUINEA SAVANNAH,0.999999999510568
Nkwanta_South_Municipal,2015,502.119109875002,2312.86470021874,21.7098349863489,NKWANTA SOUTH MUNICIPAL,guinea_savannah,GS,GUINEA SAVANNAH,0.999999999510568
Nkwanta_South_Municipal,2016,639.136026875,2312.86470021874,27.6339565740509,NKWANTA SOUTH MUNICIPAL,guinea_savannah,GS,GUINEA SAVANNAH,0.999999999510568
Nkwanta_South_Municipal,2017,339.448207046875,2312.86470021874,14.6765267771509,NKWANTA SOUTH MUNICIPAL,guinea_savannah,GS,GUINEA SAVANNAH,0.999999999510568
Nkwanta_South_Municipal,2018,278.74124490625,2312.86470021874,12.0517747916637,NKWANTA SOUTH MUNICIPAL,guinea_savannah,GS,GUINEA SAVANNAH,0.999999999510568
Nkwanta_South_Municipal,2019,340.517258046876,2312.86470021874,14.7227487200038,NKWANTA SOUTH MUNICIPAL,guinea_savannah,GS,GUINEA SAVANNAH,0.999999999510568
Nkwanta_South_Municipal,2020,789.622285234376,2312.86470021874,34.1404443225622,NKWANTA SOUTH MUNICIPAL,guinea_savannah,GS,GUINEA SAVANNAH,0.999999999510568
Nkwanta_South_Municipal,2021,436.493688140625,2312.86470021874,18.8724263939582,NKWANTA SOUTH MUNICIPAL,guinea_savannah,GS,GUINEA SAVANNAH,0.999999999510568
Nkwanta_South_Municipal,2022,790.691114328127,2312.86470021874,34.1866566709823,NKWANTA SOUTH MUNICIPAL,guinea_savannah,GS,GUINEA SAVANNAH,0.999999999510568
Nkwanta_South_Municipal,2023,221.8804150625,2312.86470021874,9.59331581486437,NKWANTA SOUTH MUNICIPAL,guinea_savannah,GS,GUINEA SAVANNAH,0.999999999510568
Nkwanta_South_Municipal,2024,609.20962171875,2312.86470021874,26.3400458168233,NKWANTA SOUTH MUNICIPAL,guinea_savannah,GS,GUINEA SAVANNAH,0.999999999510568
North_Dayi,2001,74.8086182343751,216.945675359374,34.4826501429233,NORTH DAYI,forest_zone,FZ,FOREST ZONE,1
North_Dayi,2002,34.412006171875,216.945675359374,15.8620383258947,NORTH DAYI,forest_zone,FZ,FOREST ZONE,1
North_Dayi,2003,6.19843459375,216.945675359374,2.85713673871682,NORTH DAYI,forest_zone,FZ,FOREST ZONE,1
North_Dayi,2004,60.060756671875,216.945675359374,27.684698748838,NORTH DAYI,forest_zone,FZ,FOREST ZONE,1
North_Dayi,2005,54.0760013125,216.945675359374,24.926056360848,NORTH DAYI,forest_zone,FZ,FOREST ZONE,1
North_Dayi,2006,81.86219628125,216.945675359374,37.733960884744,NORTH DAYI,forest_zone,FZ,FOREST ZONE,1
North_Dayi,2007,57.282190046875,216.945675359374,26.403932667469,NORTH DAYI,forest_zone,FZ,FOREST ZONE,1
North_Dayi,2008,18.38155975,216.945675359374,8.47288599763541,NORTH DAYI,forest_zone,FZ,FOREST ZONE,1
North_Dayi,2009,17.312885578125,216.945675359374,7.98028610132279,NORTH DAYI,forest_zone,FZ,FOREST ZONE,1
North_Dayi,2010,49.3736578125,216.945675359374,22.7585351635665,NORTH DAYI,forest_zone,FZ,FOREST ZONE,1
North_Dayi,2011,69.4652360625,216.945675359374,32.019645446921,NORTH DAYI,forest_zone,FZ,FOREST ZONE,1
North_Dayi,2012,36.9769369375,216.945675359374,17.0443300500215,NORTH DAYI,forest_zone,FZ,FOREST ZONE,1
North_Dayi,2013,37.83184784375,216.945675359374,17.4383968618323,NORTH DAYI,forest_zone,FZ,FOREST ZONE,1
North_Dayi,2014,23.08383734375,216.945675359374,10.6403768157679,NORTH DAYI,forest_zone,FZ,FOREST ZONE,1
North_Dayi,2015,49.3736075,216.945675359374,22.7585119722768,NORTH DAYI,forest_zone,FZ,FOREST ZONE,1
North_Dayi,2016,110.717227265625,216.945675359374,51.034539906002,NORTH DAYI,forest_zone,FZ,FOREST ZONE,1
North_Dayi,2017,39.32807703125,216.945675359374,18.1280760568757,NORTH DAYI,forest_zone,FZ,FOREST ZONE,1
North_Dayi,2018,32.0608773125,216.945675359374,14.7782974974682,NORTH DAYI,forest_zone,FZ,FOREST ZONE,1
North_Dayi,2019,4.274795921875,216.945675359374,1.97044532682835,NORTH DAYI,forest_zone,FZ,FOREST ZONE,1
North_Dayi,2020,63.480742546875,216.945675359374,29.261123754469,NORTH DAYI,forest_zone,FZ,FOREST ZONE,1
North_Dayi,2021,21.801377125,216.945675359374,10.0492333340527,NORTH DAYI,forest_zone,FZ,FOREST ZONE,1
North_Dayi,2022,76.946257109375,216.945675359374,35.4679838544429,NORTH DAYI,forest_zone,FZ,FOREST ZONE,1
North_Dayi,2023,34.83956984375,216.945675359374,16.0591216146796,NORTH DAYI,forest_zone,FZ,FOREST ZONE,1
North_Dayi,2024,53.86248396875,216.945675359374,24.8276366327772,NORTH DAYI,forest_zone,FZ,FOREST ZONE,1
North_East_Gonja,2001,1906.80288110938,4902.92916973433,38.891095814315,NORTH EAST GONJA,guinea_savannah,GS,GUINEA SAVANNAH,1
North_East_Gonja,2002,2516.67357592189,4902.92916973433,51.3300006750508,NORTH EAST GONJA,guinea_savannah,GS,GUINEA SAVANNAH,1
North_East_Gonja,2003,2410.20799054688,4902.92916973433,49.1585317084539,NORTH EAST GONJA,guinea_savannah,GS,GUINEA SAVANNAH,1
North_East_Gonja,2004,1859.11951925,4902.92916973433,37.9185473599396,NORTH EAST GONJA,guinea_savannah,GS,GUINEA SAVANNAH,1
North_East_Gonja,2005,2866.38411804688,4902.92916973433,58.462686667819,NORTH EAST GONJA,guinea_savannah,GS,GUINEA SAVANNAH,1
North_East_Gonja,2006,2284.94448204687,4902.92916973433,46.6036608513904,NORTH EAST GONJA,guinea_savannah,GS,GUINEA SAVANNAH,1
North_East_Gonja,2007,1776.39124221876,4902.92916973433,36.2312238403194,NORTH EAST GONJA,guinea_savannah,GS,GUINEA SAVANNAH,1
North_East_Gonja,2008,2355.4850260625,4902.92916973433,48.0424037247541,NORTH EAST GONJA,guinea_savannah,GS,GUINEA SAVANNAH,1
North_East_Gonja,2009,1220.59945182813,4902.92916973433,24.8953107330789,NORTH EAST GONJA,guinea_savannah,GS,GUINEA SAVANNAH,1
North_East_Gonja,2010,1654.55010384375,4902.92916973433,33.7461555442663,NORTH EAST GONJA,guinea_savannah,GS,GUINEA SAVANNAH,1
North_East_Gonja,2011,2812.09027039064,4902.92916973433,57.3553109384001,NORTH EAST GONJA,guinea_savannah,GS,GUINEA SAVANNAH,1
North_East_Gonja,2012,2198.79760475,4902.92916973433,44.8466116607013,NORTH EAST GONJA,guinea_savannah,GS,GUINEA SAVANNAH,1
North_East_Gonja,2013,1880.07314584375,4902.92916973433,38.345916915329,NORTH EAST GONJA,guinea_savannah,GS,GUINEA SAVANNAH,1
North_East_Gonja,2014,2199.22531926562,4902.92916973433,44.855335313457,NORTH EAST GONJA,guinea_savannah,GS,GUINEA SAVANNAH,1
North_East_Gonja,2015,1850.57042114063,4902.92916973433,37.7441802048489,NORTH EAST GONJA,guinea_savannah,GS,GUINEA SAVANNAH,1
North_East_Gonja,2016,1525.00771589063,4902.92916973433,31.1040127869778,NORTH EAST GONJA,guinea_savannah,GS,GUINEA SAVANNAH,1
North_East_Gonja,2017,2852.28858862503,4902.92916973433,58.175194661839,NORTH EAST GONJA,guinea_savannah,GS,GUINEA SAVANNAH,1
North_East_Gonja,2018,1420.25544346875,4902.92916973433,28.9674885012812,NORTH EAST GONJA,guinea_savannah,GS,GUINEA SAVANNAH,1
North_East_Gonja,2019,1876.65064935938,4902.92916973433,38.2761117770964,NORTH EAST GONJA,guinea_savannah,GS,GUINEA SAVANNAH,1
North_East_Gonja,2020,2452.97612382813,4902.92916973433,50.0308293044554,NORTH EAST GONJA,guinea_savannah,GS,GUINEA SAVANNAH,1
North_East_Gonja,2021,1671.22369382813,4902.92916973433,34.0862295981054,NORTH EAST GONJA,guinea_savannah,GS,GUINEA SAVANNAH,1
North_East_Gonja,2022,3051.72583212502,4902.92916973433,62.2429108493604,NORTH EAST GONJA,guinea_savannah,GS,GUINEA SAVANNAH,1
North_East_Gonja,2023,1202.226338875,4902.92916973433,24.5205732584578,NORTH EAST GONJA,guinea_savannah,GS,GUINEA SAVANNAH,1
North_East_Gonja,2024,2831.76754189063,4902.92916973433,57.7566479926137,NORTH EAST GONJA,guinea_savannah,GS,GUINEA SAVANNAH,1
North_Gonja,2001,2654.73297857812,4161.8795894375,63.7868761344179,NORTH GONJA,guinea_savannah,GS,GUINEA SAVANNAH,1
North_Gonja,2002,2616.88645959376,4161.8795894375,62.8775149150204,NORTH GONJA,guinea_savannah,GS,GUINEA SAVANNAH,1
North_Gonja,2003,2926.01641617188,4161.8795894375,70.3051674920596,NORTH GONJA,guinea_savannah,GS,GUINEA SAVANNAH,1
North_Gonja,2004,2102.967297375,4161.8795894375,50.5292681391398,NORTH GONJA,guinea_savannah,GS,GUINEA SAVANNAH,1
North_Gonja,2005,3223.17095289062,4161.8795894375,77.4450794076492,NORTH GONJA,guinea_savannah,GS,GUINEA SAVANNAH,1
North_Gonja,2006,2104.88484446876,4161.8795894375,50.5753422038154,NORTH GONJA,guinea_savannah,GS,GUINEA SAVANNAH,1
North_Gonja,2007,3061.55371939063,4161.8795894375,73.5618043145842,NORTH GONJA,guinea_savannah,GS,GUINEA SAVANNAH,1
North_Gonja,2008,2014.24133004688,4161.8795894375,48.3973956180485,NORTH GONJA,guinea_savannah,GS,GUINEA SAVANNAH,1
North_Gonja,2009,2464.89555403125,4161.8795894375,59.2255374299379,NORTH GONJA,guinea_savannah,GS,GUINEA SAVANNAH,1
North_Gonja,2010,1873.57654468751,4161.8795894375,45.0175576785663,NORTH GONJA,guinea_savannah,GS,GUINEA SAVANNAH,1
North_Gonja,2011,3084.00553640626,4161.8795894375,74.1012677116658,NORTH GONJA,guinea_savannah,GS,GUINEA SAVANNAH,1
North_Gonja,2012,2199.58900467189,4161.8795894375,52.8508563835979,NORTH GONJA,guinea_savannah,GS,GUINEA SAVANNAH,1
North_Gonja,2013,3369.18925762501,4161.8795894375,80.9535495975358,NORTH GONJA,guinea_savannah,GS,GUINEA SAVANNAH,1
North_Gonja,2014,2636.56125379689,4161.8795894375,63.3502531041084,NORTH GONJA,guinea_savannah,GS,GUINEA SAVANNAH,1
North_Gonja,2015,1835.73308337501,4161.8795894375,44.1082699277015,NORTH GONJA,guinea_savannah,GS,GUINEA SAVANNAH,1
North_Gonja,2016,3009.61240984376,4161.8795894375,72.3137790310392,NORTH GONJA,guinea_savannah,GS,GUINEA SAVANNAH,1
North_Gonja,2017,2671.40897639063,4161.8795894375,64.1875604275156,NORTH GONJA,guinea_savannah,GS,GUINEA SAVANNAH,1
North_Gonja,2018,1960.15839559375,4161.8795894375,47.0979122165973,NORTH GONJA,guinea_savannah,GS,GUINEA SAVANNAH,1
North_Gonja,2019,2489.90791953127,4161.8795894375,59.826524675304,NORTH GONJA,guinea_savannah,GS,GUINEA SAVANNAH,1
North_Gonja,2020,2456.55820414063,4161.8795894375,59.0252108776805,NORTH GONJA,guinea_savannah,GS,GUINEA SAVANNAH,1
North_Gonja,2021,2299.85462289064,4161.8795894375,55.259999081364,NORTH GONJA,guinea_savannah,GS,GUINEA SAVANNAH,1
North_Gonja,2022,2236.57670796876,4161.8795894375,53.7395823186476,NORTH GONJA,guinea_savannah,GS,GUINEA SAVANNAH,1
North_Gonja,2023,2592.73477081251,4161.8795894375,62.2972076701271,NORTH GONJA,guinea_savannah,GS,GUINEA SAVANNAH,1
North_Gonja,2024,2052.72183304688,4161.8795894375,49.3219899551278,NORTH GONJA,guinea_savannah,GS,GUINEA SAVANNAH,1
North_Tongu,2001,48.3037387968751,960.940168140629,5.02671658427396,NORTH TONGU,forest_zone,FZ,FOREST ZONE,0.999999998936683
North_Tongu,2002,204.328566921875,960.940168140629,21.2634015827687,NORTH TONGU,forest_zone,FZ,FOREST ZONE,0.999999998936683
North_Tongu,2003,120.5453648125,960.940168140629,12.5445234582866,NORTH TONGU,forest_zone,FZ,FOREST ZONE,0.999999998936683
North_Tongu,2004,226.343034703125,960.940168140629,23.5543317063213,NORTH TONGU,forest_zone,FZ,FOREST ZONE,0.999999998936683
North_Tongu,2005,582.63504321875,960.940168140629,60.6317711066361,NORTH TONGU,forest_zone,FZ,FOREST ZONE,0.999999998936683
North_Tongu,2006,262.0363819375,960.940168140629,27.2687510237528,NORTH TONGU,forest_zone,FZ,FOREST ZONE,0.999999998936683
North_Tongu,2007,132.086880515625,960.940168140629,13.7455884242207,NORTH TONGU,forest_zone,FZ,FOREST ZONE,0.999999998936683
North_Tongu,2008,202.832181703125,960.940168140629,21.1076806265259,NORTH TONGU,forest_zone,FZ,FOREST ZONE,0.999999998936683
North_Tongu,2009,186.58893853125,960.940168140629,19.4173315589763,NORTH TONGU,forest_zone,FZ,FOREST ZONE,0.999999998936683
North_Tongu,2010,190.649893234374,960.940168140629,19.8399338018383,NORTH TONGU,forest_zone,FZ,FOREST ZONE,0.999999998936683
North_Tongu,2011,373.39117784375,960.940168140629,38.8568602107917,NORTH TONGU,forest_zone,FZ,FOREST ZONE,0.999999998936683
North_Tongu,2012,55.997963234375,960.940168140629,5.82741413991761,NORTH TONGU,forest_zone,FZ,FOREST ZONE,0.999999998936683
North_Tongu,2013,136.575443046875,960.940168140629,14.2126895695433,NORTH TONGU,forest_zone,FZ,FOREST ZONE,0.999999998936683
North_Tongu,2014,72.027980140625,960.940168140629,7.49557386907819,NORTH TONGU,forest_zone,FZ,FOREST ZONE,0.999999998936683
North_Tongu,2015,184.665151421875,960.940168140629,19.2171331311077,NORTH TONGU,forest_zone,FZ,FOREST ZONE,0.999999998936683
North_Tongu,2016,277.425214906249,960.940168140629,28.8701861056608,NORTH TONGU,forest_zone,FZ,FOREST ZONE,0.999999998936683
North_Tongu,2017,62.4100173125,960.940168140629,6.49468295547061,NORTH TONGU,forest_zone,FZ,FOREST ZONE,0.999999998936683
North_Tongu,2018,133.155702734375,960.940168140629,13.8568151430307,NORTH TONGU,forest_zone,FZ,FOREST ZONE,0.999999998936683
North_Tongu,2019,87.4167668750001,960.940168140629,9.09700413961748,NORTH TONGU,forest_zone,FZ,FOREST ZONE,0.999999998936683
North_Tongu,2020,194.4968844375,960.940168140629,20.2402699861992,NORTH TONGU,forest_zone,FZ,FOREST ZONE,0.999999998936683
North_Tongu,2021,131.873118859375,960.940168140629,13.7233433705392,NORTH TONGU,forest_zone,FZ,FOREST ZONE,0.999999998936683
North_Tongu,2022,347.74313803125,960.940168140629,36.1878033160083,NORTH TONGU,forest_zone,FZ,FOREST ZONE,0.999999998936683
North_Tongu,2023,42.31909484375,960.940168140629,4.40392609725487,NORTH TONGU,forest_zone,FZ,FOREST ZONE,0.999999998936683
North_Tongu,2024,120.54500065625,960.940168140629,12.5444855624569,NORTH TONGU,forest_zone,FZ,FOREST ZONE,0.999999998936683
Nsawam_Adoagyiri,2001,0,143.839397453125,0,NSAWAM ADOAGYIRI,forest_zone,FZ,FOREST ZONE,0.999999998393375
Nsawam_Adoagyiri,2002,0,143.839397453125,0,NSAWAM ADOAGYIRI,forest_zone,FZ,FOREST ZONE,0.999999998393375
Nsawam_Adoagyiri,2003,0,143.839397453125,0,NSAWAM ADOAGYIRI,forest_zone,FZ,FOREST ZONE,0.999999998393375
Nsawam_Adoagyiri,2004,0,143.839397453125,0,NSAWAM ADOAGYIRI,forest_zone,FZ,FOREST ZONE,0.999999998393375
Nsawam_Adoagyiri,2005,0,143.839397453125,0,NSAWAM ADOAGYIRI,forest_zone,FZ,FOREST ZONE,0.999999998393375
Nsawam_Adoagyiri,2006,0,143.839397453125,0,NSAWAM ADOAGYIRI,forest_zone,FZ,FOREST ZONE,0.999999998393375
Nsawam_Adoagyiri,2007,0,143.839397453125,0,NSAWAM ADOAGYIRI,forest_zone,FZ,FOREST ZONE,0.999999998393375
Nsawam_Adoagyiri,2008,0,143.839397453125,0,NSAWAM ADOAGYIRI,forest_zone,FZ,FOREST ZONE,0.999999998393375
Nsawam_Adoagyiri,2009,0,143.839397453125,0,NSAWAM ADOAGYIRI,forest_zone,FZ,FOREST ZONE,0.999999998393375
Nsawam_Adoagyiri,2010,0,143.839397453125,0,NSAWAM ADOAGYIRI,forest_zone,FZ,FOREST ZONE,0.999999998393375
Nsawam_Adoagyiri,2011,7.053047359375,143.839397453125,4.90341831532873,NSAWAM ADOAGYIRI,forest_zone,FZ,FOREST ZONE,0.999999998393375
Nsawam_Adoagyiri,2012,0,143.839397453125,0,NSAWAM ADOAGYIRI,forest_zone,FZ,FOREST ZONE,0.999999998393375
Nsawam_Adoagyiri,2013,0,143.839397453125,0,NSAWAM ADOAGYIRI,forest_zone,FZ,FOREST ZONE,0.999999998393375
Nsawam_Adoagyiri,2014,0,143.839397453125,0,NSAWAM ADOAGYIRI,forest_zone,FZ,FOREST ZONE,0.999999998393375
Nsawam_Adoagyiri,2015,0.641186546875,143.839397453125,0.44576559567691,NSAWAM ADOAGYIRI,forest_zone,FZ,FOREST ZONE,0.999999998393375
Nsawam_Adoagyiri,2016,0,143.839397453125,0,NSAWAM ADOAGYIRI,forest_zone,FZ,FOREST ZONE,0.999999998393375
Nsawam_Adoagyiri,2017,0,143.839397453125,0,NSAWAM ADOAGYIRI,forest_zone,FZ,FOREST ZONE,0.999999998393375
Nsawam_Adoagyiri,2018,0,143.839397453125,0,NSAWAM ADOAGYIRI,forest_zone,FZ,FOREST ZONE,0.999999998393375
Nsawam_Adoagyiri,2019,0,143.839397453125,0,NSAWAM ADOAGYIRI,forest_zone,FZ,FOREST ZONE,0.999999998393375
Nsawam_Adoagyiri,2020,6.198140984375,143.839397453125,4.30907045922164,NSAWAM ADOAGYIRI,forest_zone,FZ,FOREST ZONE,0.999999998393375
Nsawam_Adoagyiri,2021,0,143.839397453125,0,NSAWAM ADOAGYIRI,forest_zone,FZ,FOREST ZONE,0.999999998393375
Nsawam_Adoagyiri,2022,2.9921994375,143.839397453125,2.08023635421242,NSAWAM ADOAGYIRI,forest_zone,FZ,FOREST ZONE,0.999999998393375
Nsawam_Adoagyiri,2023,0.21372828125,143.839397453125,0.148588137210218,NSAWAM ADOAGYIRI,forest_zone,FZ,FOREST ZONE,0.999999998393375
Nsawam_Adoagyiri,2024,0,143.839397453125,0,NSAWAM ADOAGYIRI,forest_zone,FZ,FOREST ZONE,0.999999998393375
Nzema_East,2001,0.427441375,929.690081578127,0.0459767597256097,NZEMA EAST,coastal_zone,CZ,COASTAL ZONE,0.999999999528875
Nzema_East,2002,0,929.690081578127,0,NZEMA EAST,coastal_zone,CZ,COASTAL ZONE,0.999999999528875
Nzema_East,2003,0,929.690081578127,0,NZEMA EAST,coastal_zone,CZ,COASTAL ZONE,0.999999999528875
Nzema_East,2004,1.709763546875,929.690081578127,0.183906828818988,NZEMA EAST,coastal_zone,CZ,COASTAL ZONE,0.999999999528875
Nzema_East,2005,0.85488075,929.690081578127,0.0919533043257663,NZEMA EAST,coastal_zone,CZ,COASTAL ZONE,0.999999999528875
Nzema_East,2006,0.85488290625,929.690081578127,0.0919535362578954,NZEMA EAST,coastal_zone,CZ,COASTAL ZONE,0.999999999528875
Nzema_East,2007,1.06859896875,929.690081578127,0.11494141864309,NZEMA EAST,coastal_zone,CZ,COASTAL ZONE,0.999999999528875
Nzema_East,2008,0,929.690081578127,0,NZEMA EAST,coastal_zone,CZ,COASTAL ZONE,0.999999999528875
Nzema_East,2009,0,929.690081578127,0,NZEMA EAST,coastal_zone,CZ,COASTAL ZONE,0.999999999528875
Nzema_East,2010,0.4274404375,929.690081578127,0.0459766588855536,NZEMA EAST,coastal_zone,CZ,COASTAL ZONE,0.999999999528875
Nzema_East,2011,0,929.690081578127,0,NZEMA EAST,coastal_zone,CZ,COASTAL ZONE,0.999999999528875
Nzema_East,2012,0,929.690081578127,0,NZEMA EAST,coastal_zone,CZ,COASTAL ZONE,0.999999999528875
Nzema_East,2013,6.197897984375,929.690081578127,0.66666280593789,NZEMA EAST,coastal_zone,CZ,COASTAL ZONE,0.999999999528875
Nzema_East,2014,0,929.690081578127,0,NZEMA EAST,coastal_zone,CZ,COASTAL ZONE,0.999999999528875
Nzema_East,2015,0,929.690081578127,0,NZEMA EAST,coastal_zone,CZ,COASTAL ZONE,0.999999999528875
Nzema_East,2016,0,929.690081578127,0,NZEMA EAST,coastal_zone,CZ,COASTAL ZONE,0.999999999528875
Nzema_East,2017,0,929.690081578127,0,NZEMA EAST,coastal_zone,CZ,COASTAL ZONE,0.999999999528875
Nzema_East,2018,0,929.690081578127,0,NZEMA EAST,coastal_zone,CZ,COASTAL ZONE,0.999999999528875
Nzema_East,2019,0,929.690081578127,0,NZEMA EAST,coastal_zone,CZ,COASTAL ZONE,0.999999999528875
Nzema_East,2020,0,929.690081578127,0,NZEMA EAST,coastal_zone,CZ,COASTAL ZONE,0.999999999528875
Nzema_East,2021,0,929.690081578127,0,NZEMA EAST,coastal_zone,CZ,COASTAL ZONE,0.999999999528875
Nzema_East,2022,0,929.690081578127,0,NZEMA EAST,coastal_zone,CZ,COASTAL ZONE,0.999999999528875
Nzema_East,2023,1.2823223125,929.690081578127,0.137930084219387,NZEMA EAST,coastal_zone,CZ,COASTAL ZONE,0.999999999528875
Nzema_East,2024,0,929.690081578127,0,NZEMA EAST,coastal_zone,CZ,COASTAL ZONE,0.999999999528875
Obuasi_East,2001,0,61.5549190625,0,OBUASI EAST,forest_zone,FZ,FOREST ZONE,1
Obuasi_East,2002,0,61.5549190625,0,OBUASI EAST,forest_zone,FZ,FOREST ZONE,1
Obuasi_East,2003,0,61.5549190625,0,OBUASI EAST,forest_zone,FZ,FOREST ZONE,1
Obuasi_East,2004,0,61.5549190625,0,OBUASI EAST,forest_zone,FZ,FOREST ZONE,1
Obuasi_East,2005,0,61.5549190625,0,OBUASI EAST,forest_zone,FZ,FOREST ZONE,1
Obuasi_East,2006,0,61.5549190625,0,OBUASI EAST,forest_zone,FZ,FOREST ZONE,1
Obuasi_East,2007,0,61.5549190625,0,OBUASI EAST,forest_zone,FZ,FOREST ZONE,1
Obuasi_East,2008,0,61.5549190625,0,OBUASI EAST,forest_zone,FZ,FOREST ZONE,1
Obuasi_East,2009,0,61.5549190625,0,OBUASI EAST,forest_zone,FZ,FOREST ZONE,1
Obuasi_East,2010,0,61.5549190625,0,OBUASI EAST,forest_zone,FZ,FOREST ZONE,1
Obuasi_East,2011,0,61.5549190625,0,OBUASI EAST,forest_zone,FZ,FOREST ZONE,1
Obuasi_East,2012,0,61.5549190625,0,OBUASI EAST,forest_zone,FZ,FOREST ZONE,1
Obuasi_East,2013,0,61.5549190625,0,OBUASI EAST,forest_zone,FZ,FOREST ZONE,1
Obuasi_East,2014,0,61.5549190625,0,OBUASI EAST,forest_zone,FZ,FOREST ZONE,1
Obuasi_East,2015,0,61.5549190625,0,OBUASI EAST,forest_zone,FZ,FOREST ZONE,1
Obuasi_East,2016,0,61.5549190625,0,OBUASI EAST,forest_zone,FZ,FOREST ZONE,1
Obuasi_East,2017,0,61.5549190625,0,OBUASI EAST,forest_zone,FZ,FOREST ZONE,1
Obuasi_East,2018,0,61.5549190625,0,OBUASI EAST,forest_zone,FZ,FOREST ZONE,1
Obuasi_East,2019,0,61.5549190625,0,OBUASI EAST,forest_zone,FZ,FOREST ZONE,1
Obuasi_East,2020,0,61.5549190625,0,OBUASI EAST,forest_zone,FZ,FOREST ZONE,1
Obuasi_East,2021,0,61.5549190625,0,OBUASI EAST,forest_zone,FZ,FOREST ZONE,1
Obuasi_East,2022,0,61.5549190625,0,OBUASI EAST,forest_zone,FZ,FOREST ZONE,1
Obuasi_East,2023,0,61.5549190625,0,OBUASI EAST,forest_zone,FZ,FOREST ZONE,1
Obuasi_East,2024,0,61.5549190625,0,OBUASI EAST,forest_zone,FZ,FOREST ZONE,1
Obuasi_Municipal,2001,0,86.775401671875,0,OBUASI MUNICIPAL,forest_zone,FZ,FOREST ZONE,1
Obuasi_Municipal,2002,0,86.775401671875,0,OBUASI MUNICIPAL,forest_zone,FZ,FOREST ZONE,1
Obuasi_Municipal,2003,0,86.775401671875,0,OBUASI MUNICIPAL,forest_zone,FZ,FOREST ZONE,1
Obuasi_Municipal,2004,0,86.775401671875,0,OBUASI MUNICIPAL,forest_zone,FZ,FOREST ZONE,1
Obuasi_Municipal,2005,0,86.775401671875,0,OBUASI MUNICIPAL,forest_zone,FZ,FOREST ZONE,1
Obuasi_Municipal,2006,0,86.775401671875,0,OBUASI MUNICIPAL,forest_zone,FZ,FOREST ZONE,1
Obuasi_Municipal,2007,0,86.775401671875,0,OBUASI MUNICIPAL,forest_zone,FZ,FOREST ZONE,1
Obuasi_Municipal,2008,0,86.775401671875,0,OBUASI MUNICIPAL,forest_zone,FZ,FOREST ZONE,1
Obuasi_Municipal,2009,0,86.775401671875,0,OBUASI MUNICIPAL,forest_zone,FZ,FOREST ZONE,1
Obuasi_Municipal,2010,0,86.775401671875,0,OBUASI MUNICIPAL,forest_zone,FZ,FOREST ZONE,1
Obuasi_Municipal,2011,0,86.775401671875,0,OBUASI MUNICIPAL,forest_zone,FZ,FOREST ZONE,1
Obuasi_Municipal,2012,0,86.775401671875,0,OBUASI MUNICIPAL,forest_zone,FZ,FOREST ZONE,1
Obuasi_Municipal,2013,0,86.775401671875,0,OBUASI MUNICIPAL,forest_zone,FZ,FOREST ZONE,1
Obuasi_Municipal,2014,0,86.775401671875,0,OBUASI MUNICIPAL,forest_zone,FZ,FOREST ZONE,1
Obuasi_Municipal,2015,0,86.775401671875,0,OBUASI MUNICIPAL,forest_zone,FZ,FOREST ZONE,1
Obuasi_Municipal,2016,1.4961286875,86.775401671875,1.72413916694656,OBUASI MUNICIPAL,forest_zone,FZ,FOREST ZONE,1
Obuasi_Municipal,2017,0,86.775401671875,0,OBUASI MUNICIPAL,forest_zone,FZ,FOREST ZONE,1
Obuasi_Municipal,2018,0,86.775401671875,0,OBUASI MUNICIPAL,forest_zone,FZ,FOREST ZONE,1
Obuasi_Municipal,2019,0,86.775401671875,0,OBUASI MUNICIPAL,forest_zone,FZ,FOREST ZONE,1
Obuasi_Municipal,2020,0,86.775401671875,0,OBUASI MUNICIPAL,forest_zone,FZ,FOREST ZONE,1
Obuasi_Municipal,2021,0,86.775401671875,0,OBUASI MUNICIPAL,forest_zone,FZ,FOREST ZONE,1
Obuasi_Municipal,2022,0,86.775401671875,0,OBUASI MUNICIPAL,forest_zone,FZ,FOREST ZONE,1
Obuasi_Municipal,2023,0,86.775401671875,0,OBUASI MUNICIPAL,forest_zone,FZ,FOREST ZONE,1
Obuasi_Municipal,2024,0,86.775401671875,0,OBUASI MUNICIPAL,forest_zone,FZ,FOREST ZONE,1
Offinso_Municipal,2001,2.3511910625,495.241420875002,0.474756545675414,OFFINSO MUNICIPAL,forest_zone,FZ,FOREST ZONE,0.999999999052258
Offinso_Municipal,2002,0,495.241420875002,0,OFFINSO MUNICIPAL,forest_zone,FZ,FOREST ZONE,0.999999999052258
Offinso_Municipal,2003,1.068723140625,495.241420875002,0.21579841579825,OFFINSO MUNICIPAL,forest_zone,FZ,FOREST ZONE,0.999999999052258
Offinso_Municipal,2004,0,495.241420875002,0,OFFINSO MUNICIPAL,forest_zone,FZ,FOREST ZONE,0.999999999052258
Offinso_Municipal,2005,0.8549748125,495.241420875002,0.172637985528233,OFFINSO MUNICIPAL,forest_zone,FZ,FOREST ZONE,0.999999999052258
Offinso_Municipal,2006,8.76341521875,495.241420875002,1.76952388256754,OFFINSO MUNICIPAL,forest_zone,FZ,FOREST ZONE,0.999999999052258
Offinso_Municipal,2007,3.633652078125,495.241420875002,0.733713281030692,OFFINSO MUNICIPAL,forest_zone,FZ,FOREST ZONE,0.999999999052258
Offinso_Municipal,2008,0,495.241420875002,0,OFFINSO MUNICIPAL,forest_zone,FZ,FOREST ZONE,0.999999999052258
Offinso_Municipal,2009,0.2137445625,495.241420875002,0.0431596699085371,OFFINSO MUNICIPAL,forest_zone,FZ,FOREST ZONE,0.999999999052258
Offinso_Municipal,2010,1.496211203125,495.241420875002,0.302117541073496,OFFINSO MUNICIPAL,forest_zone,FZ,FOREST ZONE,0.999999999052258
Offinso_Municipal,2011,0,495.241420875002,0,OFFINSO MUNICIPAL,forest_zone,FZ,FOREST ZONE,0.999999999052258
Offinso_Municipal,2012,37.4052565312499,495.241420875002,7.55293377221185,OFFINSO MUNICIPAL,forest_zone,FZ,FOREST ZONE,0.999999999052258
Offinso_Municipal,2013,2.778676078125,495.241420875002,0.561075055720416,OFFINSO MUNICIPAL,forest_zone,FZ,FOREST ZONE,0.999999999052258
Offinso_Municipal,2014,1.709953546875,495.241420875002,0.345276762968215,OFFINSO MUNICIPAL,forest_zone,FZ,FOREST ZONE,0.999999999052258
Offinso_Municipal,2015,30.779167953125,495.241420875002,6.21498256319993,OFFINSO MUNICIPAL,forest_zone,FZ,FOREST ZONE,0.999999999052258
Offinso_Municipal,2016,42.10760584375,495.241420875002,8.50244023800624,OFFINSO MUNICIPAL,forest_zone,FZ,FOREST ZONE,0.999999999052258
Offinso_Municipal,2017,0.641232953125,495.241420875002,0.129478861439347,OFFINSO MUNICIPAL,forest_zone,FZ,FOREST ZONE,0.999999999052258
Offinso_Municipal,2018,42.748845765625,495.241420875002,8.63192050658757,OFFINSO MUNICIPAL,forest_zone,FZ,FOREST ZONE,0.999999999052258
Offinso_Municipal,2019,47.451234265625,495.241420875002,9.58143488518938,OFFINSO MUNICIPAL,forest_zone,FZ,FOREST ZONE,0.999999999052258
Offinso_Municipal,2020,51.0848500156251,495.241420875002,10.3151408307826,OFFINSO MUNICIPAL,forest_zone,FZ,FOREST ZONE,0.999999999052258
Offinso_Municipal,2021,7.69479621875,495.241420875002,1.55374649502351,OFFINSO MUNICIPAL,forest_zone,FZ,FOREST ZONE,0.999999999052258
Offinso_Municipal,2022,24.36684453125,495.241420875002,4.92019518242197,OFFINSO MUNICIPAL,forest_zone,FZ,FOREST ZONE,0.999999999052258
Offinso_Municipal,2023,8.763517875,495.241420875002,1.76954461109421,OFFINSO MUNICIPAL,forest_zone,FZ,FOREST ZONE,0.999999999052258
Offinso_Municipal,2024,8.12228303125,495.241420875002,1.64006536789661,OFFINSO MUNICIPAL,forest_zone,FZ,FOREST ZONE,0.999999999052258
Offinso_North,2001,175.057845953125,810.522646062496,21.5981437167182,OFFINSO NORTH,transition_zone,TZ,TRANSITION ZONE,0.999999999428027
Offinso_North,2002,120.33901184375,810.522646062496,14.8470881632185,OFFINSO NORTH,transition_zone,TZ,TRANSITION ZONE,0.999999999428027
Offinso_North,2003,124.613975390625,810.522646062496,15.3745211186877,OFFINSO NORTH,transition_zone,TZ,TRANSITION ZONE,0.999999999428027
Offinso_North,2004,44.24542471875,810.522646062496,5.4588758171895,OFFINSO NORTH,transition_zone,TZ,TRANSITION ZONE,0.999999999428027
Offinso_North,2005,51.0853864531249,810.522646062496,6.30277102080945,OFFINSO NORTH,transition_zone,TZ,TRANSITION ZONE,0.999999999428027
Offinso_North,2006,20.30588671875,810.522646062496,2.50528308091028,OFFINSO NORTH,transition_zone,TZ,TRANSITION ZONE,0.999999999428027
Offinso_North,2007,57.49752328125,810.522646062496,7.09388239311658,OFFINSO NORTH,transition_zone,TZ,TRANSITION ZONE,0.999999999428027
Offinso_North,2008,81.651031640625,810.522646062496,10.0738741893622,OFFINSO NORTH,transition_zone,TZ,TRANSITION ZONE,0.999999999428027
Offinso_North,2009,47.879175859375,810.522646062496,5.90719779292672,OFFINSO NORTH,transition_zone,TZ,TRANSITION ZONE,0.999999999428027
Offinso_North,2010,55.360235046875,810.522646062496,6.83018979368609,OFFINSO NORTH,transition_zone,TZ,TRANSITION ZONE,0.999999999428027
Offinso_North,2011,2.137453578125,810.522646062496,0.263712999076424,OFFINSO NORTH,transition_zone,TZ,TRANSITION ZONE,0.999999999428027
Offinso_North,2012,150.47645546875,810.522646062496,18.5653610296716,OFFINSO NORTH,transition_zone,TZ,TRANSITION ZONE,0.999999999428027
Offinso_North,2013,16.030936859375,810.522646062496,1.9778518141662,OFFINSO NORTH,transition_zone,TZ,TRANSITION ZONE,0.999999999428027
Offinso_North,2014,22.22951984375,810.522646062496,2.74261551503102,OFFINSO NORTH,transition_zone,TZ,TRANSITION ZONE,0.999999999428027
Offinso_North,2015,36.978070015625,810.522646062496,4.56225007348823,OFFINSO NORTH,transition_zone,TZ,TRANSITION ZONE,0.999999999428027
Offinso_North,2016,115.208213984375,810.522646062496,14.2140647820335,OFFINSO NORTH,transition_zone,TZ,TRANSITION ZONE,0.999999999428027
Offinso_North,2017,21.37451553125,810.522646062496,2.63712749237631,OFFINSO NORTH,transition_zone,TZ,TRANSITION ZONE,0.999999999428027
Offinso_North,2018,83.787908234375,810.522646062496,10.3375160017324,OFFINSO NORTH,transition_zone,TZ,TRANSITION ZONE,0.999999999428027
Offinso_North,2019,41.680332015625,810.522646062496,5.14240190796732,OFFINSO NORTH,transition_zone,TZ,TRANSITION ZONE,0.999999999428027
Offinso_North,2020,115.84940246875,810.522646062496,14.293172810352,OFFINSO NORTH,transition_zone,TZ,TRANSITION ZONE,0.999999999428027
Offinso_North,2021,22.015699125,810.522646062496,2.71623491730328,OFFINSO NORTH,transition_zone,TZ,TRANSITION ZONE,0.999999999428027
Offinso_North,2022,93.833681015625,810.522646062496,11.5769351382676,OFFINSO NORTH,transition_zone,TZ,TRANSITION ZONE,0.999999999428027
Offinso_North,2023,58.99335278125,810.522646062496,7.27843362154514,OFFINSO NORTH,transition_zone,TZ,TRANSITION ZONE,0.999999999428027
Offinso_North,2024,84.4289733125,810.522646062496,10.4166088045355,OFFINSO NORTH,transition_zone,TZ,TRANSITION ZONE,0.999999999428027
Oforikrom_Municipal,2001,0,6.19839225,0,OFORIKROM MUNICIPAL,forest_zone,FZ,FOREST ZONE,1
Oforikrom_Municipal,2002,0,6.19839225,0,OFORIKROM MUNICIPAL,forest_zone,FZ,FOREST ZONE,1
Oforikrom_Municipal,2003,0,6.19839225,0,OFORIKROM MUNICIPAL,forest_zone,FZ,FOREST ZONE,1
Oforikrom_Municipal,2004,0,6.19839225,0,OFORIKROM MUNICIPAL,forest_zone,FZ,FOREST ZONE,1
Oforikrom_Municipal,2005,0,6.19839225,0,OFORIKROM MUNICIPAL,forest_zone,FZ,FOREST ZONE,1
Oforikrom_Municipal,2006,0,6.19839225,0,OFORIKROM MUNICIPAL,forest_zone,FZ,FOREST ZONE,1
Oforikrom_Municipal,2007,0,6.19839225,0,OFORIKROM MUNICIPAL,forest_zone,FZ,FOREST ZONE,1
Oforikrom_Municipal,2008,0,6.19839225,0,OFORIKROM MUNICIPAL,forest_zone,FZ,FOREST ZONE,1
Oforikrom_Municipal,2009,0,6.19839225,0,OFORIKROM MUNICIPAL,forest_zone,FZ,FOREST ZONE,1
Oforikrom_Municipal,2010,0,6.19839225,0,OFORIKROM MUNICIPAL,forest_zone,FZ,FOREST ZONE,1
Oforikrom_Municipal,2011,0,6.19839225,0,OFORIKROM MUNICIPAL,forest_zone,FZ,FOREST ZONE,1
Oforikrom_Municipal,2012,0,6.19839225,0,OFORIKROM MUNICIPAL,forest_zone,FZ,FOREST ZONE,1
Oforikrom_Municipal,2013,0,6.19839225,0,OFORIKROM MUNICIPAL,forest_zone,FZ,FOREST ZONE,1
Oforikrom_Municipal,2014,0,6.19839225,0,OFORIKROM MUNICIPAL,forest_zone,FZ,FOREST ZONE,1
Oforikrom_Municipal,2015,0,6.19839225,0,OFORIKROM MUNICIPAL,forest_zone,FZ,FOREST ZONE,1
Oforikrom_Municipal,2016,0,6.19839225,0,OFORIKROM MUNICIPAL,forest_zone,FZ,FOREST ZONE,1
Oforikrom_Municipal,2017,0,6.19839225,0,OFORIKROM MUNICIPAL,forest_zone,FZ,FOREST ZONE,1
Oforikrom_Municipal,2018,0,6.19839225,0,OFORIKROM MUNICIPAL,forest_zone,FZ,FOREST ZONE,1
Oforikrom_Municipal,2019,0,6.19839225,0,OFORIKROM MUNICIPAL,forest_zone,FZ,FOREST ZONE,1
Oforikrom_Municipal,2020,0,6.19839225,0,OFORIKROM MUNICIPAL,forest_zone,FZ,FOREST ZONE,1
Oforikrom_Municipal,2021,0,6.19839225,0,OFORIKROM MUNICIPAL,forest_zone,FZ,FOREST ZONE,1
Oforikrom_Municipal,2022,0,6.19839225,0,OFORIKROM MUNICIPAL,forest_zone,FZ,FOREST ZONE,1
Oforikrom_Municipal,2023,0,6.19839225,0,OFORIKROM MUNICIPAL,forest_zone,FZ,FOREST ZONE,1
Oforikrom_Municipal,2024,0,6.19839225,0,OFORIKROM MUNICIPAL,forest_zone,FZ,FOREST ZONE,1
Okaikwei_North_Municipal,2001,0,5.1294415,0,OKAIKWEI NORTH MUNICIPAL,coastal_zone,CZ,COASTAL ZONE,1
Okaikwei_North_Municipal,2002,0,5.1294415,0,OKAIKWEI NORTH MUNICIPAL,coastal_zone,CZ,COASTAL ZONE,1
Okaikwei_North_Municipal,2003,0,5.1294415,0,OKAIKWEI NORTH MUNICIPAL,coastal_zone,CZ,COASTAL ZONE,1
Okaikwei_North_Municipal,2004,0,5.1294415,0,OKAIKWEI NORTH MUNICIPAL,coastal_zone,CZ,COASTAL ZONE,1
Okaikwei_North_Municipal,2005,0,5.1294415,0,OKAIKWEI NORTH MUNICIPAL,coastal_zone,CZ,COASTAL ZONE,1
Okaikwei_North_Municipal,2006,0,5.1294415,0,OKAIKWEI NORTH MUNICIPAL,coastal_zone,CZ,COASTAL ZONE,1
Okaikwei_North_Municipal,2007,0.427453640625,5.1294415,8.33333688716403,OKAIKWEI NORTH MUNICIPAL,coastal_zone,CZ,COASTAL ZONE,1
Okaikwei_North_Municipal,2008,0,5.1294415,0,OKAIKWEI NORTH MUNICIPAL,coastal_zone,CZ,COASTAL ZONE,1
Okaikwei_North_Municipal,2009,0,5.1294415,0,OKAIKWEI NORTH MUNICIPAL,coastal_zone,CZ,COASTAL ZONE,1
Okaikwei_North_Municipal,2010,0,5.1294415,0,OKAIKWEI NORTH MUNICIPAL,coastal_zone,CZ,COASTAL ZONE,1
Okaikwei_North_Municipal,2011,0,5.1294415,0,OKAIKWEI NORTH MUNICIPAL,coastal_zone,CZ,COASTAL ZONE,1
Okaikwei_North_Municipal,2012,0,5.1294415,0,OKAIKWEI NORTH MUNICIPAL,coastal_zone,CZ,COASTAL ZONE,1
Okaikwei_North_Municipal,2013,0,5.1294415,0,OKAIKWEI NORTH MUNICIPAL,coastal_zone,CZ,COASTAL ZONE,1
Okaikwei_North_Municipal,2014,0,5.1294415,0,OKAIKWEI NORTH MUNICIPAL,coastal_zone,CZ,COASTAL ZONE,1
Okaikwei_North_Municipal,2015,0,5.1294415,0,OKAIKWEI NORTH MUNICIPAL,coastal_zone,CZ,COASTAL ZONE,1
Okaikwei_North_Municipal,2016,0,5.1294415,0,OKAIKWEI NORTH MUNICIPAL,coastal_zone,CZ,COASTAL ZONE,1
Okaikwei_North_Municipal,2017,0,5.1294415,0,OKAIKWEI NORTH MUNICIPAL,coastal_zone,CZ,COASTAL ZONE,1
Okaikwei_North_Municipal,2018,0,5.1294415,0,OKAIKWEI NORTH MUNICIPAL,coastal_zone,CZ,COASTAL ZONE,1
Okaikwei_North_Municipal,2019,0,5.1294415,0,OKAIKWEI NORTH MUNICIPAL,coastal_zone,CZ,COASTAL ZONE,1
Okaikwei_North_Municipal,2020,0,5.1294415,0,OKAIKWEI NORTH MUNICIPAL,coastal_zone,CZ,COASTAL ZONE,1
Okaikwei_North_Municipal,2021,0,5.1294415,0,OKAIKWEI NORTH MUNICIPAL,coastal_zone,CZ,COASTAL ZONE,1
Okaikwei_North_Municipal,2022,0,5.1294415,0,OKAIKWEI NORTH MUNICIPAL,coastal_zone,CZ,COASTAL ZONE,1
Okaikwei_North_Municipal,2023,0,5.1294415,0,OKAIKWEI NORTH MUNICIPAL,coastal_zone,CZ,COASTAL ZONE,1
Okaikwei_North_Municipal,2024,0,5.1294415,0,OKAIKWEI NORTH MUNICIPAL,coastal_zone,CZ,COASTAL ZONE,1
Okere,2001,1.282388078125,263.316571859375,0.487013813475387,OKERE,forest_zone,FZ,FOREST ZONE,0.999999999956142
Okere,2002,0.213731453125,263.316571859375,0.0811690094610315,OKERE,forest_zone,FZ,FOREST ZONE,0.999999999956142
Okere,2003,5.12954425,263.316571859375,1.94805219199779,OKERE,forest_zone,FZ,FOREST ZONE,0.999999999956142
Okere,2004,26.502610609375,263.316571859375,10.0649231539931,OKERE,forest_zone,FZ,FOREST ZONE,0.999999999956142
Okere,2005,0.427463015625,263.316571859375,0.162338060459517,OKERE,forest_zone,FZ,FOREST ZONE,0.999999999956142
Okere,2006,17.098474265625,263.316571859375,6.4935048124341,OKERE,forest_zone,FZ,FOREST ZONE,0.999999999956142
Okere,2007,17.953399953125,263.316571859375,6.81818080280685,OKERE,forest_zone,FZ,FOREST ZONE,0.999999999956142
Okere,2008,6.839396625,263.316571859375,2.5974045525143,OKERE,forest_zone,FZ,FOREST ZONE,0.999999999956142
Okere,2009,15.8160923125,263.316571859375,6.00649332505614,OKERE,forest_zone,FZ,FOREST ZONE,0.999999999956142
Okere,2010,1.49611834375,263.316571859375,0.568182371958346,OKERE,forest_zone,FZ,FOREST ZONE,0.999999999956142
Okere,2011,8.9767014375,263.316571859375,3.40909095622513,OKERE,forest_zone,FZ,FOREST ZONE,0.999999999956142
Okere,2012,9.40419290625001,263.316571859375,3.57143982235662,OKERE,forest_zone,FZ,FOREST ZONE,0.999999999956142
Okere,2013,0.854924890625,263.316571859375,0.324675687742728,OKERE,forest_zone,FZ,FOREST ZONE,0.999999999956142
Okere,2014,2.351042875,263.316571859375,0.892857923220868,OKERE,forest_zone,FZ,FOREST ZONE,0.999999999956142
Okere,2015,1.7098488125,263.316571859375,0.649351007582291,OKERE,forest_zone,FZ,FOREST ZONE,0.999999999956142
Okere,2016,10.90027571875,263.316571859375,4.13960870057633,OKERE,forest_zone,FZ,FOREST ZONE,0.999999999956142
Okere,2017,1.92357628125,263.316571859375,0.730518503893211,OKERE,forest_zone,FZ,FOREST ZONE,0.999999999956142
Okere,2018,4.274622078125,263.316571859375,1.62337753675749,OKERE,forest_zone,FZ,FOREST ZONE,0.999999999956142
Okere,2019,0,263.316571859375,0,OKERE,forest_zone,FZ,FOREST ZONE,0.999999999956142
Okere,2020,57.279938671875,263.316571859375,21.7532600654035,OKERE,forest_zone,FZ,FOREST ZONE,0.999999999956142
Okere,2021,0.2137315,263.316571859375,0.0811690272627975,OKERE,forest_zone,FZ,FOREST ZONE,0.999999999956142
Okere,2022,10.045361390625,263.316571859375,3.81493702416487,OKERE,forest_zone,FZ,FOREST ZONE,0.999999999956142
Okere,2023,0,263.316571859375,0,OKERE,forest_zone,FZ,FOREST ZONE,0.999999999956142
Okere,2024,0.854921828125,263.316571859375,0.324674524694015,OKERE,forest_zone,FZ,FOREST ZONE,0.999999999956142
Prestea_Huni_Valley,2001,0,1534.97321803127,0,PRESTEA/HUNI VALLEY,forest_zone,FZ,FOREST ZONE,0.999999999627817
Prestea_Huni_Valley,2002,0,1534.97321803127,0,PRESTEA/HUNI VALLEY,forest_zone,FZ,FOREST ZONE,0.999999999627817
Prestea_Huni_Valley,2003,0,1534.97321803127,0,PRESTEA/HUNI VALLEY,forest_zone,FZ,FOREST ZONE,0.999999999627817
Prestea_Huni_Valley,2004,0,1534.97321803127,0,PRESTEA/HUNI VALLEY,forest_zone,FZ,FOREST ZONE,0.999999999627817
Prestea_Huni_Valley,2005,0,1534.97321803127,0,PRESTEA/HUNI VALLEY,forest_zone,FZ,FOREST ZONE,0.999999999627817
Prestea_Huni_Valley,2006,0.64117790625,1534.97321803127,0.0417712764443123,PRESTEA/HUNI VALLEY,forest_zone,FZ,FOREST ZONE,0.999999999627817
Prestea_Huni_Valley,2007,0.4274521875,1534.97321803127,0.0278475339164707,PRESTEA/HUNI VALLEY,forest_zone,FZ,FOREST ZONE,0.999999999627817
Prestea_Huni_Valley,2008,0,1534.97321803127,0,PRESTEA/HUNI VALLEY,forest_zone,FZ,FOREST ZONE,0.999999999627817
Prestea_Huni_Valley,2009,0,1534.97321803127,0,PRESTEA/HUNI VALLEY,forest_zone,FZ,FOREST ZONE,0.999999999627817
Prestea_Huni_Valley,2010,0,1534.97321803127,0,PRESTEA/HUNI VALLEY,forest_zone,FZ,FOREST ZONE,0.999999999627817
Prestea_Huni_Valley,2011,0,1534.97321803127,0,PRESTEA/HUNI VALLEY,forest_zone,FZ,FOREST ZONE,0.999999999627817
Prestea_Huni_Valley,2012,2.350965078125,1534.97321803127,0.153160006344625,PRESTEA/HUNI VALLEY,forest_zone,FZ,FOREST ZONE,0.999999999627817
Prestea_Huni_Valley,2013,1.282345296875,1534.97321803127,0.0835418678196686,PRESTEA/HUNI VALLEY,forest_zone,FZ,FOREST ZONE,0.999999999627817
Prestea_Huni_Valley,2014,0,1534.97321803127,0,PRESTEA/HUNI VALLEY,forest_zone,FZ,FOREST ZONE,0.999999999627817
Prestea_Huni_Valley,2015,1.068621875,1534.97321803127,0.0696182749279882,PRESTEA/HUNI VALLEY,forest_zone,FZ,FOREST ZONE,0.999999999627817
Prestea_Huni_Valley,2016,0,1534.97321803127,0,PRESTEA/HUNI VALLEY,forest_zone,FZ,FOREST ZONE,0.999999999627817
Prestea_Huni_Valley,2017,0,1534.97321803127,0,PRESTEA/HUNI VALLEY,forest_zone,FZ,FOREST ZONE,0.999999999627817
Prestea_Huni_Valley,2018,0,1534.97321803127,0,PRESTEA/HUNI VALLEY,forest_zone,FZ,FOREST ZONE,0.999999999627817
Prestea_Huni_Valley,2019,0,1534.97321803127,0,PRESTEA/HUNI VALLEY,forest_zone,FZ,FOREST ZONE,0.999999999627817
Prestea_Huni_Valley,2020,0,1534.97321803127,0,PRESTEA/HUNI VALLEY,forest_zone,FZ,FOREST ZONE,0.999999999627817
Prestea_Huni_Valley,2021,0,1534.97321803127,0,PRESTEA/HUNI VALLEY,forest_zone,FZ,FOREST ZONE,0.999999999627817
Prestea_Huni_Valley,2022,0,1534.97321803127,0,PRESTEA/HUNI VALLEY,forest_zone,FZ,FOREST ZONE,0.999999999627817
Prestea_Huni_Valley,2023,10.0450393125,1534.97321803127,0.654411373078129,PRESTEA/HUNI VALLEY,forest_zone,FZ,FOREST ZONE,0.999999999627817
Prestea_Huni_Valley,2024,0,1534.97321803127,0,PRESTEA/HUNI VALLEY,forest_zone,FZ,FOREST ZONE,0.999999999627817
Pru_East,2001,440.338261078125,1277.62194410939,34.4654585112873,PRU EAST,guinea_savannah,GS,GUINEA SAVANNAH,0.99999999979027
Pru_East,2002,369.798932171875,1277.62194410939,28.944315951747,PRU EAST,guinea_savannah,GS,GUINEA SAVANNAH,0.99999999979027
Pru_East,2003,421.95576878125,1277.62194410939,33.0266532072904,PRU EAST,guinea_savannah,GS,GUINEA SAVANNAH,0.99999999979027
Pru_East,2004,329.39887596875,1277.62194410939,25.7821867797025,PRU EAST,guinea_savannah,GS,GUINEA SAVANNAH,0.99999999979027
Pru_East,2005,625.87838325,1277.62194410939,48.9877609049905,PRU EAST,guinea_savannah,GS,GUINEA SAVANNAH,0.99999999979027
Pru_East,2006,429.864055,1277.62194410939,33.6456380529415,PRU EAST,guinea_savannah,GS,GUINEA SAVANNAH,0.99999999979027
Pru_East,2007,411.480929187499,1277.62194410939,32.2067831634135,PRU EAST,guinea_savannah,GS,GUINEA SAVANNAH,0.99999999979027
Pru_East,2008,302.037467374999,1277.62194410939,23.6405979693426,PRU EAST,guinea_savannah,GS,GUINEA SAVANNAH,0.99999999979027
Pru_East,2009,231.71242584375,1277.62194410939,18.1362277716099,PRU EAST,guinea_savannah,GS,GUINEA SAVANNAH,0.99999999979027
Pru_East,2010,222.09257934375,1277.62194410939,17.3832783921512,PRU EAST,guinea_savannah,GS,GUINEA SAVANNAH,0.99999999979027
Pru_East,2011,453.591031953125,1277.62194410939,35.5027583898706,PRU EAST,guinea_savannah,GS,GUINEA SAVANNAH,0.99999999979027
Pru_East,2012,327.048292546876,1277.62194410939,25.5982056393729,PRU EAST,guinea_savannah,GS,GUINEA SAVANNAH,0.99999999979027
Pru_East,2013,347.140282281249,1277.62194410939,27.1708140175406,PRU EAST,guinea_savannah,GS,GUINEA SAVANNAH,0.99999999979027
Pru_East,2014,395.235657828125,1277.62194410939,30.9352590295118,PRU EAST,guinea_savannah,GS,GUINEA SAVANNAH,0.99999999979027
Pru_East,2015,488.219371890626,1277.62194410939,38.213132933542,PRU EAST,guinea_savannah,GS,GUINEA SAVANNAH,0.99999999979027
Pru_East,2016,287.28839959375,1277.62194410939,22.4861823106845,PRU EAST,guinea_savannah,GS,GUINEA SAVANNAH,0.99999999979027
Pru_East,2017,330.681325531249,1277.62194410939,25.8825646393982,PRU EAST,guinea_savannah,GS,GUINEA SAVANNAH,0.99999999979027
Pru_East,2018,356.118106406249,1277.62194410939,27.8735120391575,PRU EAST,guinea_savannah,GS,GUINEA SAVANNAH,0.99999999979027
Pru_East,2019,237.910770484375,1277.62194410939,18.621374780019,PRU EAST,guinea_savannah,GS,GUINEA SAVANNAH,0.99999999979027
Pru_East,2020,284.296085109375,1277.62194410939,22.2519726136634,PRU EAST,guinea_savannah,GS,GUINEA SAVANNAH,0.99999999979027
Pru_East,2021,225.0859258125,1277.62194410939,17.6175688630179,PRU EAST,guinea_savannah,GS,GUINEA SAVANNAH,0.99999999979027
Pru_East,2022,398.014236703124,1277.62194410939,31.1527395516499,PRU EAST,guinea_savannah,GS,GUINEA SAVANNAH,0.99999999979027
Pru_East,2023,215.46595903125,1277.62194410939,16.8646100690958,PRU EAST,guinea_savannah,GS,GUINEA SAVANNAH,0.99999999979027
Pru_East,2024,259.714042546874,1277.62194410939,20.3279259364879,PRU EAST,guinea_savannah,GS,GUINEA SAVANNAH,0.99999999979027
Pru_West,2001,590.388780171874,1348.57794614061,43.7786174585949,PRU WEST,transition_zone,TZ,TRANSITION ZONE,0.99999999947973
Pru_West,2002,447.174486671874,1348.57794614061,33.1589648156124,PRU WEST,transition_zone,TZ,TRANSITION ZONE,0.99999999947973
Pru_West,2003,781.059853656249,1348.57794614061,57.9172939830065,PRU WEST,transition_zone,TZ,TRANSITION ZONE,0.99999999947973
Pru_West,2004,448.029027890625,1348.57794614061,33.2223309133004,PRU WEST,transition_zone,TZ,TRANSITION ZONE,0.99999999947973
Pru_West,2005,1195.31380501562,1348.57794614061,88.6351292067613,PRU WEST,transition_zone,TZ,TRANSITION ZONE,0.99999999947973
Pru_West,2006,1037.7782590625,1348.57794614061,76.9535244167705,PRU WEST,transition_zone,TZ,TRANSITION ZONE,0.99999999947973
Pru_West,2007,378.132493515625,1348.57794614061,28.0393502353922,PRU WEST,transition_zone,TZ,TRANSITION ZONE,0.99999999947973
Pru_West,2008,848.604748265626,1348.57794614061,62.9258954363135,PRU WEST,transition_zone,TZ,TRANSITION ZONE,0.99999999947973
Pru_West,2009,319.990550140625,1348.57794614061,23.7279981521558,PRU WEST,transition_zone,TZ,TRANSITION ZONE,0.99999999947973
Pru_West,2010,634.851079609374,1348.57794614061,47.075594067529,PRU WEST,transition_zone,TZ,TRANSITION ZONE,0.99999999947973
Pru_West,2011,981.559580562497,1348.57794614061,72.784786624425,PRU WEST,transition_zone,TZ,TRANSITION ZONE,0.99999999947973
Pru_West,2012,343.717525328125,1348.57794614061,25.4874051820129,PRU WEST,transition_zone,TZ,TRANSITION ZONE,0.99999999947973
Pru_West,2013,724.413885531249,1348.57794614061,53.7168717317669,PRU WEST,transition_zone,TZ,TRANSITION ZONE,0.99999999947973
Pru_West,2014,686.364518484375,1348.57794614061,50.8954280654394,PRU WEST,transition_zone,TZ,TRANSITION ZONE,0.99999999947973
Pru_West,2015,1116.22478995312,1348.57794614061,82.7705060095013,PRU WEST,transition_zone,TZ,TRANSITION ZONE,0.99999999947973
Pru_West,2016,477.529849437501,1348.57794614061,35.4098812607833,PRU WEST,transition_zone,TZ,TRANSITION ZONE,0.99999999947973
Pru_West,2017,638.271475312501,1348.57794614061,47.3292238790586,PRU WEST,transition_zone,TZ,TRANSITION ZONE,0.99999999947973
Pru_West,2018,595.306199671876,1348.57794614061,44.1432548541621,PRU WEST,transition_zone,TZ,TRANSITION ZONE,0.99999999947973
Pru_West,2019,558.754113156249,1348.57794614061,41.4328378092867,PRU WEST,transition_zone,TZ,TRANSITION ZONE,0.99999999947973
Pru_West,2020,800.29662059375,1348.57794614061,59.3437422645131,PRU WEST,transition_zone,TZ,TRANSITION ZONE,0.99999999947973
Pru_West,2021,262.277334640625,1348.57794614061,19.4484371771921,PRU WEST,transition_zone,TZ,TRANSITION ZONE,0.99999999947973
Pru_West,2022,842.835073156246,1348.57794614061,62.498061425985,PRU WEST,transition_zone,TZ,TRANSITION ZONE,0.99999999947973
Pru_West,2023,472.611992734376,1348.57794614061,35.0452114456496,PRU WEST,transition_zone,TZ,TRANSITION ZONE,0.99999999947973
Pru_West,2024,670.548624249999,1348.57794614061,49.722644966054,PRU WEST,transition_zone,TZ,TRANSITION ZONE,0.99999999947973
Pusiga,2001,1.282824515625,218.294597140626,0.587657474087003,PUSIGA,sudan_savannah,SS,SUDAN SAVANNAH,0.999999998291
Pusiga,2002,0,218.294597140626,0,PUSIGA,sudan_savannah,SS,SUDAN SAVANNAH,0.999999998291
Pusiga,2003,0.427607234375,218.294597140626,0.19588539523016,PUSIGA,sudan_savannah,SS,SUDAN SAVANNAH,0.999999998291
Pusiga,2004,0.213803578125,218.294597140626,0.0979426797206839,PUSIGA,sudan_savannah,SS,SUDAN SAVANNAH,0.999999998291
Pusiga,2005,0.213804046875,218.294597140626,0.0979428944534377,PUSIGA,sudan_savannah,SS,SUDAN SAVANNAH,0.999999998291
Pusiga,2006,0,218.294597140626,0,PUSIGA,sudan_savannah,SS,SUDAN SAVANNAH,0.999999998291
Pusiga,2007,0,218.294597140626,0,PUSIGA,sudan_savannah,SS,SUDAN SAVANNAH,0.999999998291
Pusiga,2008,0,218.294597140626,0,PUSIGA,sudan_savannah,SS,SUDAN SAVANNAH,0.999999998291
Pusiga,2009,7.9107595,218.294597140626,3.62389156837623,PUSIGA,sudan_savannah,SS,SUDAN SAVANNAH,0.999999998291
Pusiga,2010,1.28283709375,218.294597140626,0.587663236082566,PUSIGA,sudan_savannah,SS,SUDAN SAVANNAH,0.999999998291
Pusiga,2011,0,218.294597140626,0,PUSIGA,sudan_savannah,SS,SUDAN SAVANNAH,0.999999998291
Pusiga,2012,0,218.294597140626,0,PUSIGA,sudan_savannah,SS,SUDAN SAVANNAH,0.999999998291
Pusiga,2013,0,218.294597140626,0,PUSIGA,sudan_savannah,SS,SUDAN SAVANNAH,0.999999998291
Pusiga,2014,0,218.294597140626,0,PUSIGA,sudan_savannah,SS,SUDAN SAVANNAH,0.999999998291
Pusiga,2015,0,218.294597140626,0,PUSIGA,sudan_savannah,SS,SUDAN SAVANNAH,0.999999998291
Pusiga,2016,0,218.294597140626,0,PUSIGA,sudan_savannah,SS,SUDAN SAVANNAH,0.999999998291
Pusiga,2017,0,218.294597140626,0,PUSIGA,sudan_savannah,SS,SUDAN SAVANNAH,0.999999998291
Pusiga,2018,0,218.294597140626,0,PUSIGA,sudan_savannah,SS,SUDAN SAVANNAH,0.999999998291
Pusiga,2019,0,218.294597140626,0,PUSIGA,sudan_savannah,SS,SUDAN SAVANNAH,0.999999998291
Pusiga,2020,0,218.294597140626,0,PUSIGA,sudan_savannah,SS,SUDAN SAVANNAH,0.999999998291
Pusiga,2021,0,218.294597140626,0,PUSIGA,sudan_savannah,SS,SUDAN SAVANNAH,0.999999998291
Pusiga,2022,0,218.294597140626,0,PUSIGA,sudan_savannah,SS,SUDAN SAVANNAH,0.999999998291
Pusiga,2023,0,218.294597140626,0,PUSIGA,sudan_savannah,SS,SUDAN SAVANNAH,0.999999998291
Pusiga,2024,0,218.294597140626,0,PUSIGA,sudan_savannah,SS,SUDAN SAVANNAH,0.999999998291
Saboba,2001,751.2276495625,1504.80612657811,49.9218893579846,SABOBA,guinea_savannah,GS,GUINEA SAVANNAH,0.999999999426438
Saboba,2002,599.87172584375,1504.80612657811,39.8637216614636,SABOBA,guinea_savannah,GS,GUINEA SAVANNAH,0.999999999426438
Saboba,2003,799.543804140626,1504.80612657811,53.1326786898965,SABOBA,guinea_savannah,GS,GUINEA SAVANNAH,0.999999999426438
Saboba,2004,364.069747046875,1504.80612657811,24.193797500995,SABOBA,guinea_savannah,GS,GUINEA SAVANNAH,0.999999999426438
Saboba,2005,884.628012687499,1504.80612657811,58.7868428406201,SABOBA,guinea_savannah,GS,GUINEA SAVANNAH,0.999999999426438
Saboba,2006,492.33807825,1504.80612657811,32.7177082518638,SABOBA,guinea_savannah,GS,GUINEA SAVANNAH,0.999999999426438
Saboba,2007,644.337799921874,1504.80612657811,42.8186587322767,SABOBA,guinea_savannah,GS,GUINEA SAVANNAH,0.999999999426438
Saboba,2008,531.461362234374,1504.80612657811,35.3175969214654,SABOBA,guinea_savannah,GS,GUINEA SAVANNAH,0.999999999426438
Saboba,2009,557.541875859375,1504.80612657811,37.050744678134,SABOBA,guinea_savannah,GS,GUINEA SAVANNAH,0.999999999426438
Saboba,2010,544.929627625,1504.80612657811,36.2126135719659,SABOBA,guinea_savannah,GS,GUINEA SAVANNAH,0.999999999426438
Saboba,2011,886.124239562499,1504.80612657811,58.8862727172384,SABOBA,guinea_savannah,GS,GUINEA SAVANNAH,0.999999999426438
Saboba,2012,573.361750515625,1504.80612657811,38.1020345670331,SABOBA,guinea_savannah,GS,GUINEA SAVANNAH,0.999999999426438
Saboba,2013,831.18256040625,1504.80612657811,55.2351924760125,SABOBA,guinea_savannah,GS,GUINEA SAVANNAH,0.999999999426438
Saboba,2014,596.236371109374,1504.80612657811,39.6221387312663,SABOBA,guinea_savannah,GS,GUINEA SAVANNAH,0.999999999426438
Saboba,2015,595.809994828124,1504.80612657811,39.5938044313376,SABOBA,guinea_savannah,GS,GUINEA SAVANNAH,0.999999999426438
Saboba,2016,724.292668531249,1504.80612657811,48.1319590436723,SABOBA,guinea_savannah,GS,GUINEA SAVANNAH,0.999999999426438
Saboba,2017,1039.40757254688,1504.80612657811,69.072523974265,SABOBA,guinea_savannah,GS,GUINEA SAVANNAH,0.999999999426438
Saboba,2018,614.6233019375,1504.80612657811,40.8440191119594,SABOBA,guinea_savannah,GS,GUINEA SAVANNAH,0.999999999426438
Saboba,2019,966.719929546874,1504.80612657811,64.2421580077672,SABOBA,guinea_savannah,GS,GUINEA SAVANNAH,0.999999999426438
Saboba,2020,857.904816359374,1504.80612657811,57.0109864125969,SABOBA,guinea_savannah,GS,GUINEA SAVANNAH,0.999999999426438
Saboba,2021,770.468404453124,1504.80612657811,51.2005095437209,SABOBA,guinea_savannah,GS,GUINEA SAVANNAH,0.999999999426438
Saboba,2022,752.298034656249,1504.80612657811,49.9930204541999,SABOBA,guinea_savannah,GS,GUINEA SAVANNAH,0.999999999426438
Saboba,2023,621.677710890625,1504.80612657811,41.3128109934203,SABOBA,guinea_savannah,GS,GUINEA SAVANNAH,0.999999999426438
Saboba,2024,630.65534284375,1504.80612657811,41.9094082423656,SABOBA,guinea_savannah,GS,GUINEA SAVANNAH,0.999999999426438
Sagnerigu,2001,22.874124390625,165.890664109375,13.7886749163556,SAGNERIGU,guinea_savannah,GS,GUINEA SAVANNAH,1
Sagnerigu,2002,30.356236359375,165.890664109375,18.2989419702127,SAGNERIGU,guinea_savannah,GS,GUINEA SAVANNAH,1
Sagnerigu,2003,29.714969640625,165.890664109375,17.9123821103238,SAGNERIGU,guinea_savannah,GS,GUINEA SAVANNAH,1
Sagnerigu,2004,14.323030578125,165.890664109375,8.63401846934651,SAGNERIGU,guinea_savannah,GS,GUINEA SAVANNAH,1
Sagnerigu,2005,55.36826565625,165.890664109375,33.376360239142,SAGNERIGU,guinea_savannah,GS,GUINEA SAVANNAH,1
Sagnerigu,2006,10.47507775,165.890664109375,6.31444681124044,SAGNERIGU,guinea_savannah,GS,GUINEA SAVANNAH,1
Sagnerigu,2007,9.83373765625,165.890664109375,5.92784272041159,SAGNERIGU,guinea_savannah,GS,GUINEA SAVANNAH,1
Sagnerigu,2008,24.1567741875,165.890664109375,14.5618647783416,SAGNERIGU,guinea_savannah,GS,GUINEA SAVANNAH,1
Sagnerigu,2009,19.239937609375,165.890664109375,11.5979628586511,SAGNERIGU,guinea_savannah,GS,GUINEA SAVANNAH,1
Sagnerigu,2010,15.178160453125,165.890664109375,9.14949646781676,SAGNERIGU,guinea_savannah,GS,GUINEA SAVANNAH,1
Sagnerigu,2011,32.066588984375,165.890664109375,19.3299539528234,SAGNERIGU,guinea_savannah,GS,GUINEA SAVANNAH,1
Sagnerigu,2012,15.605703578125,165.890664109375,9.40722231833124,SAGNERIGU,guinea_savannah,GS,GUINEA SAVANNAH,1
Sagnerigu,2013,11.330190140625,165.890664109375,6.82991427001269,SAGNERIGU,guinea_savannah,GS,GUINEA SAVANNAH,1
Sagnerigu,2014,42.969133859375,165.890664109375,25.9020808012708,SAGNERIGU,guinea_savannah,GS,GUINEA SAVANNAH,1
Sagnerigu,2015,8.337304609375,165.890664109375,5.02578288786527,SAGNERIGU,guinea_savannah,GS,GUINEA SAVANNAH,1
Sagnerigu,2016,30.7838694375,165.890664109375,18.5567220450716,SAGNERIGU,guinea_savannah,GS,GUINEA SAVANNAH,1
Sagnerigu,2017,17.102121671875,165.890664109375,10.309273137034,SAGNERIGU,guinea_savannah,GS,GUINEA SAVANNAH,1
Sagnerigu,2018,4.916863203125,165.890664109375,2.96391796941823,SAGNERIGU,guinea_savannah,GS,GUINEA SAVANNAH,1
Sagnerigu,2019,10.90262028125,165.890664109375,6.57217230383845,SAGNERIGU,guinea_savannah,GS,GUINEA SAVANNAH,1
Sagnerigu,2020,16.88837259375,165.890664109375,10.1804237655081,SAGNERIGU,guinea_savannah,GS,GUINEA SAVANNAH,1
Sagnerigu,2021,13.254193328125,165.890664109375,7.98971623827262,SAGNERIGU,guinea_savannah,GS,GUINEA SAVANNAH,1
Sagnerigu,2022,21.591437703125,165.890664109375,13.0154628164545,SAGNERIGU,guinea_savannah,GS,GUINEA SAVANNAH,1
Sagnerigu,2023,15.391925171875,165.890664109375,9.2783552676158,SAGNERIGU,guinea_savannah,GS,GUINEA SAVANNAH,1
Sagnerigu,2024,3.20665909375,165.890664109375,1.93299551301802,SAGNERIGU,guinea_savannah,GS,GUINEA SAVANNAH,1
Savelugu,2001,446.595677999999,1326.52458009374,33.6665965110455,SAVELUGU,guinea_savannah,GS,GUINEA SAVANNAH,1
Savelugu,2002,449.160757578125,1326.52458009374,33.8599649277803,SAVELUGU,guinea_savannah,GS,GUINEA SAVANNAH,1
Savelugu,2003,396.784725234376,1326.52458009374,29.9115999197193,SAVELUGU,guinea_savannah,GS,GUINEA SAVANNAH,1
Savelugu,2004,299.940290453125,1326.52458009374,22.6109862534119,SAVELUGU,guinea_savannah,GS,GUINEA SAVANNAH,1
Savelugu,2005,669.998760843751,1326.52458009374,50.5078285693286,SAVELUGU,guinea_savannah,GS,GUINEA SAVANNAH,1
Savelugu,2006,446.596029406248,1326.52458009374,33.6666230017909,SAVELUGU,guinea_savannah,GS,GUINEA SAVANNAH,1
Savelugu,2007,356.378638265625,1326.52458009374,26.8655887432136,SAVELUGU,guinea_savannah,GS,GUINEA SAVANNAH,1
Savelugu,2008,361.081440656251,1326.52458009374,27.2201093047771,SAVELUGU,guinea_savannah,GS,GUINEA SAVANNAH,1
Savelugu,2009,381.391121453125,1326.52458009374,28.7511537423735,SAVELUGU,guinea_savannah,GS,GUINEA SAVANNAH,1
Savelugu,2010,400.844668875,1326.52458009374,30.2176586012959,SAVELUGU,guinea_savannah,GS,GUINEA SAVANNAH,1
Savelugu,2011,833.115962906251,1326.52458009374,62.8044120258502,SAVELUGU,guinea_savannah,GS,GUINEA SAVANNAH,1
Savelugu,2012,459.849507453125,1326.52458009374,34.6657358901431,SAVELUGU,guinea_savannah,GS,GUINEA SAVANNAH,1
Savelugu,2013,594.31928378125,1326.52458009374,44.8027343556086,SAVELUGU,guinea_savannah,GS,GUINEA SAVANNAH,1
Savelugu,2014,611.849300218748,1326.52458009374,46.1242339117088,SAVELUGU,guinea_savannah,GS,GUINEA SAVANNAH,1
Savelugu,2015,582.561034046873,1326.52458009374,43.9163391910692,SAVELUGU,guinea_savannah,GS,GUINEA SAVANNAH,1
Savelugu,2016,662.303413078125,1326.52458009374,49.927715099808,SAVELUGU,guinea_savannah,GS,GUINEA SAVANNAH,1
Savelugu,2017,633.227245343751,1326.52458009374,47.7358094110102,SAVELUGU,guinea_savannah,GS,GUINEA SAVANNAH,1
Savelugu,2018,295.022436359375,1326.52458009374,22.2402540282011,SAVELUGU,guinea_savannah,GS,GUINEA SAVANNAH,1
Savelugu,2019,579.139854156248,1326.52458009374,43.6584336880756,SAVELUGU,guinea_savannah,GS,GUINEA SAVANNAH,1
Savelugu,2020,825.845438515625,1326.52458009374,62.2563238486894,SAVELUGU,guinea_savannah,GS,GUINEA SAVANNAH,1
Savelugu,2021,683.040624500001,1326.52458009374,51.4909889156924,SAVELUGU,guinea_savannah,GS,GUINEA SAVANNAH,1
Savelugu,2022,612.48927675,1326.52458009374,46.1724785157557,SAVELUGU,guinea_savannah,GS,GUINEA SAVANNAH,1
Savelugu,2023,608.000439187499,1326.52458009374,45.8340876838133,SAVELUGU,guinea_savannah,GS,GUINEA SAVANNAH,1
Savelugu,2024,419.658556328125,1326.52458009374,31.6359427202223,SAVELUGU,guinea_savannah,GS,GUINEA SAVANNAH,1
Sawla_Tuna_Kalba,2001,1998.3915348125,3629.29838217185,55.0627510989224,SAWLA-TUNA-KALBA,guinea_savannah,GS,GUINEA SAVANNAH,0.999999999867216
Sawla_Tuna_Kalba,2002,2338.51259620307,3629.29838217185,64.4342886683141,SAWLA-TUNA-KALBA,guinea_savannah,GS,GUINEA SAVANNAH,0.999999999867216
Sawla_Tuna_Kalba,2003,2344.2807377812,3629.29838217185,64.5932213591744,SAWLA-TUNA-KALBA,guinea_savannah,GS,GUINEA SAVANNAH,0.999999999867216
Sawla_Tuna_Kalba,2004,1124.04314840626,3629.29838217185,30.9713622315508,SAWLA-TUNA-KALBA,guinea_savannah,GS,GUINEA SAVANNAH,0.999999999867216
Sawla_Tuna_Kalba,2005,2435.56566381248,3629.29838217185,67.1084437635846,SAWLA-TUNA-KALBA,guinea_savannah,GS,GUINEA SAVANNAH,0.999999999867216
Sawla_Tuna_Kalba,2006,2065.72876157813,3629.29838217185,56.9181297334376,SAWLA-TUNA-KALBA,guinea_savannah,GS,GUINEA SAVANNAH,0.999999999867216
Sawla_Tuna_Kalba,2007,2588.41941496872,3629.29838217185,71.3201049460075,SAWLA-TUNA-KALBA,guinea_savannah,GS,GUINEA SAVANNAH,0.999999999867216
Sawla_Tuna_Kalba,2008,1869.47712245309,3629.29838217185,51.5107033259236,SAWLA-TUNA-KALBA,guinea_savannah,GS,GUINEA SAVANNAH,0.999999999867216
Sawla_Tuna_Kalba,2009,1759.38844521875,3629.29838217185,48.4773711046017,SAWLA-TUNA-KALBA,guinea_savannah,GS,GUINEA SAVANNAH,0.999999999867216
Sawla_Tuna_Kalba,2010,1528.51131000001,3629.29838217185,42.1158898785641,SAWLA-TUNA-KALBA,guinea_savannah,GS,GUINEA SAVANNAH,0.999999999867216
Sawla_Tuna_Kalba,2011,2451.38577242185,3629.29838217185,67.5443436798626,SAWLA-TUNA-KALBA,guinea_savannah,GS,GUINEA SAVANNAH,0.999999999867216
Sawla_Tuna_Kalba,2012,1744.20929446874,3629.29838217185,48.059131843135,SAWLA-TUNA-KALBA,guinea_savannah,GS,GUINEA SAVANNAH,0.999999999867216
Sawla_Tuna_Kalba,2013,1915.01962106249,3629.29838217185,52.7655601553627,SAWLA-TUNA-KALBA,guinea_savannah,GS,GUINEA SAVANNAH,0.999999999867216
Sawla_Tuna_Kalba,2014,1746.13497973436,3629.29838217185,48.1121912795011,SAWLA-TUNA-KALBA,guinea_savannah,GS,GUINEA SAVANNAH,0.999999999867216
Sawla_Tuna_Kalba,2015,1759.81744315626,3629.29838217185,48.4891915142879,SAWLA-TUNA-KALBA,guinea_savannah,GS,GUINEA SAVANNAH,0.999999999867216
Sawla_Tuna_Kalba,2016,1982.14433398438,3629.29838217185,54.6150832822464,SAWLA-TUNA-KALBA,guinea_savannah,GS,GUINEA SAVANNAH,0.999999999867216
Sawla_Tuna_Kalba,2017,1615.30541487501,3629.29838217185,44.5073742850644,SAWLA-TUNA-KALBA,guinea_savannah,GS,GUINEA SAVANNAH,0.999999999867216
Sawla_Tuna_Kalba,2018,1444.70896851563,3629.29838217185,39.8068391293605,SAWLA-TUNA-KALBA,guinea_savannah,GS,GUINEA SAVANNAH,0.999999999867216
Sawla_Tuna_Kalba,2019,1425.89718095313,3629.29838217185,39.2885078823372,SAWLA-TUNA-KALBA,guinea_savannah,GS,GUINEA SAVANNAH,0.999999999867216
Sawla_Tuna_Kalba,2020,1127.24947162501,3629.29838217185,31.0597077705811,SAWLA-TUNA-KALBA,guinea_savannah,GS,GUINEA SAVANNAH,0.999999999867216
Sawla_Tuna_Kalba,2021,827.533229140631,3629.29838217185,22.8014657931051,SAWLA-TUNA-KALBA,guinea_savannah,GS,GUINEA SAVANNAH,0.999999999867216
Sawla_Tuna_Kalba,2022,1345.94578518751,3629.29838217185,37.0855643007799,SAWLA-TUNA-KALBA,guinea_savannah,GS,GUINEA SAVANNAH,0.999999999867216
Sawla_Tuna_Kalba,2023,959.863220968758,3629.29838217185,26.4476248545416,SAWLA-TUNA-KALBA,guinea_savannah,GS,GUINEA SAVANNAH,0.999999999867216
Sawla_Tuna_Kalba,2024,1154.82817779687,3629.29838217185,31.8195986163528,SAWLA-TUNA-KALBA,guinea_savannah,GS,GUINEA SAVANNAH,0.999999999867216
Sefwi_Akontombra,2001,0,960.722595937502,0,SEFWI AKONTOMBRA,forest_zone,FZ,FOREST ZONE,1
Sefwi_Akontombra,2002,0,960.722595937502,0,SEFWI AKONTOMBRA,forest_zone,FZ,FOREST ZONE,1
Sefwi_Akontombra,2003,0,960.722595937502,0,SEFWI AKONTOMBRA,forest_zone,FZ,FOREST ZONE,1
Sefwi_Akontombra,2004,0,960.722595937502,0,SEFWI AKONTOMBRA,forest_zone,FZ,FOREST ZONE,1
Sefwi_Akontombra,2005,0,960.722595937502,0,SEFWI AKONTOMBRA,forest_zone,FZ,FOREST ZONE,1
Sefwi_Akontombra,2006,0,960.722595937502,0,SEFWI AKONTOMBRA,forest_zone,FZ,FOREST ZONE,1
Sefwi_Akontombra,2007,0,960.722595937502,0,SEFWI AKONTOMBRA,forest_zone,FZ,FOREST ZONE,1
Sefwi_Akontombra,2008,0,960.722595937502,0,SEFWI AKONTOMBRA,forest_zone,FZ,FOREST ZONE,1
Sefwi_Akontombra,2009,0,960.722595937502,0,SEFWI AKONTOMBRA,forest_zone,FZ,FOREST ZONE,1
Sefwi_Akontombra,2010,0,960.722595937502,0,SEFWI AKONTOMBRA,forest_zone,FZ,FOREST ZONE,1
Sefwi_Akontombra,2011,0,960.722595937502,0,SEFWI AKONTOMBRA,forest_zone,FZ,FOREST ZONE,1
Sefwi_Akontombra,2012,0,960.722595937502,0,SEFWI AKONTOMBRA,forest_zone,FZ,FOREST ZONE,1
Sefwi_Akontombra,2013,0,960.722595937502,0,SEFWI AKONTOMBRA,forest_zone,FZ,FOREST ZONE,1
Sefwi_Akontombra,2014,0,960.722595937502,0,SEFWI AKONTOMBRA,forest_zone,FZ,FOREST ZONE,1
Sefwi_Akontombra,2015,0,960.722595937502,0,SEFWI AKONTOMBRA,forest_zone,FZ,FOREST ZONE,1
Sefwi_Akontombra,2016,0.427465125,960.722595937502,0.0444941262761564,SEFWI AKONTOMBRA,forest_zone,FZ,FOREST ZONE,1
Sefwi_Akontombra,2017,0,960.722595937502,0,SEFWI AKONTOMBRA,forest_zone,FZ,FOREST ZONE,1
Sefwi_Akontombra,2018,0,960.722595937502,0,SEFWI AKONTOMBRA,forest_zone,FZ,FOREST ZONE,1
Sefwi_Akontombra,2019,0,960.722595937502,0,SEFWI AKONTOMBRA,forest_zone,FZ,FOREST ZONE,1
Sefwi_Akontombra,2020,9.404219296875,960.722595937502,0.978869377762275,SEFWI AKONTOMBRA,forest_zone,FZ,FOREST ZONE,1
Sefwi_Akontombra,2021,0,960.722595937502,0,SEFWI AKONTOMBRA,forest_zone,FZ,FOREST ZONE,1
Sefwi_Akontombra,2022,0,960.722595937502,0,SEFWI AKONTOMBRA,forest_zone,FZ,FOREST ZONE,1
Sefwi_Akontombra,2023,0,960.722595937502,0,SEFWI AKONTOMBRA,forest_zone,FZ,FOREST ZONE,1
Sefwi_Akontombra,2024,0.427463234375,960.722595937502,0.0444939294841784,SEFWI AKONTOMBRA,forest_zone,FZ,FOREST ZONE,1
Sefwi_Wiawso,2001,0,857.927261078132,0,SEFWI-WIAWSO,forest_zone,FZ,FOREST ZONE,1
Sefwi_Wiawso,2002,0,857.927261078132,0,SEFWI-WIAWSO,forest_zone,FZ,FOREST ZONE,1
Sefwi_Wiawso,2003,0,857.927261078132,0,SEFWI-WIAWSO,forest_zone,FZ,FOREST ZONE,1
Sefwi_Wiawso,2004,0,857.927261078132,0,SEFWI-WIAWSO,forest_zone,FZ,FOREST ZONE,1
Sefwi_Wiawso,2005,0,857.927261078132,0,SEFWI-WIAWSO,forest_zone,FZ,FOREST ZONE,1
Sefwi_Wiawso,2006,0,857.927261078132,0,SEFWI-WIAWSO,forest_zone,FZ,FOREST ZONE,1
Sefwi_Wiawso,2007,0,857.927261078132,0,SEFWI-WIAWSO,forest_zone,FZ,FOREST ZONE,1
Sefwi_Wiawso,2008,0,857.927261078132,0,SEFWI-WIAWSO,forest_zone,FZ,FOREST ZONE,1
Sefwi_Wiawso,2009,0.213733640625,857.927261078132,0.024912792764786,SEFWI-WIAWSO,forest_zone,FZ,FOREST ZONE,1
Sefwi_Wiawso,2010,0,857.927261078132,0,SEFWI-WIAWSO,forest_zone,FZ,FOREST ZONE,1
Sefwi_Wiawso,2011,0,857.927261078132,0,SEFWI-WIAWSO,forest_zone,FZ,FOREST ZONE,1
Sefwi_Wiawso,2012,0.213731421875,857.927261078132,0.0249125341472901,SEFWI-WIAWSO,forest_zone,FZ,FOREST ZONE,1
Sefwi_Wiawso,2013,0,857.927261078132,0,SEFWI-WIAWSO,forest_zone,FZ,FOREST ZONE,1
Sefwi_Wiawso,2014,0,857.927261078132,0,SEFWI-WIAWSO,forest_zone,FZ,FOREST ZONE,1
Sefwi_Wiawso,2015,0,857.927261078132,0,SEFWI-WIAWSO,forest_zone,FZ,FOREST ZONE,1
Sefwi_Wiawso,2016,2.7785410625,857.927261078132,0.323866741220962,SEFWI-WIAWSO,forest_zone,FZ,FOREST ZONE,1
Sefwi_Wiawso,2017,0,857.927261078132,0,SEFWI-WIAWSO,forest_zone,FZ,FOREST ZONE,1
Sefwi_Wiawso,2018,0,857.927261078132,0,SEFWI-WIAWSO,forest_zone,FZ,FOREST ZONE,1
Sefwi_Wiawso,2019,0.213733203125,857.927261078132,0.0249127417697868,SEFWI-WIAWSO,forest_zone,FZ,FOREST ZONE,1
Sefwi_Wiawso,2020,0,857.927261078132,0,SEFWI-WIAWSO,forest_zone,FZ,FOREST ZONE,1
Sefwi_Wiawso,2021,0,857.927261078132,0,SEFWI-WIAWSO,forest_zone,FZ,FOREST ZONE,1
Sefwi_Wiawso,2022,0,857.927261078132,0,SEFWI-WIAWSO,forest_zone,FZ,FOREST ZONE,1
Sefwi_Wiawso,2023,0,857.927261078132,0,SEFWI-WIAWSO,forest_zone,FZ,FOREST ZONE,1
Sefwi_Wiawso,2024,0,857.927261078132,0,SEFWI-WIAWSO,forest_zone,FZ,FOREST ZONE,1
Sekondi_Takoradi_Metropolis,2001,0,39.5383450937501,0,SEKONDI TAKORADI METROPOLIS,coastal_zone,CZ,COASTAL ZONE,0.999999997968726
Sekondi_Takoradi_Metropolis,2002,0,39.5383450937501,0,SEKONDI TAKORADI METROPOLIS,coastal_zone,CZ,COASTAL ZONE,0.999999997968726
Sekondi_Takoradi_Metropolis,2003,0,39.5383450937501,0,SEKONDI TAKORADI METROPOLIS,coastal_zone,CZ,COASTAL ZONE,0.999999997968726
Sekondi_Takoradi_Metropolis,2004,0,39.5383450937501,0,SEKONDI TAKORADI METROPOLIS,coastal_zone,CZ,COASTAL ZONE,0.999999997968726
Sekondi_Takoradi_Metropolis,2005,0,39.5383450937501,0,SEKONDI TAKORADI METROPOLIS,coastal_zone,CZ,COASTAL ZONE,0.999999997968726
Sekondi_Takoradi_Metropolis,2006,0,39.5383450937501,0,SEKONDI TAKORADI METROPOLIS,coastal_zone,CZ,COASTAL ZONE,0.999999997968726
Sekondi_Takoradi_Metropolis,2007,0,39.5383450937501,0,SEKONDI TAKORADI METROPOLIS,coastal_zone,CZ,COASTAL ZONE,0.999999997968726
Sekondi_Takoradi_Metropolis,2008,0,39.5383450937501,0,SEKONDI TAKORADI METROPOLIS,coastal_zone,CZ,COASTAL ZONE,0.999999997968726
Sekondi_Takoradi_Metropolis,2009,0,39.5383450937501,0,SEKONDI TAKORADI METROPOLIS,coastal_zone,CZ,COASTAL ZONE,0.999999997968726
Sekondi_Takoradi_Metropolis,2010,0,39.5383450937501,0,SEKONDI TAKORADI METROPOLIS,coastal_zone,CZ,COASTAL ZONE,0.999999997968726
Sekondi_Takoradi_Metropolis,2011,0,39.5383450937501,0,SEKONDI TAKORADI METROPOLIS,coastal_zone,CZ,COASTAL ZONE,0.999999997968726
Sekondi_Takoradi_Metropolis,2012,0,39.5383450937501,0,SEKONDI TAKORADI METROPOLIS,coastal_zone,CZ,COASTAL ZONE,0.999999997968726
Sekondi_Takoradi_Metropolis,2013,0,39.5383450937501,0,SEKONDI TAKORADI METROPOLIS,coastal_zone,CZ,COASTAL ZONE,0.999999997968726
Sekondi_Takoradi_Metropolis,2014,0,39.5383450937501,0,SEKONDI TAKORADI METROPOLIS,coastal_zone,CZ,COASTAL ZONE,0.999999997968726
Sekondi_Takoradi_Metropolis,2015,0,39.5383450937501,0,SEKONDI TAKORADI METROPOLIS,coastal_zone,CZ,COASTAL ZONE,0.999999997968726
Sekondi_Takoradi_Metropolis,2016,0,39.5383450937501,0,SEKONDI TAKORADI METROPOLIS,coastal_zone,CZ,COASTAL ZONE,0.999999997968726
Sekondi_Takoradi_Metropolis,2017,0,39.5383450937501,0,SEKONDI TAKORADI METROPOLIS,coastal_zone,CZ,COASTAL ZONE,0.999999997968726
Sekondi_Takoradi_Metropolis,2018,0,39.5383450937501,0,SEKONDI TAKORADI METROPOLIS,coastal_zone,CZ,COASTAL ZONE,0.999999997968726
Sekondi_Takoradi_Metropolis,2019,0,39.5383450937501,0,SEKONDI TAKORADI METROPOLIS,coastal_zone,CZ,COASTAL ZONE,0.999999997968726
Sekondi_Takoradi_Metropolis,2020,0,39.5383450937501,0,SEKONDI TAKORADI METROPOLIS,coastal_zone,CZ,COASTAL ZONE,0.999999997968726
Sekondi_Takoradi_Metropolis,2021,0,39.5383450937501,0,SEKONDI TAKORADI METROPOLIS,coastal_zone,CZ,COASTAL ZONE,0.999999997968726
Sekondi_Takoradi_Metropolis,2022,0,39.5383450937501,0,SEKONDI TAKORADI METROPOLIS,coastal_zone,CZ,COASTAL ZONE,0.999999997968726
Sekondi_Takoradi_Metropolis,2023,0.213720890625,39.5383450937501,0.540540809480626,SEKONDI TAKORADI METROPOLIS,coastal_zone,CZ,COASTAL ZONE,0.999999997968726
Sekondi_Takoradi_Metropolis,2024,0,39.5383450937501,0,SEKONDI TAKORADI METROPOLIS,coastal_zone,CZ,COASTAL ZONE,0.999999997968726
Sekyere_Afram_Plains_North,2001,2815.44691389062,3028.32991332817,92.9702837692611,SEKYERE AFRAM PLAINS NORTH,forest_zone,FZ,FOREST ZONE,0.999999999656028
Sekyere_Afram_Plains_North,2002,863.312786156249,3028.32991332817,28.5078842419602,SEKYERE AFRAM PLAINS NORTH,forest_zone,FZ,FOREST ZONE,0.999999999656028
Sekyere_Afram_Plains_North,2003,1915.79138834374,3028.32991332817,63.2623077133052,SEKYERE AFRAM PLAINS NORTH,forest_zone,FZ,FOREST ZONE,0.999999999656028
Sekyere_Afram_Plains_North,2004,2145.35529789064,3028.32991332817,70.8428526379698,SEKYERE AFRAM PLAINS NORTH,forest_zone,FZ,FOREST ZONE,0.999999999656028
Sekyere_Afram_Plains_North,2005,2043.39833318749,3028.32991332817,67.4760806011975,SEKYERE AFRAM PLAINS NORTH,forest_zone,FZ,FOREST ZONE,0.999999999656028
Sekyere_Afram_Plains_North,2006,1742.6598243125,3028.32991332817,57.5452435562839,SEKYERE AFRAM PLAINS NORTH,forest_zone,FZ,FOREST ZONE,0.999999999656028
Sekyere_Afram_Plains_North,2007,1671.26962185937,3028.32991332817,55.1878318971734,SEKYERE AFRAM PLAINS NORTH,forest_zone,FZ,FOREST ZONE,0.999999999656028
Sekyere_Afram_Plains_North,2008,1793.31431503124,3028.32991332817,59.2179308845636,SEKYERE AFRAM PLAINS NORTH,forest_zone,FZ,FOREST ZONE,0.999999999656028
Sekyere_Afram_Plains_North,2009,2360.80935526567,3028.32991332817,77.9574690615893,SEKYERE AFRAM PLAINS NORTH,forest_zone,FZ,FOREST ZONE,0.999999999656028
Sekyere_Afram_Plains_North,2010,1912.37319012499,3028.32991332817,63.1494336765729,SEKYERE AFRAM PLAINS NORTH,forest_zone,FZ,FOREST ZONE,0.999999999656028
Sekyere_Afram_Plains_North,2011,1731.54448182812,3028.32991332817,57.1781982606093,SEKYERE AFRAM PLAINS NORTH,forest_zone,FZ,FOREST ZONE,0.999999999656028
Sekyere_Afram_Plains_North,2012,2224.01281793751,3028.32991332817,73.4402420340421,SEKYERE AFRAM PLAINS NORTH,forest_zone,FZ,FOREST ZONE,0.999999999656028
Sekyere_Afram_Plains_North,2013,2168.65263109378,3028.32991332817,71.6121655553175,SEKYERE AFRAM PLAINS NORTH,forest_zone,FZ,FOREST ZONE,0.999999999656028
Sekyere_Afram_Plains_North,2014,1677.46600084375,3028.32991332817,55.3924456335139,SEKYERE AFRAM PLAINS NORTH,forest_zone,FZ,FOREST ZONE,0.999999999656028
Sekyere_Afram_Plains_North,2015,2707.71532782812,3028.32991332817,89.4128250660875,SEKYERE AFRAM PLAINS NORTH,forest_zone,FZ,FOREST ZONE,0.999999999656028
Sekyere_Afram_Plains_North,2016,1478.47348801562,3028.32991332817,48.821414123627,SEKYERE AFRAM PLAINS NORTH,forest_zone,FZ,FOREST ZONE,0.999999999656028
Sekyere_Afram_Plains_North,2017,1621.0398479375,3028.32991332817,53.52916935513,SEKYERE AFRAM PLAINS NORTH,forest_zone,FZ,FOREST ZONE,0.999999999656028
Sekyere_Afram_Plains_North,2018,1983.76104696874,3028.32991332817,65.5067678801402,SEKYERE AFRAM PLAINS NORTH,forest_zone,FZ,FOREST ZONE,0.999999999656028
Sekyere_Afram_Plains_North,2019,1188.6341713125,3028.32991332817,39.2504847665747,SEKYERE AFRAM PLAINS NORTH,forest_zone,FZ,FOREST ZONE,0.999999999656028
Sekyere_Afram_Plains_North,2020,2648.08568735937,3028.32991332817,87.4437648191734,SEKYERE AFRAM PLAINS NORTH,forest_zone,FZ,FOREST ZONE,0.999999999656028
Sekyere_Afram_Plains_North,2021,1272.63366342187,3028.32991332817,42.0242740997538,SEKYERE AFRAM PLAINS NORTH,forest_zone,FZ,FOREST ZONE,0.999999999656028
Sekyere_Afram_Plains_North,2022,3215.36355385938,3028.32991332817,106.176131593458,SEKYERE AFRAM PLAINS NORTH,forest_zone,FZ,FOREST ZONE,0.999999999656028
Sekyere_Afram_Plains_North,2023,1239.50419170312,3028.32991332817,40.9302892081822,SEKYERE AFRAM PLAINS NORTH,forest_zone,FZ,FOREST ZONE,0.999999999656028
Sekyere_Afram_Plains_North,2024,3279.48275228123,3028.32991332817,108.293443783905,SEKYERE AFRAM PLAINS NORTH,forest_zone,FZ,FOREST ZONE,0.999999999656028
Sekyere_Central,2001,754.947556281251,1401.52175889063,53.866274390119,SEKYERE CENTRAL,forest_zone,FZ,FOREST ZONE,0.999999999664876
Sekyere_Central,2002,613.232927578125,1401.52175889063,43.7547917959922,SEKYERE CENTRAL,forest_zone,FZ,FOREST ZONE,0.999999999664876
Sekyere_Central,2003,470.02569746875,1401.52175889063,33.5368105765833,SEKYERE CENTRAL,forest_zone,FZ,FOREST ZONE,0.999999999664876
Sekyere_Central,2004,624.348856140625,1401.52175889063,44.5479245812655,SEKYERE CENTRAL,forest_zone,FZ,FOREST ZONE,0.999999999664876
Sekyere_Central,2005,636.318786765624,1401.52175889063,45.4019912804849,SEKYERE CENTRAL,forest_zone,FZ,FOREST ZONE,0.999999999664876
Sekyere_Central,2006,741.908330921874,1401.52175889063,52.9359124262992,SEKYERE CENTRAL,forest_zone,FZ,FOREST ZONE,0.999999999664876
Sekyere_Central,2007,710.701430359374,1401.52175889063,50.7092683970833,SEKYERE CENTRAL,forest_zone,FZ,FOREST ZONE,0.999999999664876
Sekyere_Central,2008,442.451645343749,1401.52175889063,31.5693739706167,SEKYERE CENTRAL,forest_zone,FZ,FOREST ZONE,0.999999999664876
Sekyere_Central,2009,803.253894015624,1401.52175889063,57.3129806169713,SEKYERE CENTRAL,forest_zone,FZ,FOREST ZONE,0.999999999664876
Sekyere_Central,2010,701.724577156248,1401.52175889063,50.0687608097996,SEKYERE CENTRAL,forest_zone,FZ,FOREST ZONE,0.999999999664876
Sekyere_Central,2011,462.97168984375,1401.52175889063,33.0334999729303,SEKYERE CENTRAL,forest_zone,FZ,FOREST ZONE,0.999999999664876
Sekyere_Central,2012,619.219768562498,1401.52175889063,44.1819589766938,SEKYERE CENTRAL,forest_zone,FZ,FOREST ZONE,0.999999999664876
Sekyere_Central,2013,730.794436968749,1401.52175889063,52.1429248124699,SEKYERE CENTRAL,forest_zone,FZ,FOREST ZONE,0.999999999664876
Sekyere_Central,2014,542.698485328124,1401.52175889063,38.7220877510809,SEKYERE CENTRAL,forest_zone,FZ,FOREST ZONE,0.999999999664876
Sekyere_Central,2015,639.952349296874,1401.52175889063,45.6612496550481,SEKYERE CENTRAL,forest_zone,FZ,FOREST ZONE,0.999999999664876
Sekyere_Central,2016,506.362032046874,1401.52175889063,36.1294449290378,SEKYERE CENTRAL,forest_zone,FZ,FOREST ZONE,0.999999999664876
Sekyere_Central,2017,330.450006718749,1401.52175889063,23.5779433763708,SEKYERE CENTRAL,forest_zone,FZ,FOREST ZONE,0.999999999664876
Sekyere_Central,2018,573.691560296874,1401.52175889063,40.9334751071561,SEKYERE CENTRAL,forest_zone,FZ,FOREST ZONE,0.999999999664876
Sekyere_Central,2019,211.180059875,1401.52175889063,15.0679116135991,SEKYERE CENTRAL,forest_zone,FZ,FOREST ZONE,0.999999999664876
Sekyere_Central,2020,577.538342781251,1401.52175889063,41.2079469417869,SEKYERE CENTRAL,forest_zone,FZ,FOREST ZONE,0.999999999664876
Sekyere_Central,2021,297.532950171875,1401.52175889063,21.229277981912,SEKYERE CENTRAL,forest_zone,FZ,FOREST ZONE,0.999999999664876
Sekyere_Central,2022,595.066132796875,1401.52175889063,42.4585725495904,SEKYERE CENTRAL,forest_zone,FZ,FOREST ZONE,0.999999999664876
Sekyere_Central,2023,311.426367234374,1401.52175889063,22.2205873907289,SEKYERE CENTRAL,forest_zone,FZ,FOREST ZONE,0.999999999664876
Sekyere_Central,2024,845.361491421875,1401.52175889063,60.3174004298738,SEKYERE CENTRAL,forest_zone,FZ,FOREST ZONE,0.999999999664876
Sekyere_East,2001,0,201.128510265624,0,SEKYERE EAST,forest_zone,FZ,FOREST ZONE,0.999999999999999
Sekyere_East,2002,0,201.128510265624,0,SEKYERE EAST,forest_zone,FZ,FOREST ZONE,0.999999999999999
Sekyere_East,2003,0,201.128510265624,0,SEKYERE EAST,forest_zone,FZ,FOREST ZONE,0.999999999999999
Sekyere_East,2004,0,201.128510265624,0,SEKYERE EAST,forest_zone,FZ,FOREST ZONE,0.999999999999999
Sekyere_East,2005,0,201.128510265624,0,SEKYERE EAST,forest_zone,FZ,FOREST ZONE,0.999999999999999
Sekyere_East,2006,0.427479125,201.128510265624,0.212540292987524,SEKYERE EAST,forest_zone,FZ,FOREST ZONE,0.999999999999999
Sekyere_East,2007,0,201.128510265624,0,SEKYERE EAST,forest_zone,FZ,FOREST ZONE,0.999999999999999
Sekyere_East,2008,0,201.128510265624,0,SEKYERE EAST,forest_zone,FZ,FOREST ZONE,0.999999999999999
Sekyere_East,2009,0,201.128510265624,0,SEKYERE EAST,forest_zone,FZ,FOREST ZONE,0.999999999999999
Sekyere_East,2010,0,201.128510265624,0,SEKYERE EAST,forest_zone,FZ,FOREST ZONE,0.999999999999999
Sekyere_East,2011,0,201.128510265624,0,SEKYERE EAST,forest_zone,FZ,FOREST ZONE,0.999999999999999
Sekyere_East,2012,0,201.128510265624,0,SEKYERE EAST,forest_zone,FZ,FOREST ZONE,0.999999999999999
Sekyere_East,2013,0,201.128510265624,0,SEKYERE EAST,forest_zone,FZ,FOREST ZONE,0.999999999999999
Sekyere_East,2014,0,201.128510265624,0,SEKYERE EAST,forest_zone,FZ,FOREST ZONE,0.999999999999999
Sekyere_East,2015,0.21373878125,201.128510265624,0.106269758060516,SEKYERE EAST,forest_zone,FZ,FOREST ZONE,0.999999999999999
Sekyere_East,2016,0,201.128510265624,0,SEKYERE EAST,forest_zone,FZ,FOREST ZONE,0.999999999999999
Sekyere_East,2017,0,201.128510265624,0,SEKYERE EAST,forest_zone,FZ,FOREST ZONE,0.999999999999999
Sekyere_East,2018,0,201.128510265624,0,SEKYERE EAST,forest_zone,FZ,FOREST ZONE,0.999999999999999
Sekyere_East,2019,0,201.128510265624,0,SEKYERE EAST,forest_zone,FZ,FOREST ZONE,0.999999999999999
Sekyere_East,2020,0.427479265625,201.128510265624,0.212540362905508,SEKYERE EAST,forest_zone,FZ,FOREST ZONE,0.999999999999999
Sekyere_East,2021,0,201.128510265624,0,SEKYERE EAST,forest_zone,FZ,FOREST ZONE,0.999999999999999
Sekyere_East,2022,0,201.128510265624,0,SEKYERE EAST,forest_zone,FZ,FOREST ZONE,0.999999999999999
Sekyere_East,2023,0.64122009375,201.128510265624,0.318811138661127,SEKYERE EAST,forest_zone,FZ,FOREST ZONE,0.999999999999999
Sekyere_East,2024,0,201.128510265624,0,SEKYERE EAST,forest_zone,FZ,FOREST ZONE,0.999999999999999
Sekyere_Kumawu,2001,171.633663828125,490.320722656247,35.004366712939,SEKYERE KUMAWU,forest_zone,FZ,FOREST ZONE,1
Sekyere_Kumawu,2002,280.000210453126,490.320722656247,57.1055224703255,SEKYERE KUMAWU,forest_zone,FZ,FOREST ZONE,1
Sekyere_Kumawu,2003,109.007709765625,490.320722656247,22.2319197881522,SEKYERE KUMAWU,forest_zone,FZ,FOREST ZONE,1
Sekyere_Kumawu,2004,112.427441625,490.320722656247,22.9293677444305,SEKYERE KUMAWU,forest_zone,FZ,FOREST ZONE,1
Sekyere_Kumawu,2005,118.62601690625,490.320722656247,24.1935556514131,SEKYERE KUMAWU,forest_zone,FZ,FOREST ZONE,1
Sekyere_Kumawu,2006,101.099336515625,490.320722656247,20.6190217635373,SEKYERE KUMAWU,forest_zone,FZ,FOREST ZONE,1
Sekyere_Kumawu,2007,182.534395750001,490.320722656247,37.2275507266233,SEKYERE KUMAWU,forest_zone,FZ,FOREST ZONE,1
Sekyere_Kumawu,2008,134.228927875,490.320722656247,27.3757403415122,SEKYERE KUMAWU,forest_zone,FZ,FOREST ZONE,1
Sekyere_Kumawu,2009,96.1831700156251,490.320722656247,19.6163787438078,SEKYERE KUMAWU,forest_zone,FZ,FOREST ZONE,1
Sekyere_Kumawu,2010,142.992522203125,490.320722656247,29.1630591153648,SEKYERE KUMAWU,forest_zone,FZ,FOREST ZONE,1
Sekyere_Kumawu,2011,99.6030990625,490.320722656247,20.3138669161102,SEKYERE KUMAWU,forest_zone,FZ,FOREST ZONE,1
Sekyere_Kumawu,2012,89.77107778125,490.320722656247,18.3086444511109,SEKYERE KUMAWU,forest_zone,FZ,FOREST ZONE,1
Sekyere_Kumawu,2013,170.77878321875,490.320722656247,34.8300154016699,SEKYERE KUMAWU,forest_zone,FZ,FOREST ZONE,1
Sekyere_Kumawu,2014,48.091640484375,490.320722656247,9.80820068624572,SEKYERE KUMAWU,forest_zone,FZ,FOREST ZONE,1
Sekyere_Kumawu,2015,144.91625809375,490.320722656247,29.5554014745054,SEKYERE KUMAWU,forest_zone,FZ,FOREST ZONE,1
Sekyere_Kumawu,2016,129.526815484375,490.320722656247,26.4167532595157,SEKYERE KUMAWU,forest_zone,FZ,FOREST ZONE,1
Sekyere_Kumawu,2017,21.160290171875,490.320722656247,4.31560184877399,SEKYERE KUMAWU,forest_zone,FZ,FOREST ZONE,1
Sekyere_Kumawu,2018,109.22158709375,490.320722656247,22.2755396716779,SEKYERE KUMAWU,forest_zone,FZ,FOREST ZONE,1
Sekyere_Kumawu,2019,34.839696515625,490.320722656247,7.10549134592672,SEKYERE KUMAWU,forest_zone,FZ,FOREST ZONE,1
Sekyere_Kumawu,2020,107.084062515625,490.320722656247,21.8395955071023,SEKYERE KUMAWU,forest_zone,FZ,FOREST ZONE,1
Sekyere_Kumawu,2021,41.465703265625,490.320722656247,8.45685310647081,SEKYERE KUMAWU,forest_zone,FZ,FOREST ZONE,1
Sekyere_Kumawu,2022,108.36652853125,490.320722656247,22.1011520671998,SEKYERE KUMAWU,forest_zone,FZ,FOREST ZONE,1
Sekyere_Kumawu,2023,31.4198299375,490.320722656247,6.40801591400976,SEKYERE KUMAWU,forest_zone,FZ,FOREST ZONE,1
Sekyere_Kumawu,2024,129.740637203125,490.320722656247,26.4603618016127,SEKYERE KUMAWU,forest_zone,FZ,FOREST ZONE,1
Sekyere_South,2001,9.1909228125,349.894864171877,2.62676699592401,SEKYERE SOUTH,forest_zone,FZ,FOREST ZONE,0.9999999998961
Sekyere_South,2002,1.923659390625,349.894864171877,0.54978211674466,SEKYERE SOUTH,forest_zone,FZ,FOREST ZONE,0.9999999998961
Sekyere_South,2003,0.854972046875,349.894864171877,0.244351127844796,SEKYERE SOUTH,forest_zone,FZ,FOREST ZONE,0.9999999998961
Sekyere_South,2004,0,349.894864171877,0,SEKYERE SOUTH,forest_zone,FZ,FOREST ZONE,0.9999999998961
Sekyere_South,2005,1.496199140625,349.894864171877,0.427613918874222,SEKYERE SOUTH,forest_zone,FZ,FOREST ZONE,0.9999999998961
Sekyere_South,2006,18.16807496875,349.894864171877,5.19243830907601,SEKYERE SOUTH,forest_zone,FZ,FOREST ZONE,0.9999999998961
Sekyere_South,2007,14.748195765625,349.894864171877,4.21503636543242,SEKYERE SOUTH,forest_zone,FZ,FOREST ZONE,0.9999999998961
Sekyere_South,2008,2.778643546875,349.894864171877,0.794136705450487,SEKYERE SOUTH,forest_zone,FZ,FOREST ZONE,0.9999999998961
Sekyere_South,2009,4.9160613125,349.894864171877,1.40501099498423,SEKYERE SOUTH,forest_zone,FZ,FOREST ZONE,0.9999999998961
Sekyere_South,2010,3.206127671875,349.894864171877,0.916311726799188,SEKYERE SOUTH,forest_zone,FZ,FOREST ZONE,0.9999999998961
Sekyere_South,2011,0.64122484375,349.894864171877,0.183262147979118,SEKYERE SOUTH,forest_zone,FZ,FOREST ZONE,0.9999999998961
Sekyere_South,2012,4.702328765625,349.894864171877,1.3439262038768,SEKYERE SOUTH,forest_zone,FZ,FOREST ZONE,0.9999999998961
Sekyere_South,2013,4.061091109375,349.894864171877,1.16066039408343,SEKYERE SOUTH,forest_zone,FZ,FOREST ZONE,0.9999999998961
Sekyere_South,2014,0,349.894864171877,0,SEKYERE SOUTH,forest_zone,FZ,FOREST ZONE,0.9999999998961
Sekyere_South,2015,2.564902390625,349.894864171877,0.73304945378251,SEKYERE SOUTH,forest_zone,FZ,FOREST ZONE,0.9999999998961
Sekyere_South,2016,22.44287921875,349.894864171877,6.41417794795796,SEKYERE SOUTH,forest_zone,FZ,FOREST ZONE,0.9999999998961
Sekyere_South,2017,0,349.894864171877,0,SEKYERE SOUTH,forest_zone,FZ,FOREST ZONE,0.9999999998961
Sekyere_South,2018,4.274833265625,349.894864171877,1.22174793155155,SEKYERE SOUTH,forest_zone,FZ,FOREST ZONE,0.9999999998961
Sekyere_South,2019,0,349.894864171877,0,SEKYERE SOUTH,forest_zone,FZ,FOREST ZONE,0.9999999998961
Sekyere_South,2020,10.900841578125,349.894864171877,3.11546201283201,SEKYERE SOUTH,forest_zone,FZ,FOREST ZONE,0.9999999998961
Sekyere_South,2021,0,349.894864171877,0,SEKYERE SOUTH,forest_zone,FZ,FOREST ZONE,0.9999999998961
Sekyere_South,2022,5.7710274375,349.894864171877,1.64936043035634,SEKYERE SOUTH,forest_zone,FZ,FOREST ZONE,0.9999999998961
Sekyere_South,2023,3.847327546875,349.894864171877,1.09956673870614,SEKYERE SOUTH,forest_zone,FZ,FOREST ZONE,0.9999999998961
Sekyere_South,2024,1.923675765625,349.894864171877,0.549786796721898,SEKYERE SOUTH,forest_zone,FZ,FOREST ZONE,0.9999999998961
Sene_East,2001,2487.1728726875,3139.54418087493,79.220827272906,SENE EAST,guinea_savannah,GS,GUINEA SAVANNAH,0.999999999709877
Sene_East,2002,1580.88713754687,3139.54418087493,50.3540337854492,SENE EAST,guinea_savannah,GS,GUINEA SAVANNAH,0.999999999709877
Sene_East,2003,1929.50731729687,3139.54418087493,61.4581992204726,SENE EAST,guinea_savannah,GS,GUINEA SAVANNAH,0.999999999709877
Sene_East,2004,1607.171677375,3139.54418087493,51.1912425748094,SENE EAST,guinea_savannah,GS,GUINEA SAVANNAH,0.999999999709877
Sene_East,2005,2484.82141210938,3139.54418087493,79.1459291207333,SENE EAST,guinea_savannah,GS,GUINEA SAVANNAH,0.999999999709877
Sene_East,2006,2341.82879265625,3139.54418087493,74.5913628775126,SENE EAST,guinea_savannah,GS,GUINEA SAVANNAH,0.999999999709877
Sene_East,2007,1389.79552445313,3139.54418087493,44.2674300594112,SENE EAST,guinea_savannah,GS,GUINEA SAVANNAH,0.999999999709877
Sene_East,2008,2094.30554357811,3139.54418087493,66.7073123651495,SENE EAST,guinea_savannah,GS,GUINEA SAVANNAH,0.999999999709877
Sene_East,2009,1712.97448845312,3139.54418087493,54.5612480591291,SENE EAST,guinea_savannah,GS,GUINEA SAVANNAH,0.999999999709877
Sene_East,2010,1768.76715303125,3139.54418087493,56.338342483154,SENE EAST,guinea_savannah,GS,GUINEA SAVANNAH,0.999999999709877
Sene_East,2011,2036.81253398438,3139.54418087493,64.8760589639721,SENE EAST,guinea_savannah,GS,GUINEA SAVANNAH,0.999999999709877
Sene_East,2012,1748.25136935938,3139.54418087493,55.6848787161253,SENE EAST,guinea_savannah,GS,GUINEA SAVANNAH,0.999999999709877
Sene_East,2013,1872.43325448438,3139.54418087493,59.6402900105891,SENE EAST,guinea_savannah,GS,GUINEA SAVANNAH,0.999999999709877
Sene_East,2014,1322.03361689062,3139.54418087493,42.1090942100454,SENE EAST,guinea_savannah,GS,GUINEA SAVANNAH,0.999999999709877
Sene_East,2015,3129.91425584374,3139.54418087493,99.6932699628866,SENE EAST,guinea_savannah,GS,GUINEA SAVANNAH,0.999999999709877
Sene_East,2016,1359.22603326562,3139.54418087493,43.2937380383298,SENE EAST,guinea_savannah,GS,GUINEA SAVANNAH,0.999999999709877
Sene_East,2017,1524.23648882813,3139.54418087493,48.549611058614,SENE EAST,guinea_savannah,GS,GUINEA SAVANNAH,0.999999999709877
Sene_East,2018,2115.25129412501,3139.54418087493,67.3744713328268,SENE EAST,guinea_savannah,GS,GUINEA SAVANNAH,0.999999999709877
Sene_East,2019,1123.24718201563,3139.54418087493,35.7773968864041,SENE EAST,guinea_savannah,GS,GUINEA SAVANNAH,0.999999999709877
Sene_East,2020,2647.48635453126,3139.54418087493,84.3270934251817,SENE EAST,guinea_savannah,GS,GUINEA SAVANNAH,0.999999999709877
Sene_East,2021,1011.66820909375,3139.54418087493,32.2234104955902,SENE EAST,guinea_savannah,GS,GUINEA SAVANNAH,0.999999999709877
Sene_East,2022,2558.56791,3139.54418087493,81.4948846901393,SENE EAST,guinea_savannah,GS,GUINEA SAVANNAH,0.999999999709877
Sene_East,2023,1419.28468748438,3139.54418087493,45.2067117300082,SENE EAST,guinea_savannah,GS,GUINEA SAVANNAH,0.999999999709877
Sene_East,2024,3097.20631993752,3139.54418087493,98.6514647191358,SENE EAST,guinea_savannah,GS,GUINEA SAVANNAH,0.999999999709877
Sene_West,2001,1893.182074625,2691.33880540623,70.3435060209464,SENE WEST,guinea_savannah,GS,GUINEA SAVANNAH,0.999999999644441
Sene_West,2002,758.393267343748,2691.33880540623,28.1790336400725,SENE WEST,guinea_savannah,GS,GUINEA SAVANNAH,0.999999999644441
Sene_West,2003,1570.42602779687,2691.33880540623,58.3511085502231,SENE WEST,guinea_savannah,GS,GUINEA SAVANNAH,0.999999999644441
Sene_West,2004,1189.52015146875,2691.33880540623,44.1980827192512,SENE WEST,guinea_savannah,GS,GUINEA SAVANNAH,0.999999999644441
Sene_West,2005,2218.733205125,2691.33880540623,82.439758259648,SENE WEST,guinea_savannah,GS,GUINEA SAVANNAH,0.999999999644441
Sene_West,2006,1923.32501070313,2691.33880540623,71.4635038457308,SENE WEST,guinea_savannah,GS,GUINEA SAVANNAH,0.999999999644441
Sene_West,2007,1359.88500803125,2691.33880540623,50.5281982818207,SENE WEST,guinea_savannah,GS,GUINEA SAVANNAH,0.999999999644441
Sene_West,2008,1480.65039151562,2691.33880540623,55.0153844823015,SENE WEST,guinea_savannah,GS,GUINEA SAVANNAH,0.999999999644441
Sene_West,2009,1516.12776026562,2691.33880540623,56.333589707104,SENE WEST,guinea_savannah,GS,GUINEA SAVANNAH,0.999999999644441
Sene_West,2010,1600.99261007812,2691.33880540623,59.486847470193,SENE WEST,guinea_savannah,GS,GUINEA SAVANNAH,0.999999999644441
Sene_West,2011,1932.95140935938,2691.33880540623,71.8211845151773,SENE WEST,guinea_savannah,GS,GUINEA SAVANNAH,0.999999999644441
Sene_West,2012,1396.42546264062,2691.33880540623,51.8859037678775,SENE WEST,guinea_savannah,GS,GUINEA SAVANNAH,0.999999999644441
Sene_West,2013,1696.96914132812,2691.33880540623,63.052973409343,SENE WEST,guinea_savannah,GS,GUINEA SAVANNAH,0.999999999644441
Sene_West,2014,1435.97750125,2691.33880540623,53.3555083576054,SENE WEST,guinea_savannah,GS,GUINEA SAVANNAH,0.999999999644441
Sene_West,2015,2277.51102225001,2691.33880540623,84.623720271675,SENE WEST,guinea_savannah,GS,GUINEA SAVANNAH,0.999999999644441
Sene_West,2016,1002.91857434375,2691.33880540623,37.2646718551055,SENE WEST,guinea_savannah,GS,GUINEA SAVANNAH,0.999999999644441
Sene_West,2017,899.675524796872,2691.33880540623,33.4285495007038,SENE WEST,guinea_savannah,GS,GUINEA SAVANNAH,0.999999999644441
Sene_West,2018,1441.31925071875,2691.33880540623,53.5539876222011,SENE WEST,guinea_savannah,GS,GUINEA SAVANNAH,0.999999999644441
Sene_West,2019,853.933808265625,2691.33880540623,31.7289598229061,SENE WEST,guinea_savannah,GS,GUINEA SAVANNAH,0.999999999644441
Sene_West,2020,1886.12823174999,2691.33880540623,70.0814118222956,SENE WEST,guinea_savannah,GS,GUINEA SAVANNAH,0.999999999644441
Sene_West,2021,626.288747125004,2691.33880540623,23.270527882515,SENE WEST,guinea_savannah,GS,GUINEA SAVANNAH,0.999999999644441
Sene_West,2022,2402.76691459375,2691.33880540623,89.2777568460421,SENE WEST,guinea_savannah,GS,GUINEA SAVANNAH,0.999999999644441
Sene_West,2023,577.125079125,2691.33880540623,21.443791393551,SENE WEST,guinea_savannah,GS,GUINEA SAVANNAH,0.999999999644441
Sene_West,2024,1754.24667553125,2691.33880540623,65.1811905661005,SENE WEST,guinea_savannah,GS,GUINEA SAVANNAH,0.999999999644441
Shai_Osudoku,2001,1.28238096875,828.41766017187,0.154798844882658,SHAI OSUDOKU,coastal_zone,CZ,COASTAL ZONE,0.999999999264477
Shai_Osudoku,2002,14.533638421875,828.41766017187,1.75438539285362,SHAI OSUDOKU,coastal_zone,CZ,COASTAL ZONE,0.999999999264477
Shai_Osudoku,2003,79.293619765625,828.41766017187,9.5716959666425,SHAI OSUDOKU,coastal_zone,CZ,COASTAL ZONE,0.999999999264477
Shai_Osudoku,2004,89.7663618125001,828.41766017187,10.8358822038966,SHAI OSUDOKU,coastal_zone,CZ,COASTAL ZONE,0.999999999264477
Shai_Osudoku,2005,102.37657790625,828.41766017187,12.3580873306117,SHAI OSUDOKU,coastal_zone,CZ,COASTAL ZONE,0.999999999264477
Shai_Osudoku,2006,178.250696421875,828.41766017187,21.5170082666868,SHAI OSUDOKU,coastal_zone,CZ,COASTAL ZONE,0.999999999264477
Shai_Osudoku,2007,42.745902171875,828.41766017187,5.15994578906087,SHAI OSUDOKU,coastal_zone,CZ,COASTAL ZONE,0.999999999264477
Shai_Osudoku,2008,184.021469343751,828.41766017187,22.2136101378587,SHAI OSUDOKU,coastal_zone,CZ,COASTAL ZONE,0.999999999264477
Shai_Osudoku,2009,165.427033703124,828.41766017187,19.9690375587604,SHAI OSUDOKU,coastal_zone,CZ,COASTAL ZONE,0.999999999264477
Shai_Osudoku,2010,67.5385122968751,828.41766017187,8.15271276120104,SHAI OSUDOKU,coastal_zone,CZ,COASTAL ZONE,0.999999999264477
Shai_Osudoku,2011,71.3856185625,828.41766017187,8.61710487288379,SHAI OSUDOKU,coastal_zone,CZ,COASTAL ZONE,0.999999999264477
Shai_Osudoku,2012,51.722571203125,828.41766017187,6.24353797484161,SHAI OSUDOKU,coastal_zone,CZ,COASTAL ZONE,0.999999999264477
Shai_Osudoku,2013,37.616498984375,828.41766017187,4.54076497796665,SHAI OSUDOKU,coastal_zone,CZ,COASTAL ZONE,0.999999999264477
Shai_Osudoku,2014,37.830132671875,828.41766017187,4.56655313987711,SHAI OSUDOKU,coastal_zone,CZ,COASTAL ZONE,0.999999999264477
Shai_Osudoku,2015,137.855861984374,828.41766017187,16.6408647005151,SHAI OSUDOKU,coastal_zone,CZ,COASTAL ZONE,0.999999999264477
Shai_Osudoku,2016,11.755189484375,828.41766017187,1.41899310571629,SHAI OSUDOKU,coastal_zone,CZ,COASTAL ZONE,0.999999999264477
Shai_Osudoku,2017,19.6631360625,828.41766017187,2.37357760557887,SHAI OSUDOKU,coastal_zone,CZ,COASTAL ZONE,0.999999999264477
Shai_Osudoku,2018,60.4856478906251,828.41766017187,7.301346989401,SHAI OSUDOKU,coastal_zone,CZ,COASTAL ZONE,0.999999999264477
Shai_Osudoku,2019,24.36517084375,828.41766017187,2.94116989716214,SHAI OSUDOKU,coastal_zone,CZ,COASTAL ZONE,0.999999999264477
Shai_Osudoku,2020,114.345415046875,828.41766017187,13.802870284435,SHAI OSUDOKU,coastal_zone,CZ,COASTAL ZONE,0.999999999264477
Shai_Osudoku,2021,18.380741890625,828.41766017187,2.21877716691983,SHAI OSUDOKU,coastal_zone,CZ,COASTAL ZONE,0.999999999264477
Shai_Osudoku,2022,189.1507701875,828.41766017187,22.8327785948283,SHAI OSUDOKU,coastal_zone,CZ,COASTAL ZONE,0.999999999264477
Shai_Osudoku,2023,23.296510171875,828.41766017187,2.81216966898578,SHAI OSUDOKU,coastal_zone,CZ,COASTAL ZONE,0.999999999264477
Shai_Osudoku,2024,67.96624225,828.41766017187,8.20434492377906,SHAI OSUDOKU,coastal_zone,CZ,COASTAL ZONE,0.999999999264477
Shama,2001,0,154.52060803125,0,SHAMA,coastal_zone,CZ,COASTAL ZONE,0.999999998559969
Shama,2002,0,154.52060803125,0,SHAMA,coastal_zone,CZ,COASTAL ZONE,0.999999998559969
Shama,2003,0,154.52060803125,0,SHAMA,coastal_zone,CZ,COASTAL ZONE,0.999999998559969
Shama,2004,4.48815528125,154.52060803125,2.90456744794994,SHAMA,coastal_zone,CZ,COASTAL ZONE,0.999999998559969
Shama,2005,0,154.52060803125,0,SHAMA,coastal_zone,CZ,COASTAL ZONE,0.999999998559969
Shama,2006,0.21372165625,154.52060803125,0.138312720208024,SHAMA,coastal_zone,CZ,COASTAL ZONE,0.999999998559969
Shama,2007,0,154.52060803125,0,SHAMA,coastal_zone,CZ,COASTAL ZONE,0.999999998559969
Shama,2008,0,154.52060803125,0,SHAMA,coastal_zone,CZ,COASTAL ZONE,0.999999998559969
Shama,2009,0,154.52060803125,0,SHAMA,coastal_zone,CZ,COASTAL ZONE,0.999999998559969
Shama,2010,0,154.52060803125,0,SHAMA,coastal_zone,CZ,COASTAL ZONE,0.999999998559969
Shama,2011,0,154.52060803125,0,SHAMA,coastal_zone,CZ,COASTAL ZONE,0.999999998559969
Shama,2012,0,154.52060803125,0,SHAMA,coastal_zone,CZ,COASTAL ZONE,0.999999998559969
Shama,2013,0.85488671875,154.52060803125,0.553250941503615,SHAMA,coastal_zone,CZ,COASTAL ZONE,0.999999998559969
Shama,2014,0,154.52060803125,0,SHAMA,coastal_zone,CZ,COASTAL ZONE,0.999999998559969
Shama,2015,0,154.52060803125,0,SHAMA,coastal_zone,CZ,COASTAL ZONE,0.999999998559969
Shama,2016,0,154.52060803125,0,SHAMA,coastal_zone,CZ,COASTAL ZONE,0.999999998559969
Shama,2017,0,154.52060803125,0,SHAMA,coastal_zone,CZ,COASTAL ZONE,0.999999998559969
Shama,2018,0,154.52060803125,0,SHAMA,coastal_zone,CZ,COASTAL ZONE,0.999999998559969
Shama,2019,0,154.52060803125,0,SHAMA,coastal_zone,CZ,COASTAL ZONE,0.999999998559969
Shama,2020,0,154.52060803125,0,SHAMA,coastal_zone,CZ,COASTAL ZONE,0.999999998559969
Shama,2021,0,154.52060803125,0,SHAMA,coastal_zone,CZ,COASTAL ZONE,0.999999998559969
Shama,2022,0,154.52060803125,0,SHAMA,coastal_zone,CZ,COASTAL ZONE,0.999999998559969
Shama,2023,0.21372209375,154.52060803125,0.138313003341779,SHAMA,coastal_zone,CZ,COASTAL ZONE,0.999999998559969
Shama,2024,0,154.52060803125,0,SHAMA,coastal_zone,CZ,COASTAL ZONE,0.999999998559969
Sissala_East,2001,2648.08311909373,4374.71604792184,60.531542849545,SISSALA EAST,sudan_savannah,SS,SUDAN SAVANNAH,0.999999999657881
Sissala_East,2002,2541.83552039059,4374.71604792184,58.1028686787125,SISSALA EAST,sudan_savannah,SS,SUDAN SAVANNAH,0.999999999657881
Sissala_East,2003,2612.38273057811,4374.71604792184,59.7154810040549,SISSALA EAST,sudan_savannah,SS,SUDAN SAVANNAH,0.999999999657881
Sissala_East,2004,3076.53573360935,4374.71604792184,70.3253811197831,SISSALA EAST,sudan_savannah,SS,SUDAN SAVANNAH,0.999999999657881
Sissala_East,2005,3296.96300289061,4374.71604792184,75.3640457294776,SISSALA EAST,sudan_savannah,SS,SUDAN SAVANNAH,0.999999999657881
Sissala_East,2006,2501.20902990626,4374.71604792184,57.1742029084249,SISSALA EAST,sudan_savannah,SS,SUDAN SAVANNAH,0.999999999657881
Sissala_East,2007,2662.6262728125,4374.71604792184,60.8639793679261,SISSALA EAST,sudan_savannah,SS,SUDAN SAVANNAH,0.999999999657881
Sissala_East,2008,2258.11938414062,4374.71604792184,51.6175075000198,SISSALA EAST,sudan_savannah,SS,SUDAN SAVANNAH,0.999999999657881
Sissala_East,2009,2173.24263698437,4374.71604792184,49.6773416417907,SISSALA EAST,sudan_savannah,SS,SUDAN SAVANNAH,0.999999999657881
Sissala_East,2010,2958.73847317188,4374.71604792184,67.6326975456476,SISSALA EAST,sudan_savannah,SS,SUDAN SAVANNAH,0.999999999657881
Sissala_East,2011,2857.82328504688,4374.71604792184,65.3259149563423,SISSALA EAST,sudan_savannah,SS,SUDAN SAVANNAH,0.999999999657881
Sissala_East,2012,2034.91567668748,4374.71604792184,46.51537732727,SISSALA EAST,sudan_savannah,SS,SUDAN SAVANNAH,0.999999999657881
Sissala_East,2013,2532.64021771875,4374.71604792184,57.8926766897671,SISSALA EAST,sudan_savannah,SS,SUDAN SAVANNAH,0.999999999657881
Sissala_East,2014,3090.86313639058,4374.71604792184,70.6528858680752,SISSALA EAST,sudan_savannah,SS,SUDAN SAVANNAH,0.999999999657881
Sissala_East,2015,1911.12600496874,4374.71604792184,43.6857154620722,SISSALA EAST,sudan_savannah,SS,SUDAN SAVANNAH,0.999999999657881
Sissala_East,2016,3461.80486664057,4374.71604792184,79.1321043176063,SISSALA EAST,sudan_savannah,SS,SUDAN SAVANNAH,0.999999999657881
Sissala_East,2017,3074.82464012497,4374.71604792184,70.2862678729887,SISSALA EAST,sudan_savannah,SS,SUDAN SAVANNAH,0.999999999657881
Sissala_East,2018,2094.99167904685,4374.71604792184,47.888632224303,SISSALA EAST,sudan_savannah,SS,SUDAN SAVANNAH,0.999999999657881
Sissala_East,2019,1968.21056360935,4374.71604792184,44.9905900645672,SISSALA EAST,sudan_savannah,SS,SUDAN SAVANNAH,0.999999999657881
Sissala_East,2020,2886.68671596871,4374.71604792184,65.9856933420856,SISSALA EAST,sudan_savannah,SS,SUDAN SAVANNAH,0.999999999657881
Sissala_East,2021,2780.00623453121,4374.71604792184,63.5471240665283,SISSALA EAST,sudan_savannah,SS,SUDAN SAVANNAH,0.999999999657881
Sissala_East,2022,2131.76717629685,4374.71604792184,48.7292695787541,SISSALA EAST,sudan_savannah,SS,SUDAN SAVANNAH,0.999999999657881
Sissala_East,2023,2022.29703823434,4374.71604792184,46.2269325844591,SISSALA EAST,sudan_savannah,SS,SUDAN SAVANNAH,0.999999999657881
Sissala_East,2024,1706.30663056247,4374.71604792184,39.0038258911234,SISSALA EAST,sudan_savannah,SS,SUDAN SAVANNAH,0.999999999657881
Sissala_West,2001,739.532911796872,1760.64572465625,42.0035048187367,SISSALA WEST,sudan_savannah,SS,SUDAN SAVANNAH,0.999999999603696
Sissala_West,2002,879.146702718749,1760.64572465625,49.9331972586587,SISSALA WEST,sudan_savannah,SS,SUDAN SAVANNAH,0.999999999603696
Sissala_West,2003,1023.67472978125,1760.64572465625,58.1420052566855,SISSALA WEST,sudan_savannah,SS,SUDAN SAVANNAH,0.999999999603696
Sissala_West,2004,942.216353921872,1760.64572465625,53.5153859022847,SISSALA WEST,sudan_savannah,SS,SUDAN SAVANNAH,0.999999999603696
Sissala_West,2005,1140.836506875,1760.64572465625,64.7964829550098,SISSALA WEST,sudan_savannah,SS,SUDAN SAVANNAH,0.999999999603696
Sissala_West,2006,810.301398375001,1760.64572465625,46.0229668596846,SISSALA WEST,sudan_savannah,SS,SUDAN SAVANNAH,0.999999999603696
Sissala_West,2007,761.767459734374,1760.64572465625,43.2663680754458,SISSALA WEST,sudan_savannah,SS,SUDAN SAVANNAH,0.999999999603696
Sissala_West,2008,692.7122564375,1760.64572465625,39.3442159735312,SISSALA WEST,sudan_savannah,SS,SUDAN SAVANNAH,0.999999999603696
Sissala_West,2009,653.159721249999,1760.64572465625,37.0977370463056,SISSALA WEST,sudan_savannah,SS,SUDAN SAVANNAH,0.999999999603696
Sissala_West,2010,929.173932796874,1760.64572465625,52.7746110296144,SISSALA WEST,sudan_savannah,SS,SUDAN SAVANNAH,0.999999999603696
Sissala_West,2011,928.319476640622,1760.64572465625,52.7260801898046,SISSALA WEST,sudan_savannah,SS,SUDAN SAVANNAH,0.999999999603696
Sissala_West,2012,715.161051484375,1760.64572465625,40.6192478969045,SISSALA WEST,sudan_savannah,SS,SUDAN SAVANNAH,0.999999999603696
Sissala_West,2013,966.589007359375,1760.64572465625,54.8996878715103,SISSALA WEST,sudan_savannah,SS,SUDAN SAVANNAH,0.999999999603696
Sissala_West,2014,954.190664046873,1760.64572465625,54.1954949075952,SISSALA WEST,sudan_savannah,SS,SUDAN SAVANNAH,0.999999999603696
Sissala_West,2015,795.120901203125,1760.64572465625,45.1607549473568,SISSALA WEST,sudan_savannah,SS,SUDAN SAVANNAH,0.999999999603696
Sissala_West,2016,1026.24130370312,1760.64572465625,58.2877798373369,SISSALA WEST,sudan_savannah,SS,SUDAN SAVANNAH,0.999999999603696
Sissala_West,2017,956.968881203124,1760.64572465625,54.3532902617283,SISSALA WEST,sudan_savannah,SS,SUDAN SAVANNAH,0.999999999603696
Sissala_West,2018,602.913932609371,1760.64572465625,34.2439097296012,SISSALA WEST,sudan_savannah,SS,SUDAN SAVANNAH,0.999999999603696
Sissala_West,2019,861.827248703122,1760.64572465625,48.949498279751,SISSALA WEST,sudan_savannah,SS,SUDAN SAVANNAH,0.999999999603696
Sissala_West,2020,1005.71561357812,1760.64572465625,57.1219751647922,SISSALA WEST,sudan_savannah,SS,SUDAN SAVANNAH,0.999999999603696
Sissala_West,2021,944.994928890623,1760.64572465625,53.6732015792173,SISSALA WEST,sudan_savannah,SS,SUDAN SAVANNAH,0.999999999603696
Sissala_West,2022,806.023060999997,1760.64572465625,45.7799686622,SISSALA WEST,sudan_savannah,SS,SUDAN SAVANNAH,0.999999999603696
Sissala_West,2023,553.524523062499,1760.64572465625,31.4387224704486,SISSALA WEST,sudan_savannah,SS,SUDAN SAVANNAH,0.999999999603696
Sissala_West,2024,585.594373453124,1760.64572465625,33.2602047789855,SISSALA WEST,sudan_savannah,SS,SUDAN SAVANNAH,0.999999999603696
South_Dayi,2001,13.67914590625,201.981208890625,6.77248442138864,SOUTH DAYI,forest_zone,FZ,FOREST ZONE,1
South_Dayi,2002,26.717125203125,201.981208890625,13.2275301003831,SOUTH DAYI,forest_zone,FZ,FOREST ZONE,1
South_Dayi,2003,14.534085921875,201.981208890625,7.19576142835415,SOUTH DAYI,forest_zone,FZ,FOREST ZONE,1
South_Dayi,2004,82.0749768750001,201.981208890625,40.6349567495879,SOUTH DAYI,forest_zone,FZ,FOREST ZONE,1
South_Dayi,2005,65.403517078125,201.981208890625,32.380991002753,SOUTH DAYI,forest_zone,FZ,FOREST ZONE,1
South_Dayi,2006,75.021719140625,201.981208890625,37.1429201521663,SOUTH DAYI,forest_zone,FZ,FOREST ZONE,1
South_Dayi,2007,41.037449671875,201.981208890625,20.3174591821051,SOUTH DAYI,forest_zone,FZ,FOREST ZONE,1
South_Dayi,2008,32.27421271875,201.981208890625,15.9788194634615,SOUTH DAYI,forest_zone,FZ,FOREST ZONE,1
South_Dayi,2009,15.38899378125,201.981208890625,7.61902251490302,SOUTH DAYI,forest_zone,FZ,FOREST ZONE,1
South_Dayi,2010,25.8621580625,201.981208890625,12.8042396639505,SOUTH DAYI,forest_zone,FZ,FOREST ZONE,1
South_Dayi,2011,85.9221550312499,201.981208890625,42.5396775785107,SOUTH DAYI,forest_zone,FZ,FOREST ZONE,1
South_Dayi,2012,17.52641471875,201.981208890625,8.67725013381853,SOUTH DAYI,forest_zone,FZ,FOREST ZONE,1
South_Dayi,2013,4.4884555,201.981208890625,2.22221439541465,SOUTH DAYI,forest_zone,FZ,FOREST ZONE,1
South_Dayi,2014,10.259324921875,201.981208890625,5.07934623137668,SOUTH DAYI,forest_zone,FZ,FOREST ZONE,1
South_Dayi,2015,30.350604859375,201.981208890625,15.0264497504865,SOUTH DAYI,forest_zone,FZ,FOREST ZONE,1
South_Dayi,2016,77.159073140625,201.981208890625,38.2011146306227,SOUTH DAYI,forest_zone,FZ,FOREST ZONE,1
South_Dayi,2017,27.144581796875,201.981208890625,13.439161962623,SOUTH DAYI,forest_zone,FZ,FOREST ZONE,1
South_Dayi,2018,16.885181421875,201.981208890625,8.35977837473907,SOUTH DAYI,forest_zone,FZ,FOREST ZONE,1
South_Dayi,2019,7.908263953125,201.981208890625,3.91534638126036,SOUTH DAYI,forest_zone,FZ,FOREST ZONE,1
South_Dayi,2020,59.2051000937499,201.981208890625,29.3121822663267,SOUTH DAYI,forest_zone,FZ,FOREST ZONE,1
South_Dayi,2021,3.847259078125,201.981208890625,1.90476089298403,SOUTH DAYI,forest_zone,FZ,FOREST ZONE,1
South_Dayi,2022,48.94567090625,201.981208890625,24.2327844135019,SOUTH DAYI,forest_zone,FZ,FOREST ZONE,1
South_Dayi,2023,53.86164025,201.981208890625,26.6666590153774,SOUTH DAYI,forest_zone,FZ,FOREST ZONE,1
South_Dayi,2024,14.320335640625,201.981208890625,7.08993461286769,SOUTH DAYI,forest_zone,FZ,FOREST ZONE,1
South_Tongu,2001,0,537.745099984374,0,SOUTH TONGU,coastal_zone,CZ,COASTAL ZONE,0.999999999955097
South_Tongu,2002,0,537.745099984374,0,SOUTH TONGU,coastal_zone,CZ,COASTAL ZONE,0.999999999955097
South_Tongu,2003,25.43399065625,537.745099984374,4.72974847320581,SOUTH TONGU,coastal_zone,CZ,COASTAL ZONE,0.999999999955097
South_Tongu,2004,136.787647125,537.745099984374,25.4372651892086,SOUTH TONGU,coastal_zone,CZ,COASTAL ZONE,0.999999999955097
South_Tongu,2005,74.164405265625,537.745099984374,13.7917398536556,SOUTH TONGU,coastal_zone,CZ,COASTAL ZONE,0.999999999955097
South_Tongu,2006,20.304417484375,537.745099984374,3.77584425873244,SOUTH TONGU,coastal_zone,CZ,COASTAL ZONE,0.999999999955097
South_Tongu,2007,22.227970046875,537.745099984374,4.13355138847772,SOUTH TONGU,coastal_zone,CZ,COASTAL ZONE,0.999999999955097
South_Tongu,2008,31.41846703125,537.745099984374,5.84263195186027,SOUTH TONGU,coastal_zone,CZ,COASTAL ZONE,0.999999999955097
South_Tongu,2009,20.090762578125,537.745099984374,3.73611262635565,SOUTH TONGU,coastal_zone,CZ,COASTAL ZONE,0.999999999955097
South_Tongu,2010,3.633437875,537.745099984374,0.675680331648877,SOUTH TONGU,coastal_zone,CZ,COASTAL ZONE,0.999999999955097
South_Tongu,2011,23.72406734375,537.745099984374,4.41176820475712,SOUTH TONGU,coastal_zone,CZ,COASTAL ZONE,0.999999999955097
South_Tongu,2012,27.143889078125,537.745099984374,5.04772411295124,SOUTH TONGU,coastal_zone,CZ,COASTAL ZONE,0.999999999955097
South_Tongu,2013,17.525960125,537.745099984374,3.2591575684296,SOUTH TONGU,coastal_zone,CZ,COASTAL ZONE,0.999999999955097
South_Tongu,2014,14.1062085625,537.745099984374,2.62321470951756,SOUTH TONGU,coastal_zone,CZ,COASTAL ZONE,0.999999999955097
South_Tongu,2015,22.014214234375,537.745099984374,4.09380099140182,SOUTH TONGU,coastal_zone,CZ,COASTAL ZONE,0.999999999955097
South_Tongu,2016,11.54148253125,537.745099984374,2.1462738631343,SOUTH TONGU,coastal_zone,CZ,COASTAL ZONE,0.999999999955097
South_Tongu,2017,0,537.745099984374,0,SOUTH TONGU,coastal_zone,CZ,COASTAL ZONE,0.999999999955097
South_Tongu,2018,0,537.745099984374,0,SOUTH TONGU,coastal_zone,CZ,COASTAL ZONE,0.999999999955097
South_Tongu,2019,1.923577296875,537.745099984374,0.357711729392029,SOUTH TONGU,coastal_zone,CZ,COASTAL ZONE,0.999999999955097
South_Tongu,2020,71.386127875,537.745099984374,13.2750866306498,SOUTH TONGU,coastal_zone,CZ,COASTAL ZONE,0.999999999955097
South_Tongu,2021,0,537.745099984374,0,SOUTH TONGU,coastal_zone,CZ,COASTAL ZONE,0.999999999955097
South_Tongu,2022,6.411945359375,537.745099984374,1.19237634328259,SOUTH TONGU,coastal_zone,CZ,COASTAL ZONE,0.999999999955097
South_Tongu,2023,6.839400515625,537.745099984374,1.27186663640891,SOUTH TONGU,coastal_zone,CZ,COASTAL ZONE,0.999999999955097
South_Tongu,2024,6.83940059375001,537.745099984374,1.27186665093717,SOUTH TONGU,coastal_zone,CZ,COASTAL ZONE,0.999999999955097
Suaman,2001,0,341.543174453124,0,SUAMAN,forest_zone,FZ,FOREST ZONE,0.999999999573869
Suaman,2002,0,341.543174453124,0,SUAMAN,forest_zone,FZ,FOREST ZONE,0.999999999573869
Suaman,2003,0,341.543174453124,0,SUAMAN,forest_zone,FZ,FOREST ZONE,0.999999999573869
Suaman,2004,0,341.543174453124,0,SUAMAN,forest_zone,FZ,FOREST ZONE,0.999999999573869
Suaman,2005,0,341.543174453124,0,SUAMAN,forest_zone,FZ,FOREST ZONE,0.999999999573869
Suaman,2006,0,341.543174453124,0,SUAMAN,forest_zone,FZ,FOREST ZONE,0.999999999573869
Suaman,2007,0,341.543174453124,0,SUAMAN,forest_zone,FZ,FOREST ZONE,0.999999999573869
Suaman,2008,0,341.543174453124,0,SUAMAN,forest_zone,FZ,FOREST ZONE,0.999999999573869
Suaman,2009,0,341.543174453124,0,SUAMAN,forest_zone,FZ,FOREST ZONE,0.999999999573869
Suaman,2010,0,341.543174453124,0,SUAMAN,forest_zone,FZ,FOREST ZONE,0.999999999573869
Suaman,2011,0,341.543174453124,0,SUAMAN,forest_zone,FZ,FOREST ZONE,0.999999999573869
Suaman,2012,0,341.543174453124,0,SUAMAN,forest_zone,FZ,FOREST ZONE,0.999999999573869
Suaman,2013,0,341.543174453124,0,SUAMAN,forest_zone,FZ,FOREST ZONE,0.999999999573869
Suaman,2014,0,341.543174453124,0,SUAMAN,forest_zone,FZ,FOREST ZONE,0.999999999573869
Suaman,2015,0,341.543174453124,0,SUAMAN,forest_zone,FZ,FOREST ZONE,0.999999999573869
Suaman,2016,0,341.543174453124,0,SUAMAN,forest_zone,FZ,FOREST ZONE,0.999999999573869
Suaman,2017,0,341.543174453124,0,SUAMAN,forest_zone,FZ,FOREST ZONE,0.999999999573869
Suaman,2018,0,341.543174453124,0,SUAMAN,forest_zone,FZ,FOREST ZONE,0.999999999573869
Suaman,2019,0,341.543174453124,0,SUAMAN,forest_zone,FZ,FOREST ZONE,0.999999999573869
Suaman,2020,0,341.543174453124,0,SUAMAN,forest_zone,FZ,FOREST ZONE,0.999999999573869
Suaman,2021,0,341.543174453124,0,SUAMAN,forest_zone,FZ,FOREST ZONE,0.999999999573869
Suaman,2022,0,341.543174453124,0,SUAMAN,forest_zone,FZ,FOREST ZONE,0.999999999573869
Suaman,2023,0,341.543174453124,0,SUAMAN,forest_zone,FZ,FOREST ZONE,0.999999999573869
Suaman,2024,0,341.543174453124,0,SUAMAN,forest_zone,FZ,FOREST ZONE,0.999999999573869
Suame_Municipal,2001,0,4.702252765625,0,SUAME MUNICIPAL,forest_zone,FZ,FOREST ZONE,1
Suame_Municipal,2002,0,4.702252765625,0,SUAME MUNICIPAL,forest_zone,FZ,FOREST ZONE,1
Suame_Municipal,2003,0,4.702252765625,0,SUAME MUNICIPAL,forest_zone,FZ,FOREST ZONE,1
Suame_Municipal,2004,0,4.702252765625,0,SUAME MUNICIPAL,forest_zone,FZ,FOREST ZONE,1
Suame_Municipal,2005,0.854955046875,4.702252765625,18.1818181516102,SUAME MUNICIPAL,forest_zone,FZ,FOREST ZONE,1
Suame_Municipal,2006,0,4.702252765625,0,SUAME MUNICIPAL,forest_zone,FZ,FOREST ZONE,1
Suame_Municipal,2007,0,4.702252765625,0,SUAME MUNICIPAL,forest_zone,FZ,FOREST ZONE,1
Suame_Municipal,2008,0,4.702252765625,0,SUAME MUNICIPAL,forest_zone,FZ,FOREST ZONE,1
Suame_Municipal,2009,0,4.702252765625,0,SUAME MUNICIPAL,forest_zone,FZ,FOREST ZONE,1
Suame_Municipal,2010,0,4.702252765625,0,SUAME MUNICIPAL,forest_zone,FZ,FOREST ZONE,1
Suame_Municipal,2011,0,4.702252765625,0,SUAME MUNICIPAL,forest_zone,FZ,FOREST ZONE,1
Suame_Municipal,2012,0,4.702252765625,0,SUAME MUNICIPAL,forest_zone,FZ,FOREST ZONE,1
Suame_Municipal,2013,0,4.702252765625,0,SUAME MUNICIPAL,forest_zone,FZ,FOREST ZONE,1
Suame_Municipal,2014,0,4.702252765625,0,SUAME MUNICIPAL,forest_zone,FZ,FOREST ZONE,1
Suame_Municipal,2015,0,4.702252765625,0,SUAME MUNICIPAL,forest_zone,FZ,FOREST ZONE,1
Suame_Municipal,2016,0,4.702252765625,0,SUAME MUNICIPAL,forest_zone,FZ,FOREST ZONE,1
Suame_Municipal,2017,0,4.702252765625,0,SUAME MUNICIPAL,forest_zone,FZ,FOREST ZONE,1
Suame_Municipal,2018,0,4.702252765625,0,SUAME MUNICIPAL,forest_zone,FZ,FOREST ZONE,1
Suame_Municipal,2019,0,4.702252765625,0,SUAME MUNICIPAL,forest_zone,FZ,FOREST ZONE,1
Suame_Municipal,2020,0,4.702252765625,0,SUAME MUNICIPAL,forest_zone,FZ,FOREST ZONE,1
Suame_Municipal,2021,0,4.702252765625,0,SUAME MUNICIPAL,forest_zone,FZ,FOREST ZONE,1
Suame_Municipal,2022,0,4.702252765625,0,SUAME MUNICIPAL,forest_zone,FZ,FOREST ZONE,1
Suame_Municipal,2023,0,4.702252765625,0,SUAME MUNICIPAL,forest_zone,FZ,FOREST ZONE,1
Suame_Municipal,2024,0,4.702252765625,0,SUAME MUNICIPAL,forest_zone,FZ,FOREST ZONE,1
Suhum_Municipal,2001,0,302.001752140625,0,SUHUM MUNICIPAL,forest_zone,FZ,FOREST ZONE,1
Suhum_Municipal,2002,0,302.001752140625,0,SUHUM MUNICIPAL,forest_zone,FZ,FOREST ZONE,1
Suhum_Municipal,2003,0,302.001752140625,0,SUHUM MUNICIPAL,forest_zone,FZ,FOREST ZONE,1
Suhum_Municipal,2004,1.28238109375,302.001752140625,0.424627037644758,SUHUM MUNICIPAL,forest_zone,FZ,FOREST ZONE,1
Suhum_Municipal,2005,0,302.001752140625,0,SUHUM MUNICIPAL,forest_zone,FZ,FOREST ZONE,1
Suhum_Municipal,2006,0,302.001752140625,0,SUHUM MUNICIPAL,forest_zone,FZ,FOREST ZONE,1
Suhum_Municipal,2007,0,302.001752140625,0,SUHUM MUNICIPAL,forest_zone,FZ,FOREST ZONE,1
Suhum_Municipal,2008,0,302.001752140625,0,SUHUM MUNICIPAL,forest_zone,FZ,FOREST ZONE,1
Suhum_Municipal,2009,0,302.001752140625,0,SUHUM MUNICIPAL,forest_zone,FZ,FOREST ZONE,1
Suhum_Municipal,2010,0,302.001752140625,0,SUHUM MUNICIPAL,forest_zone,FZ,FOREST ZONE,1
Suhum_Municipal,2011,0,302.001752140625,0,SUHUM MUNICIPAL,forest_zone,FZ,FOREST ZONE,1
Suhum_Municipal,2012,0,302.001752140625,0,SUHUM MUNICIPAL,forest_zone,FZ,FOREST ZONE,1
Suhum_Municipal,2013,0,302.001752140625,0,SUHUM MUNICIPAL,forest_zone,FZ,FOREST ZONE,1
Suhum_Municipal,2014,0,302.001752140625,0,SUHUM MUNICIPAL,forest_zone,FZ,FOREST ZONE,1
Suhum_Municipal,2015,0,302.001752140625,0,SUHUM MUNICIPAL,forest_zone,FZ,FOREST ZONE,1
Suhum_Municipal,2016,2.35103903125,302.001752140625,0.778485228839089,SUHUM MUNICIPAL,forest_zone,FZ,FOREST ZONE,1
Suhum_Municipal,2017,0,302.001752140625,0,SUHUM MUNICIPAL,forest_zone,FZ,FOREST ZONE,1
Suhum_Municipal,2018,0.213731328125,302.001752140625,0.0707715523536028,SUHUM MUNICIPAL,forest_zone,FZ,FOREST ZONE,1
Suhum_Municipal,2019,0,302.001752140625,0,SUHUM MUNICIPAL,forest_zone,FZ,FOREST ZONE,1
Suhum_Municipal,2020,5.557000125,302.001752140625,1.84005559093989,SUHUM MUNICIPAL,forest_zone,FZ,FOREST ZONE,1
Suhum_Municipal,2021,0,302.001752140625,0,SUHUM MUNICIPAL,forest_zone,FZ,FOREST ZONE,1
Suhum_Municipal,2022,4.488350046875,302.001752140625,1.48620000217252,SUHUM MUNICIPAL,forest_zone,FZ,FOREST ZONE,1
Suhum_Municipal,2023,0,302.001752140625,0,SUHUM MUNICIPAL,forest_zone,FZ,FOREST ZONE,1
Suhum_Municipal,2024,0,302.001752140625,0,SUHUM MUNICIPAL,forest_zone,FZ,FOREST ZONE,1
Sunyani_Municipal,2001,13.2522135625,414.878088453123,3.19424282249058,SUNYANI MUNICIPAL,transition_zone,TZ,TRANSITION ZONE,1
Sunyani_Municipal,2002,0,414.878088453123,0,SUNYANI MUNICIPAL,transition_zone,TZ,TRANSITION ZONE,1
Sunyani_Municipal,2003,9.191002125,414.878088453123,2.21535009459495,SUNYANI MUNICIPAL,transition_zone,TZ,TRANSITION ZONE,1
Sunyani_Municipal,2004,4.27490815625,414.878088453123,1.03040104436198,SUNYANI MUNICIPAL,transition_zone,TZ,TRANSITION ZONE,1
Sunyani_Municipal,2005,8.12229134375,414.878088453123,1.95775375220081,SUNYANI MUNICIPAL,transition_zone,TZ,TRANSITION ZONE,1
Sunyani_Municipal,2006,17.099569,414.878088453123,4.12158884161752,SUNYANI MUNICIPAL,transition_zone,TZ,TRANSITION ZONE,1
Sunyani_Municipal,2007,0.854982484375,414.878088453123,0.206080414505092,SUNYANI MUNICIPAL,transition_zone,TZ,TRANSITION ZONE,1
Sunyani_Municipal,2008,15.38966453125,414.878088453123,3.70944259520441,SUNYANI MUNICIPAL,transition_zone,TZ,TRANSITION ZONE,1
Sunyani_Municipal,2009,0,414.878088453123,0,SUNYANI MUNICIPAL,transition_zone,TZ,TRANSITION ZONE,1
Sunyani_Municipal,2010,0.427490796875,414.878088453123,0.103040099916798,SUNYANI MUNICIPAL,transition_zone,TZ,TRANSITION ZONE,1
Sunyani_Municipal,2011,0.854982703125,414.878088453123,0.206080467231425,SUNYANI MUNICIPAL,transition_zone,TZ,TRANSITION ZONE,1
Sunyani_Municipal,2012,1.92370959375,414.878088453123,0.463680692543337,SUNYANI MUNICIPAL,transition_zone,TZ,TRANSITION ZONE,1
Sunyani_Municipal,2013,0,414.878088453123,0,SUNYANI MUNICIPAL,transition_zone,TZ,TRANSITION ZONE,1
Sunyani_Municipal,2014,0,414.878088453123,0,SUNYANI MUNICIPAL,transition_zone,TZ,TRANSITION ZONE,1
Sunyani_Municipal,2015,0,414.878088453123,0,SUNYANI MUNICIPAL,transition_zone,TZ,TRANSITION ZONE,1
Sunyani_Municipal,2016,2.351179140625,414.878088453123,0.566715670473558,SUNYANI MUNICIPAL,transition_zone,TZ,TRANSITION ZONE,1
Sunyani_Municipal,2017,0,414.878088453123,0,SUNYANI MUNICIPAL,transition_zone,TZ,TRANSITION ZONE,1
Sunyani_Municipal,2018,0.85497175,414.878088453123,0.206077827148638,SUNYANI MUNICIPAL,transition_zone,TZ,TRANSITION ZONE,1
Sunyani_Municipal,2019,1.068726515625,414.878088453123,0.257600134923914,SUNYANI MUNICIPAL,transition_zone,TZ,TRANSITION ZONE,1
Sunyani_Municipal,2020,1.06872834375,414.878088453123,0.257600575565406,SUNYANI MUNICIPAL,transition_zone,TZ,TRANSITION ZONE,1
Sunyani_Municipal,2021,0,414.878088453123,0,SUNYANI MUNICIPAL,transition_zone,TZ,TRANSITION ZONE,1
Sunyani_Municipal,2022,0,414.878088453123,0,SUNYANI MUNICIPAL,transition_zone,TZ,TRANSITION ZONE,1
Sunyani_Municipal,2023,0,414.878088453123,0,SUNYANI MUNICIPAL,transition_zone,TZ,TRANSITION ZONE,1
Sunyani_Municipal,2024,0,414.878088453123,0,SUNYANI MUNICIPAL,transition_zone,TZ,TRANSITION ZONE,1
Sunyani_West,2001,269.963255265625,902.226641281255,29.9218891255804,SUNYANI WEST,transition_zone,TZ,TRANSITION ZONE,0.999999999999999
Sunyani_West,2002,171.21166390625,902.226641281255,18.9765693089169,SUNYANI WEST,transition_zone,TZ,TRANSITION ZONE,0.999999999999999
Sunyani_West,2003,50.016870796875,902.226641281255,5.54371468413368,SUNYANI WEST,transition_zone,TZ,TRANSITION ZONE,0.999999999999999
Sunyani_West,2004,5.557427453125,902.226641281255,0.615968006135673,SUNYANI WEST,transition_zone,TZ,TRANSITION ZONE,0.999999999999999
Sunyani_West,2005,104.736149,902.226641281255,11.6086296067764,SUNYANI WEST,transition_zone,TZ,TRANSITION ZONE,0.999999999999999
Sunyani_West,2006,147.91298371875,902.226641281255,16.3942159265768,SUNYANI WEST,transition_zone,TZ,TRANSITION ZONE,0.999999999999999
Sunyani_West,2007,278.08545128125,902.226641281255,30.8221281169818,SUNYANI WEST,transition_zone,TZ,TRANSITION ZONE,0.999999999999999
Sunyani_West,2008,344.988044625,902.226641281255,38.2374038672901,SUNYANI WEST,transition_zone,TZ,TRANSITION ZONE,0.999999999999999
Sunyani_West,2009,18.595941078125,902.226641281255,2.06111637888644,SUNYANI WEST,transition_zone,TZ,TRANSITION ZONE,0.999999999999999
Sunyani_West,2010,120.339590984375,902.226641281255,13.3380666761824,SUNYANI WEST,transition_zone,TZ,TRANSITION ZONE,0.999999999999999
Sunyani_West,2011,82.9341688750001,902.226641281255,9.19216581292977,SUNYANI WEST,transition_zone,TZ,TRANSITION ZONE,0.999999999999999
Sunyani_West,2012,301.383892625001,902.226641281255,33.4044550266222,SUNYANI WEST,transition_zone,TZ,TRANSITION ZONE,0.999999999999999
Sunyani_West,2013,215.457468515625,902.226641281255,23.880636932828,SUNYANI WEST,transition_zone,TZ,TRANSITION ZONE,0.999999999999999
Sunyani_West,2014,125.68369653125,902.226641281255,13.930390744477,SUNYANI WEST,transition_zone,TZ,TRANSITION ZONE,0.999999999999999
Sunyani_West,2015,168.860789484375,902.226641281255,18.7160056861738,SUNYANI WEST,transition_zone,TZ,TRANSITION ZONE,0.999999999999999
Sunyani_West,2016,256.283321437501,902.226641281255,28.4056477287738,SUNYANI WEST,transition_zone,TZ,TRANSITION ZONE,0.999999999999999
Sunyani_West,2017,195.36534565625,902.226641281255,21.6536884101328,SUNYANI WEST,transition_zone,TZ,TRANSITION ZONE,0.999999999999999
Sunyani_West,2018,151.760726546875,902.226641281255,16.8206877965119,SUNYANI WEST,transition_zone,TZ,TRANSITION ZONE,0.999999999999999
Sunyani_West,2019,219.091491359375,902.226641281255,24.2834207431785,SUNYANI WEST,transition_zone,TZ,TRANSITION ZONE,0.999999999999999
Sunyani_West,2020,282.36050284375,902.226641281255,31.2959615604754,SUNYANI WEST,transition_zone,TZ,TRANSITION ZONE,0.999999999999999
Sunyani_West,2021,94.0490334218751,902.226641281255,10.4241028937381,SUNYANI WEST,transition_zone,TZ,TRANSITION ZONE,0.999999999999999
Sunyani_West,2022,196.647818171875,902.226641281255,21.7958336823899,SUNYANI WEST,transition_zone,TZ,TRANSITION ZONE,0.999999999999999
Sunyani_West,2023,192.15908525,902.226641281255,21.2983164603867,SUNYANI WEST,transition_zone,TZ,TRANSITION ZONE,0.999999999999999
Sunyani_West,2024,106.659971296875,902.226641281255,11.8218600977474,SUNYANI WEST,transition_zone,TZ,TRANSITION ZONE,0.999999999999999
Tain,2001,124.6172460625,1564.44949304689,7.96556530692453,TAIN,transition_zone,TZ,TRANSITION ZONE,1
Tain,2002,374.495552781251,1564.44949304689,23.9378487094454,TAIN,transition_zone,TZ,TRANSITION ZONE,1
Tain,2003,232.349145328125,1564.44949304689,14.8518150544832,TAIN,transition_zone,TZ,TRANSITION ZONE,1
Tain,2004,195.797742984375,1564.44949304689,12.5154403420876,TAIN,transition_zone,TZ,TRANSITION ZONE,1
Tain,2005,544.21495875,1564.44949304689,34.7863552750493,TAIN,transition_zone,TZ,TRANSITION ZONE,1
Tain,2006,372.570356921875,1564.44949304689,23.8147897121474,TAIN,transition_zone,TZ,TRANSITION ZONE,1
Tain,2007,356.752841953124,1564.44949304689,22.803730228345,TAIN,transition_zone,TZ,TRANSITION ZONE,1
Tain,2008,166.9403975,1564.44949304689,10.6708716543396,TAIN,transition_zone,TZ,TRANSITION ZONE,1
Tain,2009,190.667982640625,1564.44949304689,12.1875447873541,TAIN,transition_zone,TZ,TRANSITION ZONE,1
Tain,2010,298.183282484374,1564.44949304689,19.0599494460916,TAIN,transition_zone,TZ,TRANSITION ZONE,1
Tain,2011,218.669521249999,1564.44949304689,13.9774100871817,TAIN,transition_zone,TZ,TRANSITION ZONE,1
Tain,2012,151.977660015625,1564.44949304689,9.71444975955319,TAIN,transition_zone,TZ,TRANSITION ZONE,1
Tain,2013,249.877054953124,1564.44949304689,15.9722033893512,TAIN,transition_zone,TZ,TRANSITION ZONE,1
Tain,2014,69.89693834375,1564.44949304689,4.46782965218136,TAIN,transition_zone,TZ,TRANSITION ZONE,1
Tain,2015,196.439115390625,1564.44949304689,12.556437025528,TAIN,transition_zone,TZ,TRANSITION ZONE,1
Tain,2016,160.95501296875,1564.44949304689,10.2882843891161,TAIN,transition_zone,TZ,TRANSITION ZONE,1
Tain,2017,60.4922251718751,1564.44949304689,3.86667805133559,TAIN,transition_zone,TZ,TRANSITION ZONE,1
Tain,2018,55.575840953125,1564.44949304689,3.55242155148687,TAIN,transition_zone,TZ,TRANSITION ZONE,1
Tain,2019,86.783240609375,1564.44949304689,5.5472062853469,TAIN,transition_zone,TZ,TRANSITION ZONE,1
Tain,2020,65.408265796875,1564.44949304689,4.18091258858648,TAIN,transition_zone,TZ,TRANSITION ZONE,1
Tain,2021,9.405128875,1564.44949304689,0.60117817269273,TAIN,transition_zone,TZ,TRANSITION ZONE,1
Tain,2022,50.659455890625,1564.44949304689,3.23816499770546,TAIN,transition_zone,TZ,TRANSITION ZONE,1
Tain,2023,100.46297540625,1564.44949304689,6.42161832981838,TAIN,transition_zone,TZ,TRANSITION ZONE,1
Tain,2024,29.7117918125,1564.44949304689,1.89918510917434,TAIN,transition_zone,TZ,TRANSITION ZONE,1
Talensi,2001,251.852589187499,719.213740671879,35.0177666172259,TALENSI,sudan_savannah,SS,SUDAN SAVANNAH,0.999999998640692
Talensi,2002,391.034711171874,719.213740671879,54.3697497779415,TALENSI,sudan_savannah,SS,SUDAN SAVANNAH,0.999999998640692
Talensi,2003,330.744147062499,719.213740671879,45.9869060278969,TALENSI,sudan_savannah,SS,SUDAN SAVANNAH,0.999999998640692
Talensi,2004,333.52319540625,719.213740671879,46.3733069246811,TALENSI,sudan_savannah,SS,SUDAN SAVANNAH,0.999999998640692
Talensi,2005,406.000536890624,719.213740671879,56.4506090374948,TALENSI,sudan_savannah,SS,SUDAN SAVANNAH,0.999999998640692
Talensi,2006,389.538035718751,719.213740671879,54.1616509377101,TALENSI,sudan_savannah,SS,SUDAN SAVANNAH,0.999999998640692
Talensi,2007,284.56394509375,719.213740671879,39.5659772612123,TALENSI,sudan_savannah,SS,SUDAN SAVANNAH,0.999999998640692
Talensi,2008,289.481357453125,719.213740671879,40.2496978412419,TALENSI,sudan_savannah,SS,SUDAN SAVANNAH,0.999999998640692
Talensi,2009,329.461525171873,719.213740671879,45.8085693502039,TALENSI,sudan_savannah,SS,SUDAN SAVANNAH,0.999999998640692
Talensi,2010,341.86176196875,719.213740671879,47.5327072657688,TALENSI,sudan_savannah,SS,SUDAN SAVANNAH,0.999999998640692
Talensi,2011,349.9857315,719.213740671879,48.6622698800288,TALENSI,sudan_savannah,SS,SUDAN SAVANNAH,0.999999998640692
Talensi,2012,249.0736765625,719.213740671879,34.6313845908755,TALENSI,sudan_savannah,SS,SUDAN SAVANNAH,0.999999998640692
Talensi,2013,307.012625593749,719.213740671879,42.6872580753174,TALENSI,sudan_savannah,SS,SUDAN SAVANNAH,0.999999998640692
Talensi,2014,366.234419921874,719.213740671879,50.9214993000194,TALENSI,sudan_savannah,SS,SUDAN SAVANNAH,0.999999998640692
Talensi,2015,276.653572031249,719.213740671879,38.4661132548446,TALENSI,sudan_savannah,SS,SUDAN SAVANNAH,0.999999998640692
Talensi,2016,325.399538828125,719.213740671879,45.2437878236505,TALENSI,sudan_savannah,SS,SUDAN SAVANNAH,0.999999998640692
Talensi,2017,387.613818468749,719.213740671879,53.8941063760331,TALENSI,sudan_savannah,SS,SUDAN SAVANNAH,0.999999998640692
Talensi,2018,153.292526,719.213740671879,21.3139039664059,TALENSI,sudan_savannah,SS,SUDAN SAVANNAH,0.999999998640692
Talensi,2019,235.390569203125,719.213740671879,32.7288754221,TALENSI,sudan_savannah,SS,SUDAN SAVANNAH,0.999999998640692
Talensi,2020,195.83826196875,719.213740671879,27.2294939451241,TALENSI,sudan_savannah,SS,SUDAN SAVANNAH,0.999999998640692
Talensi,2021,231.114821296875,719.213740671879,32.1343723328994,TALENSI,sudan_savannah,SS,SUDAN SAVANNAH,0.999999998640692
Talensi,2022,202.67928615625,719.213740671879,28.1806749085342,TALENSI,sudan_savannah,SS,SUDAN SAVANNAH,0.999999998640692
Talensi,2023,255.059768750001,719.213740671879,35.4636951891002,TALENSI,sudan_savannah,SS,SUDAN SAVANNAH,0.999999998640692
Talensi,2024,114.381545859375,719.213740671879,15.9036930735669,TALENSI,sudan_savannah,SS,SUDAN SAVANNAH,0.999999998640692
Tamale_Metropolitan,2001,168.0273983125,539.568304734377,31.1410801631904,TAMALE METROPOLITAN,guinea_savannah,GS,GUINEA SAVANNAH,0.999999999999999
Tamale_Metropolitan,2002,221.898540109375,539.568304734377,41.1251991939395,TAMALE METROPOLITAN,guinea_savannah,GS,GUINEA SAVANNAH,0.999999999999999
Tamale_Metropolitan,2003,223.395089046875,539.568304734377,41.4025596178874,TAMALE METROPOLITAN,guinea_savannah,GS,GUINEA SAVANNAH,0.999999999999999
Tamale_Metropolitan,2004,135.3197986875,539.568304734377,25.0792712433538,TAMALE METROPOLITAN,guinea_savannah,GS,GUINEA SAVANNAH,0.999999999999999
Tamale_Metropolitan,2005,237.718003328125,539.568304734377,44.0570732643665,TAMALE METROPOLITAN,guinea_savannah,GS,GUINEA SAVANNAH,0.999999999999999
Tamale_Metropolitan,2006,156.910984828125,539.568304734377,29.0808380424366,TAMALE METROPOLITAN,guinea_savannah,GS,GUINEA SAVANNAH,0.999999999999999
Tamale_Metropolitan,2007,108.170307453125,539.568304734377,20.0475651560697,TAMALE METROPOLITAN,guinea_savannah,GS,GUINEA SAVANNAH,0.999999999999999
Tamale_Metropolitan,2008,161.613978046875,539.568304734377,29.9524595178799,TAMALE METROPOLITAN,guinea_savannah,GS,GUINEA SAVANNAH,0.999999999999999
Tamale_Metropolitan,2009,115.652421265625,539.568304734377,21.434250353634,TAMALE METROPOLITAN,guinea_savannah,GS,GUINEA SAVANNAH,0.999999999999999
Tamale_Metropolitan,2010,196.459440234375,539.568304734377,36.4104856624389,TAMALE METROPOLITAN,guinea_savannah,GS,GUINEA SAVANNAH,0.999999999999999
Tamale_Metropolitan,2011,279.1903155625,539.568304734377,51.7432757100033,TAMALE METROPOLITAN,guinea_savannah,GS,GUINEA SAVANNAH,0.999999999999999
Tamale_Metropolitan,2012,300.354090828126,539.568304734377,55.6656290209608,TAMALE METROPOLITAN,guinea_savannah,GS,GUINEA SAVANNAH,0.999999999999999
Tamale_Metropolitan,2013,220.616021265625,539.568304734377,40.8875056836838,TAMALE METROPOLITAN,guinea_savannah,GS,GUINEA SAVANNAH,0.999999999999999
Tamale_Metropolitan,2014,272.349590375001,539.568304734377,50.4754612132147,TAMALE METROPOLITAN,guinea_savannah,GS,GUINEA SAVANNAH,0.999999999999999
Tamale_Metropolitan,2015,192.82539975,539.568304734377,35.7369767753363,TAMALE METROPOLITAN,guinea_savannah,GS,GUINEA SAVANNAH,0.999999999999999
Tamale_Metropolitan,2016,212.920028875001,539.568304734377,39.4611816533253,TAMALE METROPOLITAN,guinea_savannah,GS,GUINEA SAVANNAH,0.999999999999999
Tamale_Metropolitan,2017,345.033254531251,539.568304734377,63.9461679835153,TAMALE METROPOLITAN,guinea_savannah,GS,GUINEA SAVANNAH,0.999999999999999
Tamale_Metropolitan,2018,108.17022053125,539.568304734377,20.0475490465477,TAMALE METROPOLITAN,guinea_savannah,GS,GUINEA SAVANNAH,0.999999999999999
Tamale_Metropolitan,2019,269.9981568125,539.568304734377,50.0396621601813,TAMALE METROPOLITAN,guinea_savannah,GS,GUINEA SAVANNAH,0.999999999999999
Tamale_Metropolitan,2020,311.25675909375,539.568304734377,57.6862570248595,TAMALE METROPOLITAN,guinea_savannah,GS,GUINEA SAVANNAH,0.999999999999999
Tamale_Metropolitan,2021,194.321643375,539.568304734377,36.0142806146966,TAMALE METROPOLITAN,guinea_savannah,GS,GUINEA SAVANNAH,0.999999999999999
Tamale_Metropolitan,2022,323.869454578125,539.568304734377,60.0238100971409,TAMALE METROPOLITAN,guinea_savannah,GS,GUINEA SAVANNAH,0.999999999999999
Tamale_Metropolitan,2023,190.901126171875,539.568304734377,35.3803447120292,TAMALE METROPOLITAN,guinea_savannah,GS,GUINEA SAVANNAH,0.999999999999999
Tamale_Metropolitan,2024,163.751682875,539.568304734377,30.3486475091625,TAMALE METROPOLITAN,guinea_savannah,GS,GUINEA SAVANNAH,0.999999999999999
Tano_North_Municipal,2001,25.64934,713.690675687494,3.59390151416678,TANO NORTH MUNICIPAL,transition_zone,TZ,TRANSITION ZONE,0.999999999774096
Tano_North_Municipal,2002,2.3512025625,713.690675687494,0.329442802406673,TANO NORTH MUNICIPAL,transition_zone,TZ,TRANSITION ZONE,0.999999999774096
Tano_North_Municipal,2003,35.26792103125,713.690675687494,4.94162558552088,TANO NORTH MUNICIPAL,transition_zone,TZ,TRANSITION ZONE,0.999999999774096
Tano_North_Municipal,2004,7.908550609375,713.690675687494,1.10812020932692,TANO NORTH MUNICIPAL,transition_zone,TZ,TRANSITION ZONE,0.999999999774096
Tano_North_Municipal,2005,20.733276140625,713.690675687494,2.90507874726719,TANO NORTH MUNICIPAL,transition_zone,TZ,TRANSITION ZONE,0.999999999774096
Tano_North_Municipal,2006,27.145486109375,713.690675687494,3.80353660683964,TANO NORTH MUNICIPAL,transition_zone,TZ,TRANSITION ZONE,0.999999999774096
Tano_North_Municipal,2007,62.199708265625,713.690675687494,8.71521940590137,TANO NORTH MUNICIPAL,transition_zone,TZ,TRANSITION ZONE,0.999999999774096
Tano_North_Municipal,2008,120.1246171875,713.690675687494,16.8314679285651,TANO NORTH MUNICIPAL,transition_zone,TZ,TRANSITION ZONE,0.999999999774096
Tano_North_Municipal,2009,0,713.690675687494,0,TANO NORTH MUNICIPAL,transition_zone,TZ,TRANSITION ZONE,0.999999999774096
Tano_North_Municipal,2010,24.153162765625,713.690675687494,3.38426206036087,TANO NORTH MUNICIPAL,transition_zone,TZ,TRANSITION ZONE,0.999999999774096
Tano_North_Municipal,2011,0,713.690675687494,0,TANO NORTH MUNICIPAL,transition_zone,TZ,TRANSITION ZONE,0.999999999774096
Tano_North_Municipal,2012,59.848361484375,713.690675687494,8.38575639603579,TANO NORTH MUNICIPAL,transition_zone,TZ,TRANSITION ZONE,0.999999999774096
Tano_North_Municipal,2013,0.4274875625,713.690675687494,0.0598981571516545,TANO NORTH MUNICIPAL,transition_zone,TZ,TRANSITION ZONE,0.999999999774096
Tano_North_Municipal,2014,2.778683015625,713.690675687494,0.389339963415987,TANO NORTH MUNICIPAL,transition_zone,TZ,TRANSITION ZONE,0.999999999774096
Tano_North_Municipal,2015,5.34362065625,713.690675687494,0.748730624945117,TANO NORTH MUNICIPAL,transition_zone,TZ,TRANSITION ZONE,0.999999999774096
Tano_North_Municipal,2016,72.4588215156249,713.690675687494,10.1526927538777,TANO NORTH MUNICIPAL,transition_zone,TZ,TRANSITION ZONE,0.999999999774096
Tano_North_Municipal,2017,5.771093671875,713.690675687494,0.80862674383629,TANO NORTH MUNICIPAL,transition_zone,TZ,TRANSITION ZONE,0.999999999774096
Tano_North_Municipal,2018,3.63365259375,713.690675687494,0.509135500509338,TANO NORTH MUNICIPAL,transition_zone,TZ,TRANSITION ZONE,0.999999999774096
Tano_North_Municipal,2019,23.511865109375,713.690675687494,3.29440553314308,TANO NORTH MUNICIPAL,transition_zone,TZ,TRANSITION ZONE,0.999999999774096
Tano_North_Municipal,2020,56.0005655,713.690675687494,7.84661582499379,TANO NORTH MUNICIPAL,transition_zone,TZ,TRANSITION ZONE,0.999999999774096
Tano_North_Municipal,2021,0,713.690675687494,0,TANO NORTH MUNICIPAL,transition_zone,TZ,TRANSITION ZONE,0.999999999774096
Tano_North_Municipal,2022,8.977210796875,713.690675687494,1.25785737472713,TANO NORTH MUNICIPAL,transition_zone,TZ,TRANSITION ZONE,0.999999999774096
Tano_North_Municipal,2023,0,713.690675687494,0,TANO NORTH MUNICIPAL,transition_zone,TZ,TRANSITION ZONE,0.999999999774096
Tano_North_Municipal,2024,2.56494103125,713.690675687494,0.3593911366124,TANO NORTH MUNICIPAL,transition_zone,TZ,TRANSITION ZONE,0.999999999774096
Tano_South_Municipal,2001,23.9394071875,417.0143653125,5.74066727163233,TANO SOUTH MUNICIPAL,transition_zone,TZ,TRANSITION ZONE,0.999999999533801
Tano_South_Municipal,2002,25.008148296875,417.0143653125,5.99695127484026,TANO SOUTH MUNICIPAL,transition_zone,TZ,TRANSITION ZONE,0.999999999533801
Tano_South_Municipal,2003,5.343622625,417.0143653125,1.28140013138291,TANO SOUTH MUNICIPAL,transition_zone,TZ,TRANSITION ZONE,0.999999999533801
Tano_South_Municipal,2004,15.17582840625,417.0143653125,3.63916202140365,TANO SOUTH MUNICIPAL,transition_zone,TZ,TRANSITION ZONE,0.999999999533801
Tano_South_Municipal,2005,0,417.0143653125,0,TANO SOUTH MUNICIPAL,transition_zone,TZ,TRANSITION ZONE,0.999999999533801
Tano_South_Municipal,2006,0,417.0143653125,0,TANO SOUTH MUNICIPAL,transition_zone,TZ,TRANSITION ZONE,0.999999999533801
Tano_South_Municipal,2007,8.3360325,417.0143653125,1.99897969791836,TANO SOUTH MUNICIPAL,transition_zone,TZ,TRANSITION ZONE,0.999999999533801
Tano_South_Municipal,2008,18.3820453125,417.0143653125,4.4080124910625,TANO SOUTH MUNICIPAL,transition_zone,TZ,TRANSITION ZONE,0.999999999533801
Tano_South_Municipal,2009,0.21374440625,417.0143653125,0.0512558856551201,TANO SOUTH MUNICIPAL,transition_zone,TZ,TRANSITION ZONE,0.999999999533801
Tano_South_Municipal,2010,18.809457953125,417.0143653125,4.51050599636529,TANO SOUTH MUNICIPAL,transition_zone,TZ,TRANSITION ZONE,0.999999999533801
Tano_South_Municipal,2011,0,417.0143653125,0,TANO SOUTH MUNICIPAL,transition_zone,TZ,TRANSITION ZONE,0.999999999533801
Tano_South_Municipal,2012,21.801893671875,417.0143653125,5.22809176022922,TANO SOUTH MUNICIPAL,transition_zone,TZ,TRANSITION ZONE,0.999999999533801
Tano_South_Municipal,2013,5.7710945625,417.0143653125,1.38390785606997,TANO SOUTH MUNICIPAL,transition_zone,TZ,TRANSITION ZONE,0.999999999533801
Tano_South_Municipal,2014,2.137449078125,417.0143653125,0.512560059297537,TANO SOUTH MUNICIPAL,transition_zone,TZ,TRANSITION ZONE,0.999999999533801
Tano_South_Municipal,2015,4.061138875,417.0143653125,0.973860665916552,TANO SOUTH MUNICIPAL,transition_zone,TZ,TRANSITION ZONE,0.999999999533801
Tano_South_Municipal,2016,3.633654484375,417.0143653125,0.871349954971462,TANO SOUTH MUNICIPAL,transition_zone,TZ,TRANSITION ZONE,0.999999999533801
Tano_South_Municipal,2017,0.85497715625,417.0143653125,0.205023430214281,TANO SOUTH MUNICIPAL,transition_zone,TZ,TRANSITION ZONE,0.999999999533801
Tano_South_Municipal,2018,2.77867309375,417.0143653125,0.666325509354511,TANO SOUTH MUNICIPAL,transition_zone,TZ,TRANSITION ZONE,0.999999999533801
Tano_South_Municipal,2019,5.1298715,417.0143653125,1.23014263457227,TANO SOUTH MUNICIPAL,transition_zone,TZ,TRANSITION ZONE,0.999999999533801
Tano_South_Municipal,2020,4.06113671875,417.0143653125,0.973860148848034,TANO SOUTH MUNICIPAL,transition_zone,TZ,TRANSITION ZONE,0.999999999533801
Tano_South_Municipal,2021,0,417.0143653125,0,TANO SOUTH MUNICIPAL,transition_zone,TZ,TRANSITION ZONE,0.999999999533801
Tano_South_Municipal,2022,0.427488359375,417.0143653125,0.102511662650914,TANO SOUTH MUNICIPAL,transition_zone,TZ,TRANSITION ZONE,0.999999999533801
Tano_South_Municipal,2023,0,417.0143653125,0,TANO SOUTH MUNICIPAL,transition_zone,TZ,TRANSITION ZONE,0.999999999533801
Tano_South_Municipal,2024,0.213743421875,417.0143653125,0.0512556496021009,TANO SOUTH MUNICIPAL,transition_zone,TZ,TRANSITION ZONE,0.999999999533801
Tarkwa_Nsuaem,2001,0,748.8826589375,0,TARKWA NSUAEM,coastal_zone,CZ,COASTAL ZONE,0.999999999143885
Tarkwa_Nsuaem,2002,0,748.8826589375,0,TARKWA NSUAEM,coastal_zone,CZ,COASTAL ZONE,0.999999999143885
Tarkwa_Nsuaem,2003,0,748.8826589375,0,TARKWA NSUAEM,coastal_zone,CZ,COASTAL ZONE,0.999999999143885
Tarkwa_Nsuaem,2004,10.044863171875,748.8826589375,1.34131336224642,TARKWA NSUAEM,coastal_zone,CZ,COASTAL ZONE,0.999999999143885
Tarkwa_Nsuaem,2005,0,748.8826589375,0,TARKWA NSUAEM,coastal_zone,CZ,COASTAL ZONE,0.999999999143885
Tarkwa_Nsuaem,2006,0,748.8826589375,0,TARKWA NSUAEM,coastal_zone,CZ,COASTAL ZONE,0.999999999143885
Tarkwa_Nsuaem,2007,0,748.8826589375,0,TARKWA NSUAEM,coastal_zone,CZ,COASTAL ZONE,0.999999999143885
Tarkwa_Nsuaem,2008,0,748.8826589375,0,TARKWA NSUAEM,coastal_zone,CZ,COASTAL ZONE,0.999999999143885
Tarkwa_Nsuaem,2009,0.21372028125,748.8826589375,0.0285385538975121,TARKWA NSUAEM,coastal_zone,CZ,COASTAL ZONE,0.999999999143885
Tarkwa_Nsuaem,2010,0,748.8826589375,0,TARKWA NSUAEM,coastal_zone,CZ,COASTAL ZONE,0.999999999143885
Tarkwa_Nsuaem,2011,0.42744246875,748.8826589375,0.0570773623409102,TARKWA NSUAEM,coastal_zone,CZ,COASTAL ZONE,0.999999999143885
Tarkwa_Nsuaem,2012,0.21372034375,748.8826589375,0.0285385622432788,TARKWA NSUAEM,coastal_zone,CZ,COASTAL ZONE,0.999999999143885
Tarkwa_Nsuaem,2013,1.496044328125,748.8826589375,0.19977019233528,TARKWA NSUAEM,coastal_zone,CZ,COASTAL ZONE,0.999999999143885
Tarkwa_Nsuaem,2014,0,748.8826589375,0,TARKWA NSUAEM,coastal_zone,CZ,COASTAL ZONE,0.999999999143885
Tarkwa_Nsuaem,2015,0,748.8826589375,0,TARKWA NSUAEM,coastal_zone,CZ,COASTAL ZONE,0.999999999143885
Tarkwa_Nsuaem,2016,0,748.8826589375,0,TARKWA NSUAEM,coastal_zone,CZ,COASTAL ZONE,0.999999999143885
Tarkwa_Nsuaem,2017,0,748.8826589375,0,TARKWA NSUAEM,coastal_zone,CZ,COASTAL ZONE,0.999999999143885
Tarkwa_Nsuaem,2018,0,748.8826589375,0,TARKWA NSUAEM,coastal_zone,CZ,COASTAL ZONE,0.999999999143885
Tarkwa_Nsuaem,2019,0,748.8826589375,0,TARKWA NSUAEM,coastal_zone,CZ,COASTAL ZONE,0.999999999143885
Tarkwa_Nsuaem,2020,0,748.8826589375,0,TARKWA NSUAEM,coastal_zone,CZ,COASTAL ZONE,0.999999999143885
Tarkwa_Nsuaem,2021,0,748.8826589375,0,TARKWA NSUAEM,coastal_zone,CZ,COASTAL ZONE,0.999999999143885
Tarkwa_Nsuaem,2022,0,748.8826589375,0,TARKWA NSUAEM,coastal_zone,CZ,COASTAL ZONE,0.999999999143885
Tarkwa_Nsuaem,2023,0,748.8826589375,0,TARKWA NSUAEM,coastal_zone,CZ,COASTAL ZONE,0.999999999143885
Tarkwa_Nsuaem,2024,0,748.8826589375,0,TARKWA NSUAEM,coastal_zone,CZ,COASTAL ZONE,0.999999999143885
Tatale_Sanguli,2001,499.799117593751,935.896551765628,53.4032438361748,TATALE SANGULI,guinea_savannah,GS,GUINEA SAVANNAH,0.999999998362015
Tatale_Sanguli,2002,296.715539125,935.896551765628,31.7038820759867,TATALE SANGULI,guinea_savannah,GS,GUINEA SAVANNAH,0.999999998362015
Tatale_Sanguli,2003,462.81652953125,935.896551765628,49.4516758992345,TATALE SANGULI,guinea_savannah,GS,GUINEA SAVANNAH,0.999999998362015
Tatale_Sanguli,2004,158.19205490625,935.896551765628,16.9027286838284,TATALE SANGULI,guinea_savannah,GS,GUINEA SAVANNAH,0.999999998362015
Tatale_Sanguli,2005,504.50138025,935.896551765628,53.905677854911,TATALE SANGULI,guinea_savannah,GS,GUINEA SAVANNAH,0.999999998362015
Tatale_Sanguli,2006,285.38539065625,935.896551765628,30.4932623288175,TATALE SANGULI,guinea_savannah,GS,GUINEA SAVANNAH,0.999999998362015
Tatale_Sanguli,2007,241.990431953125,935.896551765628,25.8565363337,TATALE SANGULI,guinea_savannah,GS,GUINEA SAVANNAH,0.999999998362015
Tatale_Sanguli,2008,288.59138734375,935.896551765628,30.8358212026003,TATALE SANGULI,guinea_savannah,GS,GUINEA SAVANNAH,0.999999998362015
Tatale_Sanguli,2009,184.0572668125,935.896551765628,19.6664114709328,TATALE SANGULI,guinea_savannah,GS,GUINEA SAVANNAH,0.999999998362015
Tatale_Sanguli,2010,318.94793896875,935.896551765628,34.0794010157463,TATALE SANGULI,guinea_savannah,GS,GUINEA SAVANNAH,0.999999998362015
Tatale_Sanguli,2011,386.712429484375,935.896551765628,41.3199972534163,TATALE SANGULI,guinea_savannah,GS,GUINEA SAVANNAH,0.999999998362015
Tatale_Sanguli,2012,228.735608671875,935.896551765628,24.44026620681,TATALE SANGULI,guinea_savannah,GS,GUINEA SAVANNAH,0.999999998362015
Tatale_Sanguli,2013,202.655753984375,935.896551765628,21.6536489638788,TATALE SANGULI,guinea_savannah,GS,GUINEA SAVANNAH,0.999999998362015
Tatale_Sanguli,2014,261.871233671875,935.896551765628,27.9807883871181,TATALE SANGULI,guinea_savannah,GS,GUINEA SAVANNAH,0.999999998362015
Tatale_Sanguli,2015,277.902765234375,935.896551765628,29.693748172284,TATALE SANGULI,guinea_savannah,GS,GUINEA SAVANNAH,0.999999998362015
Tatale_Sanguli,2016,342.463782171875,935.896551765628,36.5920551289344,TATALE SANGULI,guinea_savannah,GS,GUINEA SAVANNAH,0.999999998362015
Tatale_Sanguli,2017,292.439173609375,935.896551765628,31.2469549180056,TATALE SANGULI,guinea_savannah,GS,GUINEA SAVANNAH,0.999999998362015
Tatale_Sanguli,2018,238.568975046875,935.896551765628,25.4909556613709,TATALE SANGULI,guinea_savannah,GS,GUINEA SAVANNAH,0.999999998362015
Tatale_Sanguli,2019,303.983458015625,935.896551765628,32.480454965043,TATALE SANGULI,guinea_savannah,GS,GUINEA SAVANNAH,0.999999998362015
Tatale_Sanguli,2020,175.2938090625,935.896551765628,18.7300411281351,TATALE SANGULI,guinea_savannah,GS,GUINEA SAVANNAH,0.999999998362015
Tatale_Sanguli,2021,267.642491859375,935.896551765628,28.5974439540834,TATALE SANGULI,guinea_savannah,GS,GUINEA SAVANNAH,0.999999998362015
Tatale_Sanguli,2022,295.860112546875,935.896551765628,31.6124802456763,TATALE SANGULI,guinea_savannah,GS,GUINEA SAVANNAH,0.999999998362015
Tatale_Sanguli,2023,110.94825040625,935.896551765628,11.8547557630102,TATALE SANGULI,guinea_savannah,GS,GUINEA SAVANNAH,0.999999998362015
Tatale_Sanguli,2024,257.166835390625,935.896551765628,27.4781261780977,TATALE SANGULI,guinea_savannah,GS,GUINEA SAVANNAH,0.999999998362015
Techiman_Municipal,2001,25.222224625,543.562059640629,4.64017386380415,TECHIMAN MUNICIPAL,transition_zone,TZ,TRANSITION ZONE,1
Techiman_Municipal,2002,5.77117653125,543.562059640629,1.06173277345103,TECHIMAN MUNICIPAL,transition_zone,TZ,TRANSITION ZONE,1
Techiman_Municipal,2003,15.81730334375,543.562059640629,2.90993513311203,TECHIMAN MUNICIPAL,transition_zone,TZ,TRANSITION ZONE,1
Techiman_Municipal,2004,25.6497239375,543.562059640629,4.71882161062862,TECHIMAN MUNICIPAL,transition_zone,TZ,TRANSITION ZONE,1
Techiman_Municipal,2005,11.75609203125,543.562059640629,2.16278745411746,TECHIMAN MUNICIPAL,transition_zone,TZ,TRANSITION ZONE,1
Techiman_Municipal,2006,2.77871278125,543.562059640629,0.511204329288016,TECHIMAN MUNICIPAL,transition_zone,TZ,TRANSITION ZONE,1
Techiman_Municipal,2007,11.9698908125,543.562059640629,2.20212036513619,TECHIMAN MUNICIPAL,transition_zone,TZ,TRANSITION ZONE,1
Techiman_Municipal,2008,15.389806453125,543.562059640629,2.83128783184386,TECHIMAN MUNICIPAL,transition_zone,TZ,TRANSITION ZONE,1
Techiman_Municipal,2009,11.3286071875,543.562059640629,2.08414236913257,TECHIMAN MUNICIPAL,transition_zone,TZ,TRANSITION ZONE,1
Techiman_Municipal,2010,8.763637859375,543.562059640629,1.61226077205775,TECHIMAN MUNICIPAL,transition_zone,TZ,TRANSITION ZONE,1
Techiman_Municipal,2011,6.8399073125,543.562059640629,1.2583489210086,TECHIMAN MUNICIPAL,transition_zone,TZ,TRANSITION ZONE,1
Techiman_Municipal,2012,4.48870084375,543.562059640629,0.825793626346486,TECHIMAN MUNICIPAL,transition_zone,TZ,TRANSITION ZONE,1
Techiman_Municipal,2013,20.733488171875,543.562059640629,3.81437368634278,TECHIMAN MUNICIPAL,transition_zone,TZ,TRANSITION ZONE,1
Techiman_Municipal,2014,1.282484578125,543.562059640629,0.235940782727349,TECHIMAN MUNICIPAL,transition_zone,TZ,TRANSITION ZONE,1
Techiman_Municipal,2015,14.3210731875,543.562059640629,2.63467122723176,TECHIMAN MUNICIPAL,transition_zone,TZ,TRANSITION ZONE,1
Techiman_Municipal,2016,1.282485125,543.562059640629,0.235940883336836,TECHIMAN MUNICIPAL,transition_zone,TZ,TRANSITION ZONE,1
Techiman_Municipal,2017,0,543.562059640629,0,TECHIMAN MUNICIPAL,transition_zone,TZ,TRANSITION ZONE,1
Techiman_Municipal,2018,2.351219328125,543.562059640629,0.432557660422342,TECHIMAN MUNICIPAL,transition_zone,TZ,TRANSITION ZONE,1
Techiman_Municipal,2019,9.618636234375,543.562059640629,1.76955621971377,TECHIMAN MUNICIPAL,transition_zone,TZ,TRANSITION ZONE,1
Techiman_Municipal,2020,0.854991703125,543.562059640629,0.157294220220276,TECHIMAN MUNICIPAL,transition_zone,TZ,TRANSITION ZONE,1
Techiman_Municipal,2021,0.641245140625,543.562059640629,0.117970915970286,TECHIMAN MUNICIPAL,transition_zone,TZ,TRANSITION ZONE,1
Techiman_Municipal,2022,0.42749428125,543.562059640629,0.0786468212171824,TECHIMAN MUNICIPAL,transition_zone,TZ,TRANSITION ZONE,1
Techiman_Municipal,2023,0.427494015625,543.562059640629,0.0786467723497173,TECHIMAN MUNICIPAL,transition_zone,TZ,TRANSITION ZONE,1
Techiman_Municipal,2024,0,543.562059640629,0,TECHIMAN MUNICIPAL,transition_zone,TZ,TRANSITION ZONE,1
Techiman_North,2001,8.97752275,332.382013984375,2.70096526655682,TECHIMAN NORTH,transition_zone,TZ,TRANSITION ZONE,1
Techiman_North,2002,2.778765203125,332.382013984375,0.836015514141397,TECHIMAN NORTH,transition_zone,TZ,TRANSITION ZONE,1
Techiman_North,2003,0,332.382013984375,0,TECHIMAN NORTH,transition_zone,TZ,TRANSITION ZONE,1
Techiman_North,2004,4.061259890625,332.382013984375,1.221865118976,TECHIMAN NORTH,transition_zone,TZ,TRANSITION ZONE,1
Techiman_North,2005,0.855002375,332.382013984375,0.257234849970009,TECHIMAN NORTH,transition_zone,TZ,TRANSITION ZONE,1
Techiman_North,2006,0.4275011875,332.382013984375,0.128617424985004,TECHIMAN NORTH,transition_zone,TZ,TRANSITION ZONE,1
Techiman_North,2007,2.992510578125,332.382013984375,0.900322656527882,TECHIMAN NORTH,transition_zone,TZ,TRANSITION ZONE,1
Techiman_North,2008,9.405036625,332.382013984375,2.82958650868579,TECHIMAN NORTH,transition_zone,TZ,TRANSITION ZONE,1
Techiman_North,2009,0,332.382013984375,0,TECHIMAN NORTH,transition_zone,TZ,TRANSITION ZONE,1
Techiman_North,2010,12.397525765625,332.382013984375,3.72990271555662,TECHIMAN NORTH,transition_zone,TZ,TRANSITION ZONE,1
Techiman_North,2011,4.70250065625,332.382013984375,1.41478794230757,TECHIMAN NORTH,transition_zone,TZ,TRANSITION ZONE,1
Techiman_North,2012,17.527578546875,332.382013984375,5.27332340783607,TECHIMAN NORTH,transition_zone,TZ,TRANSITION ZONE,1
Techiman_North,2013,6.198772265625,332.382013984375,1.8649541806785,TECHIMAN NORTH,transition_zone,TZ,TRANSITION ZONE,1
Techiman_North,2014,6.19877171875,332.382013984375,1.86495401614643,TECHIMAN NORTH,transition_zone,TZ,TRANSITION ZONE,1
Techiman_North,2015,12.825038125,332.382013984375,3.85852350169673,TECHIMAN NORTH,transition_zone,TZ,TRANSITION ZONE,1
Techiman_North,2016,3.847505609375,332.382013984375,1.15755529706727,TECHIMAN NORTH,transition_zone,TZ,TRANSITION ZONE,1
Techiman_North,2017,0,332.382013984375,0,TECHIMAN NORTH,transition_zone,TZ,TRANSITION ZONE,1
Techiman_North,2018,1.923757125,332.382013984375,0.578778948336969,TECHIMAN NORTH,transition_zone,TZ,TRANSITION ZONE,1
Techiman_North,2019,3.206261046875,332.382013984375,0.964631331413055,TECHIMAN NORTH,transition_zone,TZ,TRANSITION ZONE,1
Techiman_North,2020,5.7712718125,332.382013984375,1.73633697663656,TECHIMAN NORTH,transition_zone,TZ,TRANSITION ZONE,1
Techiman_North,2021,0,332.382013984375,0,TECHIMAN NORTH,transition_zone,TZ,TRANSITION ZONE,1
Techiman_North,2022,0,332.382013984375,0,TECHIMAN NORTH,transition_zone,TZ,TRANSITION ZONE,1
Techiman_North,2023,3.206261734375,332.382013984375,0.964631538253369,TECHIMAN NORTH,transition_zone,TZ,TRANSITION ZONE,1
Techiman_North,2024,2.778760578125,332.382013984375,0.836014122670196,TECHIMAN NORTH,transition_zone,TZ,TRANSITION ZONE,1
Tema_Metropolitan,2001,0,0.854906984375,0,TEMA METROPOLITAN,coastal_zone,CZ,COASTAL ZONE,0.999999996631319
Tema_Metropolitan,2002,0,0.854906984375,0,TEMA METROPOLITAN,coastal_zone,CZ,COASTAL ZONE,0.999999996631319
Tema_Metropolitan,2003,0,0.854906984375,0,TEMA METROPOLITAN,coastal_zone,CZ,COASTAL ZONE,0.999999996631319
Tema_Metropolitan,2004,0,0.854906984375,0,TEMA METROPOLITAN,coastal_zone,CZ,COASTAL ZONE,0.999999996631319
Tema_Metropolitan,2005,0,0.854906984375,0,TEMA METROPOLITAN,coastal_zone,CZ,COASTAL ZONE,0.999999996631319
Tema_Metropolitan,2006,0,0.854906984375,0,TEMA METROPOLITAN,coastal_zone,CZ,COASTAL ZONE,0.999999996631319
Tema_Metropolitan,2007,0,0.854906984375,0,TEMA METROPOLITAN,coastal_zone,CZ,COASTAL ZONE,0.999999996631319
Tema_Metropolitan,2008,0,0.854906984375,0,TEMA METROPOLITAN,coastal_zone,CZ,COASTAL ZONE,0.999999996631319
Tema_Metropolitan,2009,0,0.854906984375,0,TEMA METROPOLITAN,coastal_zone,CZ,COASTAL ZONE,0.999999996631319
Tema_Metropolitan,2010,0,0.854906984375,0,TEMA METROPOLITAN,coastal_zone,CZ,COASTAL ZONE,0.999999996631319
Tema_Metropolitan,2011,0,0.854906984375,0,TEMA METROPOLITAN,coastal_zone,CZ,COASTAL ZONE,0.999999996631319
Tema_Metropolitan,2012,0,0.854906984375,0,TEMA METROPOLITAN,coastal_zone,CZ,COASTAL ZONE,0.999999996631319
Tema_Metropolitan,2013,0,0.854906984375,0,TEMA METROPOLITAN,coastal_zone,CZ,COASTAL ZONE,0.999999996631319
Tema_Metropolitan,2014,0,0.854906984375,0,TEMA METROPOLITAN,coastal_zone,CZ,COASTAL ZONE,0.999999996631319
Tema_Metropolitan,2015,0,0.854906984375,0,TEMA METROPOLITAN,coastal_zone,CZ,COASTAL ZONE,0.999999996631319
Tema_Metropolitan,2016,0,0.854906984375,0,TEMA METROPOLITAN,coastal_zone,CZ,COASTAL ZONE,0.999999996631319
Tema_Metropolitan,2017,0,0.854906984375,0,TEMA METROPOLITAN,coastal_zone,CZ,COASTAL ZONE,0.999999996631319
Tema_Metropolitan,2018,0,0.854906984375,0,TEMA METROPOLITAN,coastal_zone,CZ,COASTAL ZONE,0.999999996631319
Tema_Metropolitan,2019,0,0.854906984375,0,TEMA METROPOLITAN,coastal_zone,CZ,COASTAL ZONE,0.999999996631319
Tema_Metropolitan,2020,0,0.854906984375,0,TEMA METROPOLITAN,coastal_zone,CZ,COASTAL ZONE,0.999999996631319
Tema_Metropolitan,2021,0,0.854906984375,0,TEMA METROPOLITAN,coastal_zone,CZ,COASTAL ZONE,0.999999996631319
Tema_Metropolitan,2022,0,0.854906984375,0,TEMA METROPOLITAN,coastal_zone,CZ,COASTAL ZONE,0.999999996631319
Tema_Metropolitan,2023,0,0.854906984375,0,TEMA METROPOLITAN,coastal_zone,CZ,COASTAL ZONE,0.999999996631319
Tema_Metropolitan,2024,0,0.854906984375,0,TEMA METROPOLITAN,coastal_zone,CZ,COASTAL ZONE,0.999999996631319
Tema_West_Municipal,2001,0,1.49608940625,0,TEMA WEST MUNICIPAL,coastal_zone,CZ,COASTAL ZONE,0.999999999646097
Tema_West_Municipal,2002,0,1.49608940625,0,TEMA WEST MUNICIPAL,coastal_zone,CZ,COASTAL ZONE,0.999999999646097
Tema_West_Municipal,2003,0,1.49608940625,0,TEMA WEST MUNICIPAL,coastal_zone,CZ,COASTAL ZONE,0.999999999646097
Tema_West_Municipal,2004,0,1.49608940625,0,TEMA WEST MUNICIPAL,coastal_zone,CZ,COASTAL ZONE,0.999999999646097
Tema_West_Municipal,2005,0,1.49608940625,0,TEMA WEST MUNICIPAL,coastal_zone,CZ,COASTAL ZONE,0.999999999646097
Tema_West_Municipal,2006,0,1.49608940625,0,TEMA WEST MUNICIPAL,coastal_zone,CZ,COASTAL ZONE,0.999999999646097
Tema_West_Municipal,2007,0,1.49608940625,0,TEMA WEST MUNICIPAL,coastal_zone,CZ,COASTAL ZONE,0.999999999646097
Tema_West_Municipal,2008,0,1.49608940625,0,TEMA WEST MUNICIPAL,coastal_zone,CZ,COASTAL ZONE,0.999999999646097
Tema_West_Municipal,2009,0,1.49608940625,0,TEMA WEST MUNICIPAL,coastal_zone,CZ,COASTAL ZONE,0.999999999646097
Tema_West_Municipal,2010,0,1.49608940625,0,TEMA WEST MUNICIPAL,coastal_zone,CZ,COASTAL ZONE,0.999999999646097
Tema_West_Municipal,2011,0,1.49608940625,0,TEMA WEST MUNICIPAL,coastal_zone,CZ,COASTAL ZONE,0.999999999646097
Tema_West_Municipal,2012,0,1.49608940625,0,TEMA WEST MUNICIPAL,coastal_zone,CZ,COASTAL ZONE,0.999999999646097
Tema_West_Municipal,2013,0,1.49608940625,0,TEMA WEST MUNICIPAL,coastal_zone,CZ,COASTAL ZONE,0.999999999646097
Tema_West_Municipal,2014,0,1.49608940625,0,TEMA WEST MUNICIPAL,coastal_zone,CZ,COASTAL ZONE,0.999999999646097
Tema_West_Municipal,2015,0,1.49608940625,0,TEMA WEST MUNICIPAL,coastal_zone,CZ,COASTAL ZONE,0.999999999646097
Tema_West_Municipal,2016,0,1.49608940625,0,TEMA WEST MUNICIPAL,coastal_zone,CZ,COASTAL ZONE,0.999999999646097
Tema_West_Municipal,2017,0,1.49608940625,0,TEMA WEST MUNICIPAL,coastal_zone,CZ,COASTAL ZONE,0.999999999646097
Tema_West_Municipal,2018,0,1.49608940625,0,TEMA WEST MUNICIPAL,coastal_zone,CZ,COASTAL ZONE,0.999999999646097
Tema_West_Municipal,2019,0,1.49608940625,0,TEMA WEST MUNICIPAL,coastal_zone,CZ,COASTAL ZONE,0.999999999646097
Tema_West_Municipal,2020,0,1.49608940625,0,TEMA WEST MUNICIPAL,coastal_zone,CZ,COASTAL ZONE,0.999999999646097
Tema_West_Municipal,2021,0,1.49608940625,0,TEMA WEST MUNICIPAL,coastal_zone,CZ,COASTAL ZONE,0.999999999646097
Tema_West_Municipal,2022,0,1.49608940625,0,TEMA WEST MUNICIPAL,coastal_zone,CZ,COASTAL ZONE,0.999999999646097
Tema_West_Municipal,2023,0,1.49608940625,0,TEMA WEST MUNICIPAL,coastal_zone,CZ,COASTAL ZONE,0.999999999646097
Tema_West_Municipal,2024,0,1.49608940625,0,TEMA WEST MUNICIPAL,coastal_zone,CZ,COASTAL ZONE,0.999999999646097
Tempane,2001,0.4275981875,331.178963171876,0.129113933869672,TEMPANE,sudan_savannah,SS,SUDAN SAVANNAH,0.999999998770464
Tempane,2002,0,331.178963171876,0,TEMPANE,sudan_savannah,SS,SUDAN SAVANNAH,0.999999998770464
Tempane,2003,7.05551159375,331.178963171876,2.13042263499337,TEMPANE,sudan_savannah,SS,SUDAN SAVANNAH,0.999999998770464
Tempane,2004,2.565637625,331.178963171876,0.774698247868021,TEMPANE,sudan_savannah,SS,SUDAN SAVANNAH,0.999999998770464
Tempane,2005,16.249053109375,331.178963171876,4.90642671072741,TEMPANE,sudan_savannah,SS,SUDAN SAVANNAH,0.999999998770464
Tempane,2006,1.069014140625,331.178963171876,0.322790472675706,TEMPANE,sudan_savannah,SS,SUDAN SAVANNAH,0.999999998770464
Tempane,2007,0,331.178963171876,0,TEMPANE,sudan_savannah,SS,SUDAN SAVANNAH,0.999999998770464
Tempane,2008,5.558887296875,331.178963171876,1.67851461446542,TEMPANE,sudan_savannah,SS,SUDAN SAVANNAH,0.999999998770464
Tempane,2009,22.23554196875,331.178963171876,6.71405627814897,TEMPANE,sudan_savannah,SS,SUDAN SAVANNAH,0.999999998770464
Tempane,2010,5.13127634375,331.178963171876,1.54939682599555,TEMPANE,sudan_savannah,SS,SUDAN SAVANNAH,0.999999998770464
Tempane,2011,3.6346623125,331.178963171876,1.09749190518894,TEMPANE,sudan_savannah,SS,SUDAN SAVANNAH,0.999999998770464
Tempane,2012,0,331.178963171876,0,TEMPANE,sudan_savannah,SS,SUDAN SAVANNAH,0.999999998770464
Tempane,2013,1.924230328125,331.178963171876,0.581024322830059,TEMPANE,sudan_savannah,SS,SUDAN SAVANNAH,0.999999998770464
Tempane,2014,0,331.178963171876,0,TEMPANE,sudan_savannah,SS,SUDAN SAVANNAH,0.999999998770464
Tempane,2015,0.213799390625,331.178963171876,0.0645570565767011,TEMPANE,sudan_savannah,SS,SUDAN SAVANNAH,0.999999998770464
Tempane,2016,0,331.178963171876,0,TEMPANE,sudan_savannah,SS,SUDAN SAVANNAH,0.999999998770464
Tempane,2017,0,331.178963171876,0,TEMPANE,sudan_savannah,SS,SUDAN SAVANNAH,0.999999998770464
Tempane,2018,1.282821234375,331.178963171876,0.387349855222911,TEMPANE,sudan_savannah,SS,SUDAN SAVANNAH,0.999999998770464
Tempane,2019,4.489786875,331.178963171876,1.35569808903287,TEMPANE,sudan_savannah,SS,SUDAN SAVANNAH,0.999999998770464
Tempane,2020,0,331.178963171876,0,TEMPANE,sudan_savannah,SS,SUDAN SAVANNAH,0.999999998770464
Tempane,2021,0,331.178963171876,0,TEMPANE,sudan_savannah,SS,SUDAN SAVANNAH,0.999999998770464
Tempane,2022,0,331.178963171876,0,TEMPANE,sudan_savannah,SS,SUDAN SAVANNAH,0.999999998770464
Tempane,2023,0,331.178963171876,0,TEMPANE,sudan_savannah,SS,SUDAN SAVANNAH,0.999999998770464
Tempane,2024,0,331.178963171876,0,TEMPANE,sudan_savannah,SS,SUDAN SAVANNAH,0.999999998770464
Tolon,2001,255.037765078125,1162.09588617187,21.9463615793582,TOLON,guinea_savannah,GS,GUINEA SAVANNAH,1
Tolon,2002,271.925564484375,1162.09588617187,23.399580681775,TOLON,guinea_savannah,GS,GUINEA SAVANNAH,1
Tolon,2003,320.66818803125,1162.09588617187,27.5939526029631,TOLON,guinea_savannah,GS,GUINEA SAVANNAH,1
Tolon,2004,174.657269546875,1162.09588617187,15.0295058802956,TOLON,guinea_savannah,GS,GUINEA SAVANNAH,1
Tolon,2005,425.41857290625,1162.09588617187,36.6078718605267,TOLON,guinea_savannah,GS,GUINEA SAVANNAH,1
Tolon,2006,210.572201796875,1162.09588617187,18.1200367631051,TOLON,guinea_savannah,GS,GUINEA SAVANNAH,1
Tolon,2007,196.462744921875,1162.09588617187,16.9058979779246,TOLON,guinea_savannah,GS,GUINEA SAVANNAH,1
Tolon,2008,286.8905423125,1162.09588617187,24.6873382589421,TOLON,guinea_savannah,GS,GUINEA SAVANNAH,1
Tolon,2009,215.702466859375,1162.09588617187,18.5615033514948,TOLON,guinea_savannah,GS,GUINEA SAVANNAH,1
Tolon,2010,177.6496224375,1162.09588617187,15.2870020926334,TOLON,guinea_savannah,GS,GUINEA SAVANNAH,1
Tolon,2011,331.1433446875,1162.09588617187,28.4953546973081,TOLON,guinea_savannah,GS,GUINEA SAVANNAH,1
Tolon,2012,291.5928210625,1162.09588617187,25.0919760178357,TOLON,guinea_savannah,GS,GUINEA SAVANNAH,1
Tolon,2013,280.049962921875,1162.09588617187,24.0986966957094,TOLON,guinea_savannah,GS,GUINEA SAVANNAH,1
Tolon,2014,353.161662859376,1162.09588617187,30.3900622196286,TOLON,guinea_savannah,GS,GUINEA SAVANNAH,1
Tolon,2015,247.3419754375,1162.09588617187,21.2841279605837,TOLON,guinea_savannah,GS,GUINEA SAVANNAH,1
Tolon,2016,418.577132734376,1162.09588617187,36.0191562258461,TOLON,guinea_savannah,GS,GUINEA SAVANNAH,1
Tolon,2017,399.337326218751,1162.09588617187,34.3635435742082,TOLON,guinea_savannah,GS,GUINEA SAVANNAH,1
Tolon,2018,184.704624484375,1162.09588617187,15.8940950296986,TOLON,guinea_savannah,GS,GUINEA SAVANNAH,1
Tolon,2019,336.7004725625,1162.09588617187,28.9735534364247,TOLON,guinea_savannah,GS,GUINEA SAVANNAH,1
Tolon,2020,399.763774437501,1162.09588617187,34.4002400485546,TOLON,guinea_savannah,GS,GUINEA SAVANNAH,1
Tolon,2021,252.258167265625,1162.09588617187,21.7071732433891,TOLON,guinea_savannah,GS,GUINEA SAVANNAH,1
Tolon,2022,511.569559921876,1162.09588617187,44.0212865400521,TOLON,guinea_savannah,GS,GUINEA SAVANNAH,1
Tolon,2023,461.759606062501,1162.09588617187,39.7350693309492,TOLON,guinea_savannah,GS,GUINEA SAVANNAH,1
Tolon,2024,325.797027468751,1162.09588617187,28.0352965142987,TOLON,guinea_savannah,GS,GUINEA SAVANNAH,1
Twifo_Atti_Morkwa,2001,0,819.643646234374,0,TWIFO ATTI-MORKWA,forest_zone,FZ,FOREST ZONE,1
Twifo_Atti_Morkwa,2002,0,819.643646234374,0,TWIFO ATTI-MORKWA,forest_zone,FZ,FOREST ZONE,1
Twifo_Atti_Morkwa,2003,0,819.643646234374,0,TWIFO ATTI-MORKWA,forest_zone,FZ,FOREST ZONE,1
Twifo_Atti_Morkwa,2004,0,819.643646234374,0,TWIFO ATTI-MORKWA,forest_zone,FZ,FOREST ZONE,1
Twifo_Atti_Morkwa,2005,0,819.643646234374,0,TWIFO ATTI-MORKWA,forest_zone,FZ,FOREST ZONE,1
Twifo_Atti_Morkwa,2006,0,819.643646234374,0,TWIFO ATTI-MORKWA,forest_zone,FZ,FOREST ZONE,1
Twifo_Atti_Morkwa,2007,0,819.643646234374,0,TWIFO ATTI-MORKWA,forest_zone,FZ,FOREST ZONE,1
Twifo_Atti_Morkwa,2008,0,819.643646234374,0,TWIFO ATTI-MORKWA,forest_zone,FZ,FOREST ZONE,1
Twifo_Atti_Morkwa,2009,0,819.643646234374,0,TWIFO ATTI-MORKWA,forest_zone,FZ,FOREST ZONE,1
Twifo_Atti_Morkwa,2010,0,819.643646234374,0,TWIFO ATTI-MORKWA,forest_zone,FZ,FOREST ZONE,1
Twifo_Atti_Morkwa,2011,0,819.643646234374,0,TWIFO ATTI-MORKWA,forest_zone,FZ,FOREST ZONE,1
Twifo_Atti_Morkwa,2012,0,819.643646234374,0,TWIFO ATTI-MORKWA,forest_zone,FZ,FOREST ZONE,1
Twifo_Atti_Morkwa,2013,0,819.643646234374,0,TWIFO ATTI-MORKWA,forest_zone,FZ,FOREST ZONE,1
Twifo_Atti_Morkwa,2014,0,819.643646234374,0,TWIFO ATTI-MORKWA,forest_zone,FZ,FOREST ZONE,1
Twifo_Atti_Morkwa,2015,0,819.643646234374,0,TWIFO ATTI-MORKWA,forest_zone,FZ,FOREST ZONE,1
Twifo_Atti_Morkwa,2016,0,819.643646234374,0,TWIFO ATTI-MORKWA,forest_zone,FZ,FOREST ZONE,1
Twifo_Atti_Morkwa,2017,0,819.643646234374,0,TWIFO ATTI-MORKWA,forest_zone,FZ,FOREST ZONE,1
Twifo_Atti_Morkwa,2018,0,819.643646234374,0,TWIFO ATTI-MORKWA,forest_zone,FZ,FOREST ZONE,1
Twifo_Atti_Morkwa,2019,0,819.643646234374,0,TWIFO ATTI-MORKWA,forest_zone,FZ,FOREST ZONE,1
Twifo_Atti_Morkwa,2020,0,819.643646234374,0,TWIFO ATTI-MORKWA,forest_zone,FZ,FOREST ZONE,1
Twifo_Atti_Morkwa,2021,0,819.643646234374,0,TWIFO ATTI-MORKWA,forest_zone,FZ,FOREST ZONE,1
Twifo_Atti_Morkwa,2022,2.351003484375,819.643646234374,0.286832392976635,TWIFO ATTI-MORKWA,forest_zone,FZ,FOREST ZONE,1
Twifo_Atti_Morkwa,2023,0,819.643646234374,0,TWIFO ATTI-MORKWA,forest_zone,FZ,FOREST ZONE,1
Twifo_Atti_Morkwa,2024,0,819.643646234374,0,TWIFO ATTI-MORKWA,forest_zone,FZ,FOREST ZONE,1
Twifo_Hemang_Lower_Denkyira,2001,0,491.566164125004,0,TWIFO HEMANG LOWER DENKYIRA,forest_zone,FZ,FOREST ZONE,0.999999999373106
Twifo_Hemang_Lower_Denkyira,2002,0,491.566164125004,0,TWIFO HEMANG LOWER DENKYIRA,forest_zone,FZ,FOREST ZONE,0.999999999373106
Twifo_Hemang_Lower_Denkyira,2003,0,491.566164125004,0,TWIFO HEMANG LOWER DENKYIRA,forest_zone,FZ,FOREST ZONE,0.999999999373106
Twifo_Hemang_Lower_Denkyira,2004,0,491.566164125004,0,TWIFO HEMANG LOWER DENKYIRA,forest_zone,FZ,FOREST ZONE,0.999999999373106
Twifo_Hemang_Lower_Denkyira,2005,0.213723375,491.566164125004,0.0434780484495777,TWIFO HEMANG LOWER DENKYIRA,forest_zone,FZ,FOREST ZONE,0.999999999373106
Twifo_Hemang_Lower_Denkyira,2006,0,491.566164125004,0,TWIFO HEMANG LOWER DENKYIRA,forest_zone,FZ,FOREST ZONE,0.999999999373106
Twifo_Hemang_Lower_Denkyira,2007,0,491.566164125004,0,TWIFO HEMANG LOWER DENKYIRA,forest_zone,FZ,FOREST ZONE,0.999999999373106
Twifo_Hemang_Lower_Denkyira,2008,0,491.566164125004,0,TWIFO HEMANG LOWER DENKYIRA,forest_zone,FZ,FOREST ZONE,0.999999999373106
Twifo_Hemang_Lower_Denkyira,2009,0,491.566164125004,0,TWIFO HEMANG LOWER DENKYIRA,forest_zone,FZ,FOREST ZONE,0.999999999373106
Twifo_Hemang_Lower_Denkyira,2010,0,491.566164125004,0,TWIFO HEMANG LOWER DENKYIRA,forest_zone,FZ,FOREST ZONE,0.999999999373106
Twifo_Hemang_Lower_Denkyira,2011,0,491.566164125004,0,TWIFO HEMANG LOWER DENKYIRA,forest_zone,FZ,FOREST ZONE,0.999999999373106
Twifo_Hemang_Lower_Denkyira,2012,0,491.566164125004,0,TWIFO HEMANG LOWER DENKYIRA,forest_zone,FZ,FOREST ZONE,0.999999999373106
Twifo_Hemang_Lower_Denkyira,2013,0,491.566164125004,0,TWIFO HEMANG LOWER DENKYIRA,forest_zone,FZ,FOREST ZONE,0.999999999373106
Twifo_Hemang_Lower_Denkyira,2014,0,491.566164125004,0,TWIFO HEMANG LOWER DENKYIRA,forest_zone,FZ,FOREST ZONE,0.999999999373106
Twifo_Hemang_Lower_Denkyira,2015,0,491.566164125004,0,TWIFO HEMANG LOWER DENKYIRA,forest_zone,FZ,FOREST ZONE,0.999999999373106
Twifo_Hemang_Lower_Denkyira,2016,1.282338609375,491.566164125004,0.260867956942802,TWIFO HEMANG LOWER DENKYIRA,forest_zone,FZ,FOREST ZONE,0.999999999373106
Twifo_Hemang_Lower_Denkyira,2017,0,491.566164125004,0,TWIFO HEMANG LOWER DENKYIRA,forest_zone,FZ,FOREST ZONE,0.999999999373106
Twifo_Hemang_Lower_Denkyira,2018,0,491.566164125004,0,TWIFO HEMANG LOWER DENKYIRA,forest_zone,FZ,FOREST ZONE,0.999999999373106
Twifo_Hemang_Lower_Denkyira,2019,0,491.566164125004,0,TWIFO HEMANG LOWER DENKYIRA,forest_zone,FZ,FOREST ZONE,0.999999999373106
Twifo_Hemang_Lower_Denkyira,2020,0,491.566164125004,0,TWIFO HEMANG LOWER DENKYIRA,forest_zone,FZ,FOREST ZONE,0.999999999373106
Twifo_Hemang_Lower_Denkyira,2021,0,491.566164125004,0,TWIFO HEMANG LOWER DENKYIRA,forest_zone,FZ,FOREST ZONE,0.999999999373106
Twifo_Hemang_Lower_Denkyira,2022,0,491.566164125004,0,TWIFO HEMANG LOWER DENKYIRA,forest_zone,FZ,FOREST ZONE,0.999999999373106
Twifo_Hemang_Lower_Denkyira,2023,0,491.566164125004,0,TWIFO HEMANG LOWER DENKYIRA,forest_zone,FZ,FOREST ZONE,0.999999999373106
Twifo_Hemang_Lower_Denkyira,2024,0,491.566164125004,0,TWIFO HEMANG LOWER DENKYIRA,forest_zone,FZ,FOREST ZONE,0.999999999373106
Upper_Denkyira_East_Municipal,2001,0,425.534463218747,0,UPPER DENKYIRA EAST MUNICIPAL,forest_zone,FZ,FOREST ZONE,1
Upper_Denkyira_East_Municipal,2002,0,425.534463218747,0,UPPER DENKYIRA EAST MUNICIPAL,forest_zone,FZ,FOREST ZONE,1
Upper_Denkyira_East_Municipal,2003,0,425.534463218747,0,UPPER DENKYIRA EAST MUNICIPAL,forest_zone,FZ,FOREST ZONE,1
Upper_Denkyira_East_Municipal,2004,0.21372959375,425.534463218747,0.050226153748711,UPPER DENKYIRA EAST MUNICIPAL,forest_zone,FZ,FOREST ZONE,1
Upper_Denkyira_East_Municipal,2005,0.854919421875,425.534463218747,0.200904861008996,UPPER DENKYIRA EAST MUNICIPAL,forest_zone,FZ,FOREST ZONE,1
Upper_Denkyira_East_Municipal,2006,0,425.534463218747,0,UPPER DENKYIRA EAST MUNICIPAL,forest_zone,FZ,FOREST ZONE,1
Upper_Denkyira_East_Municipal,2007,0,425.534463218747,0,UPPER DENKYIRA EAST MUNICIPAL,forest_zone,FZ,FOREST ZONE,1
Upper_Denkyira_East_Municipal,2008,0,425.534463218747,0,UPPER DENKYIRA EAST MUNICIPAL,forest_zone,FZ,FOREST ZONE,1
Upper_Denkyira_East_Municipal,2009,0,425.534463218747,0,UPPER DENKYIRA EAST MUNICIPAL,forest_zone,FZ,FOREST ZONE,1
Upper_Denkyira_East_Municipal,2010,0.21372971875,425.534463218747,0.0502261831235351,UPPER DENKYIRA EAST MUNICIPAL,forest_zone,FZ,FOREST ZONE,1
Upper_Denkyira_East_Municipal,2011,0,425.534463218747,0,UPPER DENKYIRA EAST MUNICIPAL,forest_zone,FZ,FOREST ZONE,1
Upper_Denkyira_East_Municipal,2012,0,425.534463218747,0,UPPER DENKYIRA EAST MUNICIPAL,forest_zone,FZ,FOREST ZONE,1
Upper_Denkyira_East_Municipal,2013,0,425.534463218747,0,UPPER DENKYIRA EAST MUNICIPAL,forest_zone,FZ,FOREST ZONE,1
Upper_Denkyira_East_Municipal,2014,0,425.534463218747,0,UPPER DENKYIRA EAST MUNICIPAL,forest_zone,FZ,FOREST ZONE,1
Upper_Denkyira_East_Municipal,2015,0,425.534463218747,0,UPPER DENKYIRA EAST MUNICIPAL,forest_zone,FZ,FOREST ZONE,1
Upper_Denkyira_East_Municipal,2016,0,425.534463218747,0,UPPER DENKYIRA EAST MUNICIPAL,forest_zone,FZ,FOREST ZONE,1
Upper_Denkyira_East_Municipal,2017,0.85491,425.534463218747,0.20090264688163,UPPER DENKYIRA EAST MUNICIPAL,forest_zone,FZ,FOREST ZONE,1
Upper_Denkyira_East_Municipal,2018,0,425.534463218747,0,UPPER DENKYIRA EAST MUNICIPAL,forest_zone,FZ,FOREST ZONE,1
Upper_Denkyira_East_Municipal,2019,0,425.534463218747,0,UPPER DENKYIRA EAST MUNICIPAL,forest_zone,FZ,FOREST ZONE,1
Upper_Denkyira_East_Municipal,2020,0,425.534463218747,0,UPPER DENKYIRA EAST MUNICIPAL,forest_zone,FZ,FOREST ZONE,1
Upper_Denkyira_East_Municipal,2021,0,425.534463218747,0,UPPER DENKYIRA EAST MUNICIPAL,forest_zone,FZ,FOREST ZONE,1
Upper_Denkyira_East_Municipal,2022,0,425.534463218747,0,UPPER DENKYIRA EAST MUNICIPAL,forest_zone,FZ,FOREST ZONE,1
Upper_Denkyira_East_Municipal,2023,2.137296828125,425.534463218747,0.502261746782732,UPPER DENKYIRA EAST MUNICIPAL,forest_zone,FZ,FOREST ZONE,1
Upper_Denkyira_East_Municipal,2024,0,425.534463218747,0,UPPER DENKYIRA EAST MUNICIPAL,forest_zone,FZ,FOREST ZONE,1
Upper_Denkyira_West,2001,0,488.590377250001,0,UPPER DENKYIRA WEST,forest_zone,FZ,FOREST ZONE,0.999999999999999
Upper_Denkyira_West,2002,0,488.590377250001,0,UPPER DENKYIRA WEST,forest_zone,FZ,FOREST ZONE,0.999999999999999
Upper_Denkyira_West,2003,0.213732296875,488.590377250001,0.0437446799664738,UPPER DENKYIRA WEST,forest_zone,FZ,FOREST ZONE,0.999999999999999
Upper_Denkyira_West,2004,0,488.590377250001,0,UPPER DENKYIRA WEST,forest_zone,FZ,FOREST ZONE,0.999999999999999
Upper_Denkyira_West,2005,4.70206371875,488.590377250001,0.962373378128169,UPPER DENKYIRA WEST,forest_zone,FZ,FOREST ZONE,0.999999999999999
Upper_Denkyira_West,2006,0,488.590377250001,0,UPPER DENKYIRA WEST,forest_zone,FZ,FOREST ZONE,0.999999999999999
Upper_Denkyira_West,2007,0,488.590377250001,0,UPPER DENKYIRA WEST,forest_zone,FZ,FOREST ZONE,0.999999999999999
Upper_Denkyira_West,2008,0,488.590377250001,0,UPPER DENKYIRA WEST,forest_zone,FZ,FOREST ZONE,0.999999999999999
Upper_Denkyira_West,2009,0,488.590377250001,0,UPPER DENKYIRA WEST,forest_zone,FZ,FOREST ZONE,0.999999999999999
Upper_Denkyira_West,2010,0,488.590377250001,0,UPPER DENKYIRA WEST,forest_zone,FZ,FOREST ZONE,0.999999999999999
Upper_Denkyira_West,2011,0,488.590377250001,0,UPPER DENKYIRA WEST,forest_zone,FZ,FOREST ZONE,0.999999999999999
Upper_Denkyira_West,2012,0,488.590377250001,0,UPPER DENKYIRA WEST,forest_zone,FZ,FOREST ZONE,0.999999999999999
Upper_Denkyira_West,2013,0,488.590377250001,0,UPPER DENKYIRA WEST,forest_zone,FZ,FOREST ZONE,0.999999999999999
Upper_Denkyira_West,2014,0,488.590377250001,0,UPPER DENKYIRA WEST,forest_zone,FZ,FOREST ZONE,0.999999999999999
Upper_Denkyira_West,2015,0,488.590377250001,0,UPPER DENKYIRA WEST,forest_zone,FZ,FOREST ZONE,0.999999999999999
Upper_Denkyira_West,2016,0,488.590377250001,0,UPPER DENKYIRA WEST,forest_zone,FZ,FOREST ZONE,0.999999999999999
Upper_Denkyira_West,2017,0,488.590377250001,0,UPPER DENKYIRA WEST,forest_zone,FZ,FOREST ZONE,0.999999999999999
Upper_Denkyira_West,2018,0,488.590377250001,0,UPPER DENKYIRA WEST,forest_zone,FZ,FOREST ZONE,0.999999999999999
Upper_Denkyira_West,2019,0,488.590377250001,0,UPPER DENKYIRA WEST,forest_zone,FZ,FOREST ZONE,0.999999999999999
Upper_Denkyira_West,2020,0,488.590377250001,0,UPPER DENKYIRA WEST,forest_zone,FZ,FOREST ZONE,0.999999999999999
Upper_Denkyira_West,2021,0,488.590377250001,0,UPPER DENKYIRA WEST,forest_zone,FZ,FOREST ZONE,0.999999999999999
Upper_Denkyira_West,2022,0,488.590377250001,0,UPPER DENKYIRA WEST,forest_zone,FZ,FOREST ZONE,0.999999999999999
Upper_Denkyira_West,2023,0,488.590377250001,0,UPPER DENKYIRA WEST,forest_zone,FZ,FOREST ZONE,0.999999999999999
Upper_Denkyira_West,2024,0,488.590377250001,0,UPPER DENKYIRA WEST,forest_zone,FZ,FOREST ZONE,0.999999999999999
Upper_Manya,2001,69.036283484375,600.807318937497,11.4905863008564,UPPER MANYA,forest_zone,FZ,FOREST ZONE,1
Upper_Manya,2002,4.2746913125,600.807318937497,0.711491218192817,UPPER MANYA,forest_zone,FZ,FOREST ZONE,1
Upper_Manya,2003,46.59413565625,600.807318937497,7.75525433655665,UPPER MANYA,forest_zone,FZ,FOREST ZONE,1
Upper_Manya,2004,46.380478765625,600.807318937497,7.71969270408472,UPPER MANYA,forest_zone,FZ,FOREST ZONE,1
Upper_Manya,2005,70.9598265625,600.807318937497,11.8107460288582,UPPER MANYA,forest_zone,FZ,FOREST ZONE,1
Upper_Manya,2006,40.3957773125,600.807318937497,6.72358275926769,UPPER MANYA,forest_zone,FZ,FOREST ZONE,1
Upper_Manya,2007,97.0353875781249,600.807318937497,16.1508331406029,UPPER MANYA,forest_zone,FZ,FOREST ZONE,1
Upper_Manya,2008,107.722268828125,600.807318937497,17.9295866466187,UPPER MANYA,forest_zone,FZ,FOREST ZONE,1
Upper_Manya,2009,83.7840641093749,600.807318937497,13.9452469150249,UPPER MANYA,forest_zone,FZ,FOREST ZONE,1
Upper_Manya,2010,65.18912171875,600.807318937497,10.8502542602234,UPPER MANYA,forest_zone,FZ,FOREST ZONE,1
Upper_Manya,2011,61.769337015625,600.807318937497,10.2810560172372,UPPER MANYA,forest_zone,FZ,FOREST ZONE,1
Upper_Manya,2012,142.56086215625,600.807318937497,23.7282166283133,UPPER MANYA,forest_zone,FZ,FOREST ZONE,1
Upper_Manya,2013,34.411270625,600.807318937497,5.72750523176963,UPPER MANYA,forest_zone,FZ,FOREST ZONE,1
Upper_Manya,2014,81.433020796875,600.807318937497,13.5539328883153,UPPER MANYA,forest_zone,FZ,FOREST ZONE,1
Upper_Manya,2015,64.547819875,600.807318937497,10.7435142416624,UPPER MANYA,forest_zone,FZ,FOREST ZONE,1
Upper_Manya,2016,123.32479571875,600.807318937497,20.5265135479449,UPPER MANYA,forest_zone,FZ,FOREST ZONE,1
Upper_Manya,2017,57.4945221875,600.807318937497,9.56954424076868,UPPER MANYA,forest_zone,FZ,FOREST ZONE,1
Upper_Manya,2018,95.111882484375,600.807318937497,15.8306797348235,UPPER MANYA,forest_zone,FZ,FOREST ZONE,1
Upper_Manya,2019,18.594887359375,600.807318937497,3.0949834952509,UPPER MANYA,forest_zone,FZ,FOREST ZONE,1
Upper_Manya,2020,144.698103875,600.807318937497,24.0839449377702,UPPER MANYA,forest_zone,FZ,FOREST ZONE,1
Upper_Manya,2021,9.618060421875,600.807318937497,1.60085606794607,UPPER MANYA,forest_zone,FZ,FOREST ZONE,1
Upper_Manya,2022,57.067030078125,600.807318937497,9.49839129440794,UPPER MANYA,forest_zone,FZ,FOREST ZONE,1
Upper_Manya,2023,56.425818625,600.807318937497,9.39166632070772,UPPER MANYA,forest_zone,FZ,FOREST ZONE,1
Upper_Manya,2024,55.35730878125,600.807318937497,9.21382064372103,UPPER MANYA,forest_zone,FZ,FOREST ZONE,1
Upper_West_Akim,2001,0,291.311802015624,0,UPPER WEST AKIM,forest_zone,FZ,FOREST ZONE,0.999999999191387
Upper_West_Akim,2002,0,291.311802015624,0,UPPER WEST AKIM,forest_zone,FZ,FOREST ZONE,0.999999999191387
Upper_West_Akim,2003,0,291.311802015624,0,UPPER WEST AKIM,forest_zone,FZ,FOREST ZONE,0.999999999191387
Upper_West_Akim,2004,1.923562546875,291.311802015624,0.660310544772173,UPPER WEST AKIM,forest_zone,FZ,FOREST ZONE,0.999999999191387
Upper_West_Akim,2005,0,291.311802015624,0,UPPER WEST AKIM,forest_zone,FZ,FOREST ZONE,0.999999999191387
Upper_West_Akim,2006,0,291.311802015624,0,UPPER WEST AKIM,forest_zone,FZ,FOREST ZONE,0.999999999191387
Upper_West_Akim,2007,0,291.311802015624,0,UPPER WEST AKIM,forest_zone,FZ,FOREST ZONE,0.999999999191387
Upper_West_Akim,2008,0,291.311802015624,0,UPPER WEST AKIM,forest_zone,FZ,FOREST ZONE,0.999999999191387
Upper_West_Akim,2009,0,291.311802015624,0,UPPER WEST AKIM,forest_zone,FZ,FOREST ZONE,0.999999999191387
Upper_West_Akim,2010,0,291.311802015624,0,UPPER WEST AKIM,forest_zone,FZ,FOREST ZONE,0.999999999191387
Upper_West_Akim,2011,0,291.311802015624,0,UPPER WEST AKIM,forest_zone,FZ,FOREST ZONE,0.999999999191387
Upper_West_Akim,2012,0.213727828125,291.311802015624,0.0733673770325093,UPPER WEST AKIM,forest_zone,FZ,FOREST ZONE,0.999999999191387
Upper_West_Akim,2013,0,291.311802015624,0,UPPER WEST AKIM,forest_zone,FZ,FOREST ZONE,0.999999999191387
Upper_West_Akim,2014,0,291.311802015624,0,UPPER WEST AKIM,forest_zone,FZ,FOREST ZONE,0.999999999191387
Upper_West_Akim,2015,0,291.311802015624,0,UPPER WEST AKIM,forest_zone,FZ,FOREST ZONE,0.999999999191387
Upper_West_Akim,2016,0,291.311802015624,0,UPPER WEST AKIM,forest_zone,FZ,FOREST ZONE,0.999999999191387
Upper_West_Akim,2017,0,291.311802015624,0,UPPER WEST AKIM,forest_zone,FZ,FOREST ZONE,0.999999999191387
Upper_West_Akim,2018,0,291.311802015624,0,UPPER WEST AKIM,forest_zone,FZ,FOREST ZONE,0.999999999191387
Upper_West_Akim,2019,0,291.311802015624,0,UPPER WEST AKIM,forest_zone,FZ,FOREST ZONE,0.999999999191387
Upper_West_Akim,2020,0,291.311802015624,0,UPPER WEST AKIM,forest_zone,FZ,FOREST ZONE,0.999999999191387
Upper_West_Akim,2021,0,291.311802015624,0,UPPER WEST AKIM,forest_zone,FZ,FOREST ZONE,0.999999999191387
Upper_West_Akim,2022,0,291.311802015624,0,UPPER WEST AKIM,forest_zone,FZ,FOREST ZONE,0.999999999191387
Upper_West_Akim,2023,0,291.311802015624,0,UPPER WEST AKIM,forest_zone,FZ,FOREST ZONE,0.999999999191387
Upper_West_Akim,2024,0,291.311802015624,0,UPPER WEST AKIM,forest_zone,FZ,FOREST ZONE,0.999999999191387
Wa_East,2001,2019.8588125,3690.16589298439,54.7362604033623,WA EAST,guinea_savannah,GS,GUINEA SAVANNAH,0.999999999861081
Wa_East,2002,2494.24678767182,3690.16589298439,67.5917251420535,WA EAST,guinea_savannah,GS,GUINEA SAVANNAH,0.999999999861081
Wa_East,2003,2208.84256937497,3690.16589298439,59.8575411900679,WA EAST,guinea_savannah,GS,GUINEA SAVANNAH,0.999999999861081
Wa_East,2004,1440.28298539062,3690.16589298439,39.0303045217787,WA EAST,guinea_savannah,GS,GUINEA SAVANNAH,0.999999999861081
Wa_East,2005,2039.95346559373,3690.16589298439,55.2808064665063,WA EAST,guinea_savannah,GS,GUINEA SAVANNAH,0.999999999861081
Wa_East,2006,1865.93058156251,3690.16589298439,50.5649511614083,WA EAST,guinea_savannah,GS,GUINEA SAVANNAH,0.999999999861081
Wa_East,2007,2182.97538118748,3690.16589298439,59.1565648942145,WA EAST,guinea_savannah,GS,GUINEA SAVANNAH,0.999999999861081
Wa_East,2008,1705.80401045311,3690.16589298439,46.2256727724929,WA EAST,guinea_savannah,GS,GUINEA SAVANNAH,0.999999999861081
Wa_East,2009,1047.98163021875,3690.16589298439,28.3993094243035,WA EAST,guinea_savannah,GS,GUINEA SAVANNAH,0.999999999861081
Wa_East,2010,1948.23792226562,3690.16589298439,52.7954021245912,WA EAST,guinea_savannah,GS,GUINEA SAVANNAH,0.999999999861081
Wa_East,2011,2023.70364942187,3690.16589298439,54.840451841725,WA EAST,guinea_savannah,GS,GUINEA SAVANNAH,0.999999999861081
Wa_East,2012,1534.13513518749,3690.16589298439,41.5736088749865,WA EAST,guinea_savannah,GS,GUINEA SAVANNAH,0.999999999861081
Wa_East,2013,1737.65698185936,3690.16589298439,47.0888581232332,WA EAST,guinea_savannah,GS,GUINEA SAVANNAH,0.999999999861081
Wa_East,2014,1709.22477785935,3690.16589298439,46.3183723287038,WA EAST,guinea_savannah,GS,GUINEA SAVANNAH,0.999999999861081
Wa_East,2015,1059.9531090625,3690.16589298439,28.7237251603685,WA EAST,guinea_savannah,GS,GUINEA SAVANNAH,0.999999999861081
Wa_East,2016,1543.32627571875,3690.16589298439,41.8226800766021,WA EAST,guinea_savannah,GS,GUINEA SAVANNAH,0.999999999861081
Wa_East,2017,1775.71203379686,3690.16589298439,48.1201139811297,WA EAST,guinea_savannah,GS,GUINEA SAVANNAH,0.999999999861081
Wa_East,2018,1261.98251509375,3690.16589298439,34.1985306810455,WA EAST,guinea_savannah,GS,GUINEA SAVANNAH,0.999999999861081
Wa_East,2019,1115.53903167187,3690.16589298439,30.2300510064519,WA EAST,guinea_savannah,GS,GUINEA SAVANNAH,0.999999999861081
Wa_East,2020,1252.79245657812,3690.16589298439,33.9494888010287,WA EAST,guinea_savannah,GS,GUINEA SAVANNAH,0.999999999861081
Wa_East,2021,1123.66445884375,3690.16589298439,30.4502423855801,WA EAST,guinea_savannah,GS,GUINEA SAVANNAH,0.999999999861081
Wa_East,2022,1544.39645478125,3690.16589298439,41.8516809154137,WA EAST,guinea_savannah,GS,GUINEA SAVANNAH,0.999999999861081
Wa_East,2023,1049.05229521874,3690.16589298439,28.4283234315607,WA EAST,guinea_savannah,GS,GUINEA SAVANNAH,0.999999999861081
Wa_East,2024,1034.94296060938,3690.16589298439,28.0459738294415,WA EAST,guinea_savannah,GS,GUINEA SAVANNAH,0.999999999861081
Wa_Municipal,2001,38.053976609375,492.990548484376,7.71900733723317,WA MUNICIPAL,guinea_savannah,GS,GUINEA SAVANNAH,1
Wa_Municipal,2002,173.380651671876,492.990548484376,35.1691634261363,WA MUNICIPAL,guinea_savannah,GS,GUINEA SAVANNAH,1
Wa_Municipal,2003,85.3007645625,492.990548484376,17.3027180388639,WA MUNICIPAL,guinea_savannah,GS,GUINEA SAVANNAH,1
Wa_Municipal,2004,26.50943896875,492.990548484376,5.37727123780551,WA MUNICIPAL,guinea_savannah,GS,GUINEA SAVANNAH,1
Wa_Municipal,2005,74.397683546875,492.990548484376,15.0910973396142,WA MUNICIPAL,guinea_savannah,GS,GUINEA SAVANNAH,1
Wa_Municipal,2006,30.785221625,492.990548484376,6.24458657871728,WA MUNICIPAL,guinea_savannah,GS,GUINEA SAVANNAH,1
Wa_Municipal,2007,86.3697199531248,492.990548484376,17.5195488470632,WA MUNICIPAL,guinea_savannah,GS,GUINEA SAVANNAH,1
Wa_Municipal,2008,59.005084109375,492.990548484376,11.968806357602,WA MUNICIPAL,guinea_savannah,GS,GUINEA SAVANNAH,1
Wa_Municipal,2009,29.074955796875,492.990548484376,5.89767002354538,WA MUNICIPAL,guinea_savannah,GS,GUINEA SAVANNAH,1
Wa_Municipal,2010,134.25781375,492.990548484376,27.2333443638535,WA MUNICIPAL,guinea_savannah,GS,GUINEA SAVANNAH,1
Wa_Municipal,2011,96.845172421875,492.990548484376,19.6444278129897,WA MUNICIPAL,guinea_savannah,GS,GUINEA SAVANNAH,1
Wa_Municipal,2012,100.69330703125,492.990548484376,20.4249974651271,WA MUNICIPAL,guinea_savannah,GS,GUINEA SAVANNAH,1
Wa_Municipal,2013,113.0930515625,492.990548484376,22.9402068478163,WA MUNICIPAL,guinea_savannah,GS,GUINEA SAVANNAH,1
Wa_Municipal,2014,84.6594447187499,492.990548484376,17.1726303838933,WA MUNICIPAL,guinea_savannah,GS,GUINEA SAVANNAH,1
Wa_Municipal,2015,13.040932765625,492.990548484376,2.64527034153441,WA MUNICIPAL,guinea_savannah,GS,GUINEA SAVANNAH,1
Wa_Municipal,2016,93.21085440625,492.990548484376,18.9072294981745,WA MUNICIPAL,guinea_savannah,GS,GUINEA SAVANNAH,1
Wa_Municipal,2017,54.087980921875,492.990548484376,10.9714032222647,WA MUNICIPAL,guinea_savannah,GS,GUINEA SAVANNAH,1
Wa_Municipal,2018,62.2118166093749,492.990548484376,12.6192716677096,WA MUNICIPAL,guinea_savannah,GS,GUINEA SAVANNAH,1
Wa_Municipal,2019,53.0190250625,492.990548484376,10.7545723189824,WA MUNICIPAL,guinea_savannah,GS,GUINEA SAVANNAH,1
Wa_Municipal,2020,13.468539515625,492.990548484376,2.73200765350005,WA MUNICIPAL,guinea_savannah,GS,GUINEA SAVANNAH,1
Wa_Municipal,2021,28.005999375,492.990548484376,5.68083900616354,WA MUNICIPAL,guinea_savannah,GS,GUINEA SAVANNAH,1
Wa_Municipal,2022,146.016004,492.990548484376,29.618418537415,WA MUNICIPAL,guinea_savannah,GS,GUINEA SAVANNAH,1
Wa_Municipal,2023,15.392645515625,492.990548484376,3.12230032866702,WA MUNICIPAL,guinea_savannah,GS,GUINEA SAVANNAH,1
Wa_Municipal,2024,12.82721809375,492.990548484376,2.60191967841682,WA MUNICIPAL,guinea_savannah,GS,GUINEA SAVANNAH,1
Wa_West,2001,295.020738343749,1279.06762531248,23.0652963537933,WA WEST,guinea_savannah,GS,GUINEA SAVANNAH,0.999999999462033
Wa_West,2002,463.2668948125,1279.06762531248,36.2191087980452,WA WEST,guinea_savannah,GS,GUINEA SAVANNAH,0.999999999462033
Wa_West,2003,325.806602203124,1279.06762531248,25.4721951955847,WA WEST,guinea_savannah,GS,GUINEA SAVANNAH,0.999999999462033
Wa_West,2004,193.04761465625,1279.06762531248,15.0928387863064,WA WEST,guinea_savannah,GS,GUINEA SAVANNAH,0.999999999462033
Wa_West,2005,227.46683971875,1279.06762531248,17.783800888806,WA WEST,guinea_savannah,GS,GUINEA SAVANNAH,0.999999999462033
Wa_West,2006,213.14188446875,1279.06762531248,16.6638479663402,WA WEST,guinea_savannah,GS,GUINEA SAVANNAH,0.999999999462033
Wa_West,2007,473.103786015625,1279.06762531248,36.9881761255622,WA WEST,guinea_savannah,GS,GUINEA SAVANNAH,0.999999999462033
Wa_West,2008,125.49121025,1279.06762531248,9.81114741445687,WA WEST,guinea_savannah,GS,GUINEA SAVANNAH,0.999999999462033
Wa_West,2009,299.939590249999,1279.06762531248,23.4498617832441,WA WEST,guinea_savannah,GS,GUINEA SAVANNAH,0.999999999462033
Wa_West,2010,360.01214659375,1279.06762531248,28.1464513266683,WA WEST,guinea_savannah,GS,GUINEA SAVANNAH,0.999999999462033
Wa_West,2011,488.922930828126,1279.06762531248,38.2249477003752,WA WEST,guinea_savannah,GS,GUINEA SAVANNAH,0.999999999462033
Wa_West,2012,268.939911687499,1279.06762531248,21.0262464912124,WA WEST,guinea_savannah,GS,GUINEA SAVANNAH,0.999999999462033
Wa_West,2013,181.71661196875,1279.06762531248,14.2069589107422,WA WEST,guinea_savannah,GS,GUINEA SAVANNAH,0.999999999462033
Wa_West,2014,239.010579703125,1279.06762531248,18.6863129808898,WA WEST,guinea_savannah,GS,GUINEA SAVANNAH,0.999999999462033
Wa_West,2015,125.491571015625,1279.06762531248,9.81117561981659,WA WEST,guinea_savannah,GS,GUINEA SAVANNAH,0.999999999462033
Wa_West,2016,238.58252846875,1279.06762531248,18.6528471010642,WA WEST,guinea_savannah,GS,GUINEA SAVANNAH,0.999999999462033
Wa_West,2017,261.029700281249,1279.06762531248,20.4078107455404,WA WEST,guinea_savannah,GS,GUINEA SAVANNAH,0.999999999462033
Wa_West,2018,97.6989211874999,1279.06762531248,7.6382920851141,WA WEST,guinea_savannah,GS,GUINEA SAVANNAH,0.999999999462033
Wa_West,2019,125.06368259375,1279.06762531248,9.77772246898961,WA WEST,guinea_savannah,GS,GUINEA SAVANNAH,0.999999999462033
Wa_West,2020,112.02279775,1279.06762531248,8.75816067368857,WA WEST,guinea_savannah,GS,GUINEA SAVANNAH,0.999999999462033
Wa_West,2021,141.097098109375,1279.06762531248,11.0312461450116,WA WEST,guinea_savannah,GS,GUINEA SAVANNAH,0.999999999462033
Wa_West,2022,340.12815075,1279.06762531248,26.59188177536,WA WEST,guinea_savannah,GS,GUINEA SAVANNAH,0.999999999462033
Wa_West,2023,103.2578519375,1279.06762531248,8.07290012615822,WA WEST,guinea_savannah,GS,GUINEA SAVANNAH,0.999999999462033
Wa_West,2024,96.202112265625,1279.06762531248,7.52126864614547,WA WEST,guinea_savannah,GS,GUINEA SAVANNAH,0.999999999462033
Wassa_Amenfi_Central,2001,0,1583.29585154688,0,WASSA AMENFI CENTRAL,forest_zone,FZ,FOREST ZONE,0.999999999832753
Wassa_Amenfi_Central,2002,0,1583.29585154688,0,WASSA AMENFI CENTRAL,forest_zone,FZ,FOREST ZONE,0.999999999832753
Wassa_Amenfi_Central,2003,0,1583.29585154688,0,WASSA AMENFI CENTRAL,forest_zone,FZ,FOREST ZONE,0.999999999832753
Wassa_Amenfi_Central,2004,0,1583.29585154688,0,WASSA AMENFI CENTRAL,forest_zone,FZ,FOREST ZONE,0.999999999832753
Wassa_Amenfi_Central,2005,0,1583.29585154688,0,WASSA AMENFI CENTRAL,forest_zone,FZ,FOREST ZONE,0.999999999832753
Wassa_Amenfi_Central,2006,0,1583.29585154688,0,WASSA AMENFI CENTRAL,forest_zone,FZ,FOREST ZONE,0.999999999832753
Wassa_Amenfi_Central,2007,0,1583.29585154688,0,WASSA AMENFI CENTRAL,forest_zone,FZ,FOREST ZONE,0.999999999832753
Wassa_Amenfi_Central,2008,0.854906875,1583.29585154688,0.0539953966382692,WASSA AMENFI CENTRAL,forest_zone,FZ,FOREST ZONE,0.999999999832753
Wassa_Amenfi_Central,2009,0.21372765625,1583.29585154688,0.0134989083714953,WASSA AMENFI CENTRAL,forest_zone,FZ,FOREST ZONE,0.999999999832753
Wassa_Amenfi_Central,2010,0,1583.29585154688,0,WASSA AMENFI CENTRAL,forest_zone,FZ,FOREST ZONE,0.999999999832753
Wassa_Amenfi_Central,2011,0,1583.29585154688,0,WASSA AMENFI CENTRAL,forest_zone,FZ,FOREST ZONE,0.999999999832753
Wassa_Amenfi_Central,2012,0.854916640625,1583.29585154688,0.0539960134291861,WASSA AMENFI CENTRAL,forest_zone,FZ,FOREST ZONE,0.999999999832753
Wassa_Amenfi_Central,2013,0,1583.29585154688,0,WASSA AMENFI CENTRAL,forest_zone,FZ,FOREST ZONE,0.999999999832753
Wassa_Amenfi_Central,2014,0,1583.29585154688,0,WASSA AMENFI CENTRAL,forest_zone,FZ,FOREST ZONE,0.999999999832753
Wassa_Amenfi_Central,2015,0,1583.29585154688,0,WASSA AMENFI CENTRAL,forest_zone,FZ,FOREST ZONE,0.999999999832753
Wassa_Amenfi_Central,2016,0,1583.29585154688,0,WASSA AMENFI CENTRAL,forest_zone,FZ,FOREST ZONE,0.999999999832753
Wassa_Amenfi_Central,2017,0,1583.29585154688,0,WASSA AMENFI CENTRAL,forest_zone,FZ,FOREST ZONE,0.999999999832753
Wassa_Amenfi_Central,2018,0,1583.29585154688,0,WASSA AMENFI CENTRAL,forest_zone,FZ,FOREST ZONE,0.999999999832753
Wassa_Amenfi_Central,2019,0,1583.29585154688,0,WASSA AMENFI CENTRAL,forest_zone,FZ,FOREST ZONE,0.999999999832753
Wassa_Amenfi_Central,2020,0,1583.29585154688,0,WASSA AMENFI CENTRAL,forest_zone,FZ,FOREST ZONE,0.999999999832753
Wassa_Amenfi_Central,2021,0,1583.29585154688,0,WASSA AMENFI CENTRAL,forest_zone,FZ,FOREST ZONE,0.999999999832753
Wassa_Amenfi_Central,2022,0,1583.29585154688,0,WASSA AMENFI CENTRAL,forest_zone,FZ,FOREST ZONE,0.999999999832753
Wassa_Amenfi_Central,2023,0,1583.29585154688,0,WASSA AMENFI CENTRAL,forest_zone,FZ,FOREST ZONE,0.999999999832753
Wassa_Amenfi_Central,2024,0,1583.29585154688,0,WASSA AMENFI CENTRAL,forest_zone,FZ,FOREST ZONE,0.999999999832753
Wassa_Amenfi_East,2001,0,1333.45402114062,0,WASSA AMENFI EAST,forest_zone,FZ,FOREST ZONE,0.999999999999999
Wassa_Amenfi_East,2002,0,1333.45402114062,0,WASSA AMENFI EAST,forest_zone,FZ,FOREST ZONE,0.999999999999999
Wassa_Amenfi_East,2003,0,1333.45402114062,0,WASSA AMENFI EAST,forest_zone,FZ,FOREST ZONE,0.999999999999999
Wassa_Amenfi_East,2004,0,1333.45402114062,0,WASSA AMENFI EAST,forest_zone,FZ,FOREST ZONE,0.999999999999999
Wassa_Amenfi_East,2005,0.854919984375,1333.45402114062,0.0641131955673818,WASSA AMENFI EAST,forest_zone,FZ,FOREST ZONE,0.999999999999999
Wassa_Amenfi_East,2006,0,1333.45402114062,0,WASSA AMENFI EAST,forest_zone,FZ,FOREST ZONE,0.999999999999999
Wassa_Amenfi_East,2007,0,1333.45402114062,0,WASSA AMENFI EAST,forest_zone,FZ,FOREST ZONE,0.999999999999999
Wassa_Amenfi_East,2008,0,1333.45402114062,0,WASSA AMENFI EAST,forest_zone,FZ,FOREST ZONE,0.999999999999999
Wassa_Amenfi_East,2009,0,1333.45402114062,0,WASSA AMENFI EAST,forest_zone,FZ,FOREST ZONE,0.999999999999999
Wassa_Amenfi_East,2010,0,1333.45402114062,0,WASSA AMENFI EAST,forest_zone,FZ,FOREST ZONE,0.999999999999999
Wassa_Amenfi_East,2011,0,1333.45402114062,0,WASSA AMENFI EAST,forest_zone,FZ,FOREST ZONE,0.999999999999999
Wassa_Amenfi_East,2012,0,1333.45402114062,0,WASSA AMENFI EAST,forest_zone,FZ,FOREST ZONE,0.999999999999999
Wassa_Amenfi_East,2013,0,1333.45402114062,0,WASSA AMENFI EAST,forest_zone,FZ,FOREST ZONE,0.999999999999999
Wassa_Amenfi_East,2014,0,1333.45402114062,0,WASSA AMENFI EAST,forest_zone,FZ,FOREST ZONE,0.999999999999999
Wassa_Amenfi_East,2015,0,1333.45402114062,0,WASSA AMENFI EAST,forest_zone,FZ,FOREST ZONE,0.999999999999999
Wassa_Amenfi_East,2016,0,1333.45402114062,0,WASSA AMENFI EAST,forest_zone,FZ,FOREST ZONE,0.999999999999999
Wassa_Amenfi_East,2017,0,1333.45402114062,0,WASSA AMENFI EAST,forest_zone,FZ,FOREST ZONE,0.999999999999999
Wassa_Amenfi_East,2018,0,1333.45402114062,0,WASSA AMENFI EAST,forest_zone,FZ,FOREST ZONE,0.999999999999999
Wassa_Amenfi_East,2019,0,1333.45402114062,0,WASSA AMENFI EAST,forest_zone,FZ,FOREST ZONE,0.999999999999999
Wassa_Amenfi_East,2020,0,1333.45402114062,0,WASSA AMENFI EAST,forest_zone,FZ,FOREST ZONE,0.999999999999999
Wassa_Amenfi_East,2021,0,1333.45402114062,0,WASSA AMENFI EAST,forest_zone,FZ,FOREST ZONE,0.999999999999999
Wassa_Amenfi_East,2022,0,1333.45402114062,0,WASSA AMENFI EAST,forest_zone,FZ,FOREST ZONE,0.999999999999999
Wassa_Amenfi_East,2023,0,1333.45402114062,0,WASSA AMENFI EAST,forest_zone,FZ,FOREST ZONE,0.999999999999999
Wassa_Amenfi_East,2024,0,1333.45402114062,0,WASSA AMENFI EAST,forest_zone,FZ,FOREST ZONE,0.999999999999999
Wassa_Amenfi_West,2001,0,1242.39852409376,0,WASSA AMENFI WEST,forest_zone,FZ,FOREST ZONE,0.99999999981757
Wassa_Amenfi_West,2002,0,1242.39852409376,0,WASSA AMENFI WEST,forest_zone,FZ,FOREST ZONE,0.99999999981757
Wassa_Amenfi_West,2003,0,1242.39852409376,0,WASSA AMENFI WEST,forest_zone,FZ,FOREST ZONE,0.99999999981757
Wassa_Amenfi_West,2004,0,1242.39852409376,0,WASSA AMENFI WEST,forest_zone,FZ,FOREST ZONE,0.99999999981757
Wassa_Amenfi_West,2005,0,1242.39852409376,0,WASSA AMENFI WEST,forest_zone,FZ,FOREST ZONE,0.99999999981757
Wassa_Amenfi_West,2006,1.923550703125,1242.39852409376,0.154825578574161,WASSA AMENFI WEST,forest_zone,FZ,FOREST ZONE,0.99999999981757
Wassa_Amenfi_West,2007,0,1242.39852409376,0,WASSA AMENFI WEST,forest_zone,FZ,FOREST ZONE,0.99999999981757
Wassa_Amenfi_West,2008,0,1242.39852409376,0,WASSA AMENFI WEST,forest_zone,FZ,FOREST ZONE,0.99999999981757
Wassa_Amenfi_West,2009,0,1242.39852409376,0,WASSA AMENFI WEST,forest_zone,FZ,FOREST ZONE,0.99999999981757
Wassa_Amenfi_West,2010,0,1242.39852409376,0,WASSA AMENFI WEST,forest_zone,FZ,FOREST ZONE,0.99999999981757
Wassa_Amenfi_West,2011,0,1242.39852409376,0,WASSA AMENFI WEST,forest_zone,FZ,FOREST ZONE,0.99999999981757
Wassa_Amenfi_West,2012,0,1242.39852409376,0,WASSA AMENFI WEST,forest_zone,FZ,FOREST ZONE,0.99999999981757
Wassa_Amenfi_West,2013,0,1242.39852409376,0,WASSA AMENFI WEST,forest_zone,FZ,FOREST ZONE,0.99999999981757
Wassa_Amenfi_West,2014,0.4274565625,1242.39852409376,0.0344057525995371,WASSA AMENFI WEST,forest_zone,FZ,FOREST ZONE,0.99999999981757
Wassa_Amenfi_West,2015,0,1242.39852409376,0,WASSA AMENFI WEST,forest_zone,FZ,FOREST ZONE,0.99999999981757
Wassa_Amenfi_West,2016,0,1242.39852409376,0,WASSA AMENFI WEST,forest_zone,FZ,FOREST ZONE,0.99999999981757
Wassa_Amenfi_West,2017,0,1242.39852409376,0,WASSA AMENFI WEST,forest_zone,FZ,FOREST ZONE,0.99999999981757
Wassa_Amenfi_West,2018,0,1242.39852409376,0,WASSA AMENFI WEST,forest_zone,FZ,FOREST ZONE,0.99999999981757
Wassa_Amenfi_West,2019,0,1242.39852409376,0,WASSA AMENFI WEST,forest_zone,FZ,FOREST ZONE,0.99999999981757
Wassa_Amenfi_West,2020,0,1242.39852409376,0,WASSA AMENFI WEST,forest_zone,FZ,FOREST ZONE,0.99999999981757
Wassa_Amenfi_West,2021,0,1242.39852409376,0,WASSA AMENFI WEST,forest_zone,FZ,FOREST ZONE,0.99999999981757
Wassa_Amenfi_West,2022,0,1242.39852409376,0,WASSA AMENFI WEST,forest_zone,FZ,FOREST ZONE,0.99999999981757
Wassa_Amenfi_West,2023,0,1242.39852409376,0,WASSA AMENFI WEST,forest_zone,FZ,FOREST ZONE,0.99999999981757
Wassa_Amenfi_West,2024,0,1242.39852409376,0,WASSA AMENFI WEST,forest_zone,FZ,FOREST ZONE,0.99999999981757
Wassa_East,2001,1.28233828125,1416.56294207812,0.0905246242972297,WASSA EAST,forest_zone,FZ,FOREST ZONE,0.999999999689632
Wassa_East,2002,0,1416.56294207812,0,WASSA EAST,forest_zone,FZ,FOREST ZONE,0.999999999689632
Wassa_East,2003,0,1416.56294207812,0,WASSA EAST,forest_zone,FZ,FOREST ZONE,0.999999999689632
Wassa_East,2004,0,1416.56294207812,0,WASSA EAST,forest_zone,FZ,FOREST ZONE,0.999999999689632
Wassa_East,2005,0,1416.56294207812,0,WASSA EAST,forest_zone,FZ,FOREST ZONE,0.999999999689632
Wassa_East,2006,0,1416.56294207812,0,WASSA EAST,forest_zone,FZ,FOREST ZONE,0.999999999689632
Wassa_East,2007,0.854902625,1416.56294207812,0.0603504863501402,WASSA EAST,forest_zone,FZ,FOREST ZONE,0.999999999689632
Wassa_East,2008,2.564685609375,1416.56294207812,0.181049887244161,WASSA EAST,forest_zone,FZ,FOREST ZONE,0.999999999689632
Wassa_East,2009,0,1416.56294207812,0,WASSA EAST,forest_zone,FZ,FOREST ZONE,0.999999999689632
Wassa_East,2010,0,1416.56294207812,0,WASSA EAST,forest_zone,FZ,FOREST ZONE,0.999999999689632
Wassa_East,2011,0,1416.56294207812,0,WASSA EAST,forest_zone,FZ,FOREST ZONE,0.999999999689632
Wassa_East,2012,0,1416.56294207812,0,WASSA EAST,forest_zone,FZ,FOREST ZONE,0.999999999689632
Wassa_East,2013,0,1416.56294207812,0,WASSA EAST,forest_zone,FZ,FOREST ZONE,0.999999999689632
Wassa_East,2014,8.97636053125,1416.56294207812,0.633671845042166,WASSA EAST,forest_zone,FZ,FOREST ZONE,0.999999999689632
Wassa_East,2015,2.56467240625,1416.56294207812,0.181048955190624,WASSA EAST,forest_zone,FZ,FOREST ZONE,0.999999999689632
Wassa_East,2016,0,1416.56294207812,0,WASSA EAST,forest_zone,FZ,FOREST ZONE,0.999999999689632
Wassa_East,2017,0,1416.56294207812,0,WASSA EAST,forest_zone,FZ,FOREST ZONE,0.999999999689632
Wassa_East,2018,0,1416.56294207812,0,WASSA EAST,forest_zone,FZ,FOREST ZONE,0.999999999689632
Wassa_East,2019,0,1416.56294207812,0,WASSA EAST,forest_zone,FZ,FOREST ZONE,0.999999999689632
Wassa_East,2020,0,1416.56294207812,0,WASSA EAST,forest_zone,FZ,FOREST ZONE,0.999999999689632
Wassa_East,2021,0,1416.56294207812,0,WASSA EAST,forest_zone,FZ,FOREST ZONE,0.999999999689632
Wassa_East,2022,0,1416.56294207812,0,WASSA EAST,forest_zone,FZ,FOREST ZONE,0.999999999689632
Wassa_East,2023,0,1416.56294207812,0,WASSA EAST,forest_zone,FZ,FOREST ZONE,0.999999999689632
Wassa_East,2024,0,1416.56294207812,0,WASSA EAST,forest_zone,FZ,FOREST ZONE,0.999999999689632
Weija_Gbawe_Municipal,2001,0,61.98051725,0,WEIJA GBAWE MUNICIPAL,coastal_zone,CZ,COASTAL ZONE,0.999999998966221
Weija_Gbawe_Municipal,2002,0,61.98051725,0,WEIJA GBAWE MUNICIPAL,coastal_zone,CZ,COASTAL ZONE,0.999999998966221
Weija_Gbawe_Municipal,2003,0,61.98051725,0,WEIJA GBAWE MUNICIPAL,coastal_zone,CZ,COASTAL ZONE,0.999999998966221
Weija_Gbawe_Municipal,2004,0,61.98051725,0,WEIJA GBAWE MUNICIPAL,coastal_zone,CZ,COASTAL ZONE,0.999999998966221
Weija_Gbawe_Municipal,2005,0.213725828125,61.98051725,0.344827435471265,WEIJA GBAWE MUNICIPAL,coastal_zone,CZ,COASTAL ZONE,0.999999998966221
Weija_Gbawe_Municipal,2006,0,61.98051725,0,WEIJA GBAWE MUNICIPAL,coastal_zone,CZ,COASTAL ZONE,0.999999998966221
Weija_Gbawe_Municipal,2007,0,61.98051725,0,WEIJA GBAWE MUNICIPAL,coastal_zone,CZ,COASTAL ZONE,0.999999998966221
Weija_Gbawe_Municipal,2008,0,61.98051725,0,WEIJA GBAWE MUNICIPAL,coastal_zone,CZ,COASTAL ZONE,0.999999998966221
Weija_Gbawe_Municipal,2009,0,61.98051725,0,WEIJA GBAWE MUNICIPAL,coastal_zone,CZ,COASTAL ZONE,0.999999998966221
Weija_Gbawe_Municipal,2010,0,61.98051725,0,WEIJA GBAWE MUNICIPAL,coastal_zone,CZ,COASTAL ZONE,0.999999998966221
Weija_Gbawe_Municipal,2011,0,61.98051725,0,WEIJA GBAWE MUNICIPAL,coastal_zone,CZ,COASTAL ZONE,0.999999998966221
Weija_Gbawe_Municipal,2012,0,61.98051725,0,WEIJA GBAWE MUNICIPAL,coastal_zone,CZ,COASTAL ZONE,0.999999998966221
Weija_Gbawe_Municipal,2013,0,61.98051725,0,WEIJA GBAWE MUNICIPAL,coastal_zone,CZ,COASTAL ZONE,0.999999998966221
Weija_Gbawe_Municipal,2014,0,61.98051725,0,WEIJA GBAWE MUNICIPAL,coastal_zone,CZ,COASTAL ZONE,0.999999998966221
Weija_Gbawe_Municipal,2015,0,61.98051725,0,WEIJA GBAWE MUNICIPAL,coastal_zone,CZ,COASTAL ZONE,0.999999998966221
Weija_Gbawe_Municipal,2016,0,61.98051725,0,WEIJA GBAWE MUNICIPAL,coastal_zone,CZ,COASTAL ZONE,0.999999998966221
Weija_Gbawe_Municipal,2017,0,61.98051725,0,WEIJA GBAWE MUNICIPAL,coastal_zone,CZ,COASTAL ZONE,0.999999998966221
Weija_Gbawe_Municipal,2018,0,61.98051725,0,WEIJA GBAWE MUNICIPAL,coastal_zone,CZ,COASTAL ZONE,0.999999998966221
Weija_Gbawe_Municipal,2019,0,61.98051725,0,WEIJA GBAWE MUNICIPAL,coastal_zone,CZ,COASTAL ZONE,0.999999998966221
Weija_Gbawe_Municipal,2020,0,61.98051725,0,WEIJA GBAWE MUNICIPAL,coastal_zone,CZ,COASTAL ZONE,0.999999998966221
Weija_Gbawe_Municipal,2021,0.213726484375,61.98051725,0.344828494271722,WEIJA GBAWE MUNICIPAL,coastal_zone,CZ,COASTAL ZONE,0.999999998966221
Weija_Gbawe_Municipal,2022,0,61.98051725,0,WEIJA GBAWE MUNICIPAL,coastal_zone,CZ,COASTAL ZONE,0.999999998966221
Weija_Gbawe_Municipal,2023,0,61.98051725,0,WEIJA GBAWE MUNICIPAL,coastal_zone,CZ,COASTAL ZONE,0.999999998966221
Weija_Gbawe_Municipal,2024,0,61.98051725,0,WEIJA GBAWE MUNICIPAL,coastal_zone,CZ,COASTAL ZONE,0.999999998966221
Wenchi_Municipal,2001,220.16347059375,977.914046046876,22.5135809720435,WENCHI MUNICIPAL,transition_zone,TZ,TRANSITION ZONE,1
Wenchi_Municipal,2002,193.019915703125,977.914046046876,19.7379224159208,WENCHI MUNICIPAL,transition_zone,TZ,TRANSITION ZONE,1
Wenchi_Municipal,2003,95.5476090937501,977.914046046876,9.77055289061366,WENCHI MUNICIPAL,transition_zone,TZ,TRANSITION ZONE,1
Wenchi_Municipal,2004,150.6960218125,977.914046046876,15.4099455286151,WENCHI MUNICIPAL,transition_zone,TZ,TRANSITION ZONE,1
Wenchi_Municipal,2005,239.832109484375,977.914046046876,24.5248660098373,WENCHI MUNICIPAL,transition_zone,TZ,TRANSITION ZONE,1
Wenchi_Municipal,2006,219.311114640625,977.914046046876,22.4264203512741,WENCHI MUNICIPAL,transition_zone,TZ,TRANSITION ZONE,1
Wenchi_Municipal,2007,182.75848759375,977.914046046876,18.6886044159539,WENCHI MUNICIPAL,transition_zone,TZ,TRANSITION ZONE,1
Wenchi_Municipal,2008,188.530423984375,977.914046046876,19.2788338347824,WENCHI MUNICIPAL,transition_zone,TZ,TRANSITION ZONE,1
Wenchi_Municipal,2009,130.390337578125,977.914046046876,13.3335172048316,WENCHI MUNICIPAL,transition_zone,TZ,TRANSITION ZONE,1
Wenchi_Municipal,2010,133.381779609375,977.914046046876,13.6394175079659,WENCHI MUNICIPAL,transition_zone,TZ,TRANSITION ZONE,1
Wenchi_Municipal,2011,144.069575890625,977.914046046876,14.7323352674003,WENCHI MUNICIPAL,transition_zone,TZ,TRANSITION ZONE,1
Wenchi_Municipal,2012,105.166167859375,977.914046046876,10.7541320512267,WENCHI MUNICIPAL,transition_zone,TZ,TRANSITION ZONE,1
Wenchi_Municipal,2013,154.544095375,977.914046046876,15.8034436666218,WENCHI MUNICIPAL,transition_zone,TZ,TRANSITION ZONE,1
Wenchi_Municipal,2014,104.7390891875,977.914046046876,10.7104596371121,WENCHI MUNICIPAL,transition_zone,TZ,TRANSITION ZONE,1
Wenchi_Municipal,2015,201.78326659375,977.914046046876,20.63404932258,WENCHI MUNICIPAL,transition_zone,TZ,TRANSITION ZONE,1
Wenchi_Municipal,2016,137.230173890625,977.914046046876,14.0329484421831,WENCHI MUNICIPAL,transition_zone,TZ,TRANSITION ZONE,1
Wenchi_Municipal,2017,97.472006375,977.914046046876,9.96733882379757,WENCHI MUNICIPAL,transition_zone,TZ,TRANSITION ZONE,1
Wenchi_Municipal,2018,85.50153690625,977.914046046876,8.7432568590135,WENCHI MUNICIPAL,transition_zone,TZ,TRANSITION ZONE,1
Wenchi_Municipal,2019,117.7776051875,977.914046046876,12.0437584124704,WENCHI MUNICIPAL,transition_zone,TZ,TRANSITION ZONE,1
Wenchi_Municipal,2020,60.705786765625,977.914046046876,6.20768123855284,WENCHI MUNICIPAL,transition_zone,TZ,TRANSITION ZONE,1
Wenchi_Municipal,2021,14.96267565625,977.914046046876,1.53006040937189,WENCHI MUNICIPAL,transition_zone,TZ,TRANSITION ZONE,1
Wenchi_Municipal,2022,101.960395953125,977.914046046876,10.4263147017154,WENCHI MUNICIPAL,transition_zone,TZ,TRANSITION ZONE,1
Wenchi_Municipal,2023,89.134496578125,977.914046046876,9.11475777840012,WENCHI MUNICIPAL,transition_zone,TZ,TRANSITION ZONE,1
Wenchi_Municipal,2024,32.704190734375,977.914046046876,3.34428070305141,WENCHI MUNICIPAL,transition_zone,TZ,TRANSITION ZONE,1
West_Akim,2001,0,403.73519334375,0,WEST AKIM,forest_zone,FZ,FOREST ZONE,1
West_Akim,2002,0,403.73519334375,0,WEST AKIM,forest_zone,FZ,FOREST ZONE,1
West_Akim,2003,0,403.73519334375,0,WEST AKIM,forest_zone,FZ,FOREST ZONE,1
West_Akim,2004,2.56475334375,403.73519334375,0.635256322964718,WEST AKIM,forest_zone,FZ,FOREST ZONE,1
West_Akim,2005,0,403.73519334375,0,WEST AKIM,forest_zone,FZ,FOREST ZONE,1
West_Akim,2006,0,403.73519334375,0,WEST AKIM,forest_zone,FZ,FOREST ZONE,1
West_Akim,2007,0,403.73519334375,0,WEST AKIM,forest_zone,FZ,FOREST ZONE,1
West_Akim,2008,0,403.73519334375,0,WEST AKIM,forest_zone,FZ,FOREST ZONE,1
West_Akim,2009,0,403.73519334375,0,WEST AKIM,forest_zone,FZ,FOREST ZONE,1
West_Akim,2010,1.068647875,403.73519334375,0.264690295178238,WEST AKIM,forest_zone,FZ,FOREST ZONE,1
West_Akim,2011,0,403.73519334375,0,WEST AKIM,forest_zone,FZ,FOREST ZONE,1
West_Akim,2012,0,403.73519334375,0,WEST AKIM,forest_zone,FZ,FOREST ZONE,1
West_Akim,2013,0,403.73519334375,0,WEST AKIM,forest_zone,FZ,FOREST ZONE,1
West_Akim,2014,0,403.73519334375,0,WEST AKIM,forest_zone,FZ,FOREST ZONE,1
West_Akim,2015,0,403.73519334375,0,WEST AKIM,forest_zone,FZ,FOREST ZONE,1
West_Akim,2016,0,403.73519334375,0,WEST AKIM,forest_zone,FZ,FOREST ZONE,1
West_Akim,2017,0,403.73519334375,0,WEST AKIM,forest_zone,FZ,FOREST ZONE,1
West_Akim,2018,0,403.73519334375,0,WEST AKIM,forest_zone,FZ,FOREST ZONE,1
West_Akim,2019,0,403.73519334375,0,WEST AKIM,forest_zone,FZ,FOREST ZONE,1
West_Akim,2020,0.427460578125,403.73519334375,0.105876471799438,WEST AKIM,forest_zone,FZ,FOREST ZONE,1
West_Akim,2021,0,403.73519334375,0,WEST AKIM,forest_zone,FZ,FOREST ZONE,1
West_Akim,2022,0,403.73519334375,0,WEST AKIM,forest_zone,FZ,FOREST ZONE,1
West_Akim,2023,0.213730203125,403.73519334375,0.0529382146141085,WEST AKIM,forest_zone,FZ,FOREST ZONE,1
West_Akim,2024,0,403.73519334375,0,WEST AKIM,forest_zone,FZ,FOREST ZONE,1
West_Gonja,2001,2732.01479165625,4051.63475798451,67.4299376633666,WEST GONJA,guinea_savannah,GS,GUINEA SAVANNAH,1
West_Gonja,2002,2661.04595254691,4051.63475798451,65.6783276750901,WEST GONJA,guinea_savannah,GS,GUINEA SAVANNAH,1
West_Gonja,2003,3006.71397468759,4051.63475798451,74.209896851198,WEST GONJA,guinea_savannah,GS,GUINEA SAVANNAH,1
West_Gonja,2004,1514.37074517188,4051.63475798451,37.3767833388121,WEST GONJA,guinea_savannah,GS,GUINEA SAVANNAH,1
West_Gonja,2005,3103.97943845315,4051.63475798451,76.6105442336866,WEST GONJA,guinea_savannah,GS,GUINEA SAVANNAH,1
West_Gonja,2006,2996.45729593754,4051.63475798451,73.9567477061562,WEST GONJA,guinea_savannah,GS,GUINEA SAVANNAH,1
West_Gonja,2007,2737.36510850004,4051.63475798451,67.5619909495926,WEST GONJA,guinea_savannah,GS,GUINEA SAVANNAH,1
West_Gonja,2008,2385.06452120312,4051.63475798451,58.8667208094931,WEST GONJA,guinea_savannah,GS,GUINEA SAVANNAH,1
West_Gonja,2009,2528.7240730625,4051.63475798451,62.4124390304227,WEST GONJA,guinea_savannah,GS,GUINEA SAVANNAH,1
West_Gonja,2010,1691.80286875,4051.63475798451,41.7560557603567,WEST GONJA,guinea_savannah,GS,GUINEA SAVANNAH,1
West_Gonja,2011,3005.65098443753,4051.63475798451,74.1836607683928,WEST GONJA,guinea_savannah,GS,GUINEA SAVANNAH,1
West_Gonja,2012,2211.90883956251,4051.63475798451,54.5929969428641,WEST GONJA,guinea_savannah,GS,GUINEA SAVANNAH,1
West_Gonja,2013,3329.72866800008,4051.63475798451,82.1823502584535,WEST GONJA,guinea_savannah,GS,GUINEA SAVANNAH,1
West_Gonja,2014,3096.92949310946,4051.63475798451,76.4365417442028,WEST GONJA,guinea_savannah,GS,GUINEA SAVANNAH,1
West_Gonja,2015,2080.44251296874,4051.63475798451,51.3482245374866,WEST GONJA,guinea_savannah,GS,GUINEA SAVANNAH,1
West_Gonja,2016,2931.68257592189,4051.63475798451,72.3580172211836,WEST GONJA,guinea_savannah,GS,GUINEA SAVANNAH,1
West_Gonja,2017,2527.22902478125,4051.63475798451,62.3755391524584,WEST GONJA,guinea_savannah,GS,GUINEA SAVANNAH,1
West_Gonja,2018,2182.19728895312,4051.63475798451,53.8596744105003,WEST GONJA,guinea_savannah,GS,GUINEA SAVANNAH,1
West_Gonja,2019,2556.72877604688,4051.63475798451,63.1036341814465,WEST GONJA,guinea_savannah,GS,GUINEA SAVANNAH,1
West_Gonja,2020,2839.97496545312,4051.63475798451,70.0945454142037,WEST GONJA,guinea_savannah,GS,GUINEA SAVANNAH,1
West_Gonja,2021,1949.61458160937,4051.63475798451,48.1192086173929,WEST GONJA,guinea_savannah,GS,GUINEA SAVANNAH,1
West_Gonja,2022,2419.27292337499,4051.63475798451,59.7110319139047,WEST GONJA,guinea_savannah,GS,GUINEA SAVANNAH,1
West_Gonja,2023,2508.84552596874,4051.63475798451,61.921808747064,WEST GONJA,guinea_savannah,GS,GUINEA SAVANNAH,1
West_Gonja,2024,2229.87011476562,4051.63475798451,55.0363062803535,WEST GONJA,guinea_savannah,GS,GUINEA SAVANNAH,1
West_Mamprusi_Municipal,2001,1110.003836875,2239.67603506247,49.5609105735706,WEST MAMPRUSI MUNICIPAL,guinea_savannah,GS,GUINEA SAVANNAH,0.999999999671738
West_Mamprusi_Municipal,2002,1149.12708679688,2239.67603506247,51.3077368694006,WEST MAMPRUSI MUNICIPAL,guinea_savannah,GS,GUINEA SAVANNAH,0.999999999671738
West_Mamprusi_Municipal,2003,1014.65189264063,2239.67603506247,45.3035116131127,WEST MAMPRUSI MUNICIPAL,guinea_savannah,GS,GUINEA SAVANNAH,0.999999999671738
West_Mamprusi_Municipal,2004,1033.68110776563,2239.67603506247,46.153153026741,WEST MAMPRUSI MUNICIPAL,guinea_savannah,GS,GUINEA SAVANNAH,0.999999999671738
West_Mamprusi_Municipal,2005,1211.98068923437,2239.67603506247,54.1141071414183,WEST MAMPRUSI MUNICIPAL,guinea_savannah,GS,GUINEA SAVANNAH,0.999999999671738
West_Mamprusi_Municipal,2006,985.790647234377,2239.67603506247,44.0148767858241,WEST MAMPRUSI MUNICIPAL,guinea_savannah,GS,GUINEA SAVANNAH,0.999999999671738
West_Mamprusi_Municipal,2007,875.473243281253,2239.67603506247,39.0892803055257,WEST MAMPRUSI MUNICIPAL,guinea_savannah,GS,GUINEA SAVANNAH,0.999999999671738
West_Mamprusi_Municipal,2008,673.869256750002,2239.67603506247,30.0878004765188,WEST MAMPRUSI MUNICIPAL,guinea_savannah,GS,GUINEA SAVANNAH,0.999999999671738
West_Mamprusi_Municipal,2009,622.773899593752,2239.67603506247,27.8064277977766,WEST MAMPRUSI MUNICIPAL,guinea_savannah,GS,GUINEA SAVANNAH,0.999999999671738
West_Mamprusi_Municipal,2010,695.676061437503,2239.67603506247,31.0614593604873,WEST MAMPRUSI MUNICIPAL,guinea_savannah,GS,GUINEA SAVANNAH,0.999999999671738
West_Mamprusi_Municipal,2011,1223.30942439063,2239.67603506247,54.6199274019784,WEST MAMPRUSI MUNICIPAL,guinea_savannah,GS,GUINEA SAVANNAH,0.999999999671738
West_Mamprusi_Municipal,2012,761.309077593753,2239.67603506247,33.9919285501717,WEST MAMPRUSI MUNICIPAL,guinea_savannah,GS,GUINEA SAVANNAH,0.999999999671738
West_Mamprusi_Municipal,2013,966.121452843754,2239.67603506247,43.1366607365965,WEST MAMPRUSI MUNICIPAL,guinea_savannah,GS,GUINEA SAVANNAH,0.999999999671738
West_Mamprusi_Municipal,2014,855.376328093754,2239.67603506247,38.1919668158567,WEST MAMPRUSI MUNICIPAL,guinea_savannah,GS,GUINEA SAVANNAH,0.999999999671738
West_Mamprusi_Municipal,2015,745.487457859376,2239.67603506247,33.2855040724041,WEST MAMPRUSI MUNICIPAL,guinea_savannah,GS,GUINEA SAVANNAH,0.999999999671738
West_Mamprusi_Municipal,2016,886.377362609378,2239.67603506247,39.5761417603709,WEST MAMPRUSI MUNICIPAL,guinea_savannah,GS,GUINEA SAVANNAH,0.999999999671738
West_Mamprusi_Municipal,2017,869.061713781252,2239.67603506247,38.8030099075026,WEST MAMPRUSI MUNICIPAL,guinea_savannah,GS,GUINEA SAVANNAH,0.999999999671738
West_Mamprusi_Municipal,2018,621.916547250001,2239.67603506247,27.7681476032159,WEST MAMPRUSI MUNICIPAL,guinea_savannah,GS,GUINEA SAVANNAH,0.999999999671738
West_Mamprusi_Municipal,2019,661.466984546878,2239.67603506247,29.5340475225663,WEST MAMPRUSI MUNICIPAL,guinea_savannah,GS,GUINEA SAVANNAH,0.999999999671738
West_Mamprusi_Municipal,2020,999.470060843749,2239.67603506247,44.6256532282747,WEST MAMPRUSI MUNICIPAL,guinea_savannah,GS,GUINEA SAVANNAH,0.999999999671738
West_Mamprusi_Municipal,2021,940.892671812501,2239.67603506247,42.0102129541363,WEST MAMPRUSI MUNICIPAL,guinea_savannah,GS,GUINEA SAVANNAH,0.999999999671738
West_Mamprusi_Municipal,2022,1121.3340884375,2239.67603506247,50.06679854063,WEST MAMPRUSI MUNICIPAL,guinea_savannah,GS,GUINEA SAVANNAH,0.999999999671738
West_Mamprusi_Municipal,2023,782.688832093755,2239.67603506247,34.9465199359479,WEST MAMPRUSI MUNICIPAL,guinea_savannah,GS,GUINEA SAVANNAH,0.999999999671738
West_Mamprusi_Municipal,2024,582.580311953126,2239.67603506247,26.011811656362,WEST MAMPRUSI MUNICIPAL,guinea_savannah,GS,GUINEA SAVANNAH,0.999999999671738
Yendi_Municipal,2001,436.3184438125,1238.40685292187,35.2322375141143,YENDI MUNICIPAL,guinea_savannah,GS,GUINEA SAVANNAH,1
Yendi_Municipal,2002,491.258796078125,1238.40685292187,39.6686109188641,YENDI MUNICIPAL,guinea_savannah,GS,GUINEA SAVANNAH,1
Yendi_Municipal,2003,450.4276453125,1238.40685292187,36.3715401162204,YENDI MUNICIPAL,guinea_savannah,GS,GUINEA SAVANNAH,1
Yendi_Municipal,2004,271.496020765625,1238.40685292187,21.9230069766704,YENDI MUNICIPAL,guinea_savannah,GS,GUINEA SAVANNAH,1
Yendi_Municipal,2005,576.555517453126,1238.40685292187,46.5562279547157,YENDI MUNICIPAL,guinea_savannah,GS,GUINEA SAVANNAH,1
Yendi_Municipal,2006,378.81293253125,1238.40685292187,30.5887303221464,YENDI MUNICIPAL,guinea_savannah,GS,GUINEA SAVANNAH,1
Yendi_Municipal,2007,442.304218203125,1238.40685292187,35.7155822546979,YENDI MUNICIPAL,guinea_savannah,GS,GUINEA SAVANNAH,1
Yendi_Municipal,2008,255.035560875,1238.40685292187,20.593842829057,YENDI MUNICIPAL,guinea_savannah,GS,GUINEA SAVANNAH,1
Yendi_Municipal,2009,309.76282934375,1238.40685292187,25.0130099500744,YENDI MUNICIPAL,guinea_savannah,GS,GUINEA SAVANNAH,1
Yendi_Municipal,2010,376.67484209375,1238.40685292187,30.4160818558967,YENDI MUNICIPAL,guinea_savannah,GS,GUINEA SAVANNAH,1
Yendi_Municipal,2011,564.798776703126,1238.40685292187,45.6068839873224,YENDI MUNICIPAL,guinea_savannah,GS,GUINEA SAVANNAH,1
Yendi_Municipal,2012,324.2995538125,1238.40685292187,26.1868345646954,YENDI MUNICIPAL,guinea_savannah,GS,GUINEA SAVANNAH,1
Yendi_Municipal,2013,630.21524996875,1238.40685292187,50.8891927141582,YENDI MUNICIPAL,guinea_savannah,GS,GUINEA SAVANNAH,1
Yendi_Municipal,2014,373.896352375,1238.40685292187,30.1917218475365,YENDI MUNICIPAL,guinea_savannah,GS,GUINEA SAVANNAH,1
Yendi_Municipal,2015,435.036961015625,1238.40685292187,35.1287591787149,YENDI MUNICIPAL,guinea_savannah,GS,GUINEA SAVANNAH,1
Yendi_Municipal,2016,459.834132421876,1238.40685292187,37.1311036705711,YENDI MUNICIPAL,guinea_savannah,GS,GUINEA SAVANNAH,1
Yendi_Municipal,2017,534.016019140626,1238.40685292187,43.1212099546026,YENDI MUNICIPAL,guinea_savannah,GS,GUINEA SAVANNAH,1
Yendi_Municipal,2018,234.513793203125,1238.40685292187,18.9367325164439,YENDI MUNICIPAL,guinea_savannah,GS,GUINEA SAVANNAH,1
Yendi_Municipal,2019,591.308475359374,1238.40685292187,47.7475131831074,YENDI MUNICIPAL,guinea_savannah,GS,GUINEA SAVANNAH,1
Yendi_Municipal,2020,579.336308453126,1238.40685292187,46.7807737890221,YENDI MUNICIPAL,guinea_savannah,GS,GUINEA SAVANNAH,1
Yendi_Municipal,2021,490.19187428125,1238.40685292187,39.5824581497351,YENDI MUNICIPAL,guinea_savannah,GS,GUINEA SAVANNAH,1
Yendi_Municipal,2022,595.582829375,1238.40685292187,48.0926625987087,YENDI MUNICIPAL,guinea_savannah,GS,GUINEA SAVANNAH,1
Yendi_Municipal,2023,285.820284046875,1238.40685292187,23.0796755825856,YENDI MUNICIPAL,guinea_savannah,GS,GUINEA SAVANNAH,1
Yendi_Municipal,2024,534.869990031248,1238.40685292187,43.1901671707718,YENDI MUNICIPAL,guinea_savannah,GS,GUINEA SAVANNAH,1
Yilo_Krobo,2001,4.91584925,411.862011234374,1.19356704816424,YILO KROBO,forest_zone,FZ,FOREST ZONE,0.999999999248656
Yilo_Krobo,2002,19.66335809375,411.862011234374,4.77425874622857,YILO KROBO,forest_zone,FZ,FOREST ZONE,0.999999999248656
Yilo_Krobo,2003,7.0531424375,411.862011234374,1.71250133421175,YILO KROBO,forest_zone,FZ,FOREST ZONE,0.999999999248656
Yilo_Krobo,2004,6.411977046875,411.862011234374,1.55682652732597,YILO KROBO,forest_zone,FZ,FOREST ZONE,0.999999999248656
Yilo_Krobo,2005,32.273482828125,411.862011234374,7.83599408243541,YILO KROBO,forest_zone,FZ,FOREST ZONE,0.999999999248656
Yilo_Krobo,2006,31.632329375,411.862011234374,7.68032217397184,YILO KROBO,forest_zone,FZ,FOREST ZONE,0.999999999248656
Yilo_Krobo,2007,32.059871046875,411.862011234374,7.78412919190817,YILO KROBO,forest_zone,FZ,FOREST ZONE,0.999999999248656
Yilo_Krobo,2008,23.72427171875,411.862011234374,5.76024762459811,YILO KROBO,forest_zone,FZ,FOREST ZONE,0.999999999248656
Yilo_Krobo,2009,27.57135271875,411.862011234374,6.69431799162955,YILO KROBO,forest_zone,FZ,FOREST ZONE,0.999999999248656
Yilo_Krobo,2010,1.923598984375,411.862011234374,0.467049383508293,YILO KROBO,forest_zone,FZ,FOREST ZONE,0.999999999248656
Yilo_Krobo,2011,23.5104865625,411.862011234374,5.70834063866142,YILO KROBO,forest_zone,FZ,FOREST ZONE,0.999999999248656
Yilo_Krobo,2012,11.1140880625,411.862011234374,2.6984979821738,YILO KROBO,forest_zone,FZ,FOREST ZONE,0.999999999248656
Yilo_Krobo,2013,13.251341890625,411.862011234374,3.21742271177426,YILO KROBO,forest_zone,FZ,FOREST ZONE,0.999999999248656
Yilo_Krobo,2014,5.3432891875,411.862011234374,1.29734936501812,YILO KROBO,forest_zone,FZ,FOREST ZONE,0.999999999248656
Yilo_Krobo,2015,30.1361558125,411.862011234374,7.31705158292707,YILO KROBO,forest_zone,FZ,FOREST ZONE,0.999999999248656
Yilo_Krobo,2016,67.7530042968749,411.862011234374,16.4504135969752,YILO KROBO,forest_zone,FZ,FOREST ZONE,0.999999999248656
Yilo_Krobo,2017,8.7630348125,411.862011234374,2.12766280294623,YILO KROBO,forest_zone,FZ,FOREST ZONE,0.999999999248656
Yilo_Krobo,2018,13.6788428125,411.862011234374,3.32121983562012,YILO KROBO,forest_zone,FZ,FOREST ZONE,0.999999999248656
Yilo_Krobo,2019,1.709850625,411.862011234374,0.415151331844246,YILO KROBO,forest_zone,FZ,FOREST ZONE,0.999999999248656
Yilo_Krobo,2020,76.516199671875,411.862011234374,18.5781153844589,YILO KROBO,forest_zone,FZ,FOREST ZONE,0.999999999248656
Yilo_Krobo,2021,4.488377734375,411.862011234374,1.089777064149,YILO KROBO,forest_zone,FZ,FOREST ZONE,0.999999999248656
Yilo_Krobo,2022,62.196117765625,411.862011234374,15.1012028468515,YILO KROBO,forest_zone,FZ,FOREST ZONE,0.999999999248656
Yilo_Krobo,2023,25.006737796875,411.862011234374,6.07163008841927,YILO KROBO,forest_zone,FZ,FOREST ZONE,0.999999999248656
Yilo_Krobo,2024,12.610190828125,411.862011234374,3.06175138375388,YILO KROBO,forest_zone,FZ,FOREST ZONE,0.999999999248656
Yunyoo_Nasuan,2001,180.22745315625,418.392927984376,43.0761232089898,YUNYOO-NASUAN,guinea_savannah,GS,GUINEA SAVANNAH,1
Yunyoo_Nasuan,2002,201.179235765625,418.392927984376,48.083804077381,YUNYOO-NASUAN,guinea_savannah,GS,GUINEA SAVANNAH,1
Yunyoo_Nasuan,2003,155.21363896875,418.392927984376,37.0975770829821,YUNYOO-NASUAN,guinea_savannah,GS,GUINEA SAVANNAH,1
Yunyoo_Nasuan,2004,136.39987559375,418.392927984376,32.6009037128953,YUNYOO-NASUAN,guinea_savannah,GS,GUINEA SAVANNAH,1
Yunyoo_Nasuan,2005,303.585837140625,418.392927984376,72.5599829335456,YUNYOO-NASUAN,guinea_savannah,GS,GUINEA SAVANNAH,1
Yunyoo_Nasuan,2006,177.661856375,418.392927984376,42.4629204969818,YUNYOO-NASUAN,guinea_savannah,GS,GUINEA SAVANNAH,1
Yunyoo_Nasuan,2007,113.951516984375,418.392927984376,27.2355265499684,YUNYOO-NASUAN,guinea_savannah,GS,GUINEA SAVANNAH,1
Yunyoo_Nasuan,2008,231.965343765625,418.392927984376,55.4419848545546,YUNYOO-NASUAN,guinea_savannah,GS,GUINEA SAVANNAH,1
Yunyoo_Nasuan,2009,181.296394984375,418.392927984376,43.3316107558933,YUNYOO-NASUAN,guinea_savannah,GS,GUINEA SAVANNAH,1
Yunyoo_Nasuan,2010,124.4272839375,418.392927984376,29.7393372629248,YUNYOO-NASUAN,guinea_savannah,GS,GUINEA SAVANNAH,1
Yunyoo_Nasuan,2011,221.70309128125,418.392927984376,52.989206186948,YUNYOO-NASUAN,guinea_savannah,GS,GUINEA SAVANNAH,1
Yunyoo_Nasuan,2012,121.648104546875,418.392927984376,29.0750862192913,YUNYOO-NASUAN,guinea_savannah,GS,GUINEA SAVANNAH,1
Yunyoo_Nasuan,2013,146.448050265625,418.392927984376,35.0025156904884,YUNYOO-NASUAN,guinea_savannah,GS,GUINEA SAVANNAH,1
Yunyoo_Nasuan,2014,125.9238771875,418.392927984376,30.0970376803793,YUNYOO-NASUAN,guinea_savannah,GS,GUINEA SAVANNAH,1
Yunyoo_Nasuan,2015,139.820281734375,418.392927984376,33.4184142184153,YUNYOO-NASUAN,guinea_savannah,GS,GUINEA SAVANNAH,1
Yunyoo_Nasuan,2016,194.7652631875,418.392927984376,46.5508019281753,YUNYOO-NASUAN,guinea_savannah,GS,GUINEA SAVANNAH,1
Yunyoo_Nasuan,2017,174.882345328125,418.392927984376,41.7985901842622,YUNYOO-NASUAN,guinea_savannah,GS,GUINEA SAVANNAH,1
Yunyoo_Nasuan,2018,114.8064943125,418.392927984376,27.4398744896537,YUNYOO-NASUAN,guinea_savannah,GS,GUINEA SAVANNAH,1
Yunyoo_Nasuan,2019,116.517018765625,418.392927984376,27.8487065560477,YUNYOO-NASUAN,guinea_savannah,GS,GUINEA SAVANNAH,1
Yunyoo_Nasuan,2020,110.744592609375,418.392927984376,26.4690402734318,YUNYOO-NASUAN,guinea_savannah,GS,GUINEA SAVANNAH,1
Yunyoo_Nasuan,2021,140.675508859375,418.392927984376,33.6228218619958,YUNYOO-NASUAN,guinea_savannah,GS,GUINEA SAVANNAH,1
Yunyoo_Nasuan,2022,194.123799703125,418.392927984376,46.3974858844589,YUNYOO-NASUAN,guinea_savannah,GS,GUINEA SAVANNAH,1
Yunyoo_Nasuan,2023,84.448190859375,418.392927984376,20.183943181403,YUNYOO-NASUAN,guinea_savannah,GS,GUINEA SAVANNAH,1
Yunyoo_Nasuan,2024,89.5790653281251,418.392927984376,21.4102723388934,YUNYOO-NASUAN,guinea_savannah,GS,GUINEA SAVANNAH,1
Zabzugu,2001,351.01228590625,945.937633250004,37.1073391699472,ZABZUGU,guinea_savannah,GS,GUINEA SAVANNAH,0.999999999999999
Zabzugu,2002,296.927603703125,945.937633250004,31.3897653783956,ZABZUGU,guinea_savannah,GS,GUINEA SAVANNAH,0.999999999999999
Zabzugu,2003,426.045071578125,945.937633250004,45.0394462174363,ZABZUGU,guinea_savannah,GS,GUINEA SAVANNAH,0.999999999999999
Zabzugu,2004,179.995907546875,945.937633250004,19.0283060129931,ZABZUGU,guinea_savannah,GS,GUINEA SAVANNAH,0.999999999999999
Zabzugu,2005,670.812927171874,945.937633250004,70.9151326253011,ZABZUGU,guinea_savannah,GS,GUINEA SAVANNAH,0.999999999999999
Zabzugu,2006,271.489005828125,945.937633250004,28.7005185421534,ZABZUGU,guinea_savannah,GS,GUINEA SAVANNAH,0.999999999999999
Zabzugu,2007,217.61925765625,945.937633250004,23.0056665478637,ZABZUGU,guinea_savannah,GS,GUINEA SAVANNAH,0.999999999999999
Zabzugu,2008,378.586154328125,945.937633250004,40.0223165905133,ZABZUGU,guinea_savannah,GS,GUINEA SAVANNAH,0.999999999999999
Zabzugu,2009,152.41844084375,945.937633250004,16.1129481993521,ZABZUGU,guinea_savannah,GS,GUINEA SAVANNAH,0.999999999999999
Zabzugu,2010,262.083172984375,945.937633250004,27.7061789035629,ZABZUGU,guinea_savannah,GS,GUINEA SAVANNAH,0.999999999999999
Zabzugu,2011,360.203237390625,945.937633250004,38.0789625794945,ZABZUGU,guinea_savannah,GS,GUINEA SAVANNAH,0.999999999999999
Zabzugu,2012,272.984864859375,945.937633250004,28.8586536008159,ZABZUGU,guinea_savannah,GS,GUINEA SAVANNAH,0.999999999999999
Zabzugu,2013,195.599197859375,945.937633250004,20.6778111985402,ZABZUGU,guinea_savannah,GS,GUINEA SAVANNAH,0.999999999999999
Zabzugu,2014,266.998935,945.937633250004,28.2258497405013,ZABZUGU,guinea_savannah,GS,GUINEA SAVANNAH,0.999999999999999
Zabzugu,2015,246.2635885625,945.937633250004,26.0338081398031,ZABZUGU,guinea_savannah,GS,GUINEA SAVANNAH,0.999999999999999
Zabzugu,2016,326.428617671875,945.937633250004,34.5084714042244,ZABZUGU,guinea_savannah,GS,GUINEA SAVANNAH,0.999999999999999
Zabzugu,2017,294.575939984374,945.937633250004,31.1411587434454,ZABZUGU,guinea_savannah,GS,GUINEA SAVANNAH,0.999999999999999
Zabzugu,2018,154.55624828125,945.937633250004,16.3389469716131,ZABZUGU,guinea_savannah,GS,GUINEA SAVANNAH,0.999999999999999
Zabzugu,2019,225.7423270625,945.937633250004,23.8643985742386,ZABZUGU,guinea_savannah,GS,GUINEA SAVANNAH,0.999999999999999
Zabzugu,2020,199.447594203125,945.937633250004,21.0846452443036,ZABZUGU,guinea_savannah,GS,GUINEA SAVANNAH,0.999999999999999
Zabzugu,2021,203.082329234375,945.937633250004,21.4688920385412,ZABZUGU,guinea_savannah,GS,GUINEA SAVANNAH,0.999999999999999
Zabzugu,2022,303.98246403125,945.937633250004,32.1355714527228,ZABZUGU,guinea_savannah,GS,GUINEA SAVANNAH,0.999999999999999
Zabzugu,2023,77.5990010781249,945.937633250004,8.20339506014939,ZABZUGU,guinea_savannah,GS,GUINEA SAVANNAH,0.999999999999999
Zabzugu,2024,242.629340828125,945.937633250004,25.6496128602592,ZABZUGU,guinea_savannah,GS,GUINEA SAVANNAH,0.999999999999999
